   1934503:	binding file linux-vdso.so.1 [0] to linux-vdso.so.1 [0]: normal symbol `__vdso_clock_gettime' [LINUX_2.6]
   1934503:	binding file linux-vdso.so.1 [0] to linux-vdso.so.1 [0]: normal symbol `__vdso_gettimeofday' [LINUX_2.6]
   1934503:	binding file linux-vdso.so.1 [0] to linux-vdso.so.1 [0]: normal symbol `__vdso_time' [LINUX_2.6]
   1934503:	binding file linux-vdso.so.1 [0] to linux-vdso.so.1 [0]: normal symbol `__vdso_getcpu' [LINUX_2.6]
   1934503:	binding file linux-vdso.so.1 [0] to linux-vdso.so.1 [0]: normal symbol `__vdso_clock_getres' [LINUX_2.6]
   1934503:	binding file /lib64/libc.so.6 [0] to /lib64/libc.so.6 [0]: normal symbol `_res' [GLIBC_2.2.5]
   1934503:	binding file /lib64/libc.so.6 [0] to /lib64/libc.so.6 [0]: normal symbol `svc_max_pollfd' [GLIBC_2.2.5]
   1934503:	binding file /lib64/libc.so.6 [0] to /lib64/libc.so.6 [0]: normal symbol `obstack_alloc_failed_handler' [GLIBC_2.2.5]
   1934503:	binding file /lib64/libc.so.6 [0] to /lib64/libc.so.6 [0]: normal symbol `__ctype_toupper' [GLIBC_2.2.5]
   1934503:	binding file /lib64/libc.so.6 [0] to /lib64/libc.so.6 [0]: normal symbol `loc1' [GLIBC_2.2.5]
   1934503:	binding file /lib64/libc.so.6 [0] to /lib64/ld-linux-x86-64.so.2 [0]: normal symbol `_dl_argv' [GLIBC_PRIVATE]
   1934503:	binding file /lib64/libc.so.6 [0] to /lib64/libc.so.6 [0]: normal symbol `__libc_single_threaded' [GLIBC_2.32]
   1934503:	binding file /lib64/libc.so.6 [0] to /lib64/libc.so.6 [0]: normal symbol `free' [GLIBC_2.2.5]
   1934503:	binding file /lib64/libc.so.6 [0] to /lib64/libc.so.6 [0]: normal symbol `re_syntax_options' [GLIBC_2.2.5]
   1934503:	binding file /lib64/libc.so.6 [0] to /lib64/libc.so.6 [0]: normal symbol `rpc_createerr' [GLIBC_2.2.5]
   1934503:	binding file /lib64/libc.so.6 [0] to /lib64/libc.so.6 [0]: normal symbol `stdout' [GLIBC_2.2.5]
   1934503:	binding file /lib64/libc.so.6 [0] to /lib64/libc.so.6 [0]: normal symbol `__ctype32_toupper' [GLIBC_2.2.5]
   1934503:	binding file /lib64/libc.so.6 [0] to /lib64/libc.so.6 [0]: normal symbol `opterr' [GLIBC_2.2.5]
   1934503:	binding file /lib64/libc.so.6 [0] to /lib64/libc.so.6 [0]: normal symbol `getdate_err' [GLIBC_2.2.5]
   1934503:	binding file /lib64/libc.so.6 [0] to /lib64/libc.so.6 [0]: normal symbol `__curbrk' [GLIBC_2.2.5]
   1934503:	binding file /lib64/libc.so.6 [0] to /lib64/libc.so.6 [0]: normal symbol `loc2' [GLIBC_2.2.5]
   1934503:	binding file /lib64/libc.so.6 [0] to /lib64/libc.so.6 [0]: normal symbol `program_invocation_name' [GLIBC_2.2.5]
   1934503:	binding file /lib64/libc.so.6 [0] to /lib64/libc.so.6 [0]: normal symbol `__fpu_control' [GLIBC_2.2.5]
   1934503:	binding file /lib64/libc.so.6 [0] to /lib64/ld-linux-x86-64.so.2 [0]: normal symbol `__libc_enable_secure' [GLIBC_PRIVATE]
   1934503:	binding file /lib64/libc.so.6 [0] to /lib64/libc.so.6 [0]: normal symbol `_IO_2_1_stderr_' [GLIBC_2.2.5]
   1934503:	binding file /lib64/libc.so.6 [0] to /lib64/libc.so.6 [0]: normal symbol `_IO_2_1_stderr_' [GLIBC_2.2.5]
   1934503:	binding file /lib64/libc.so.6 [0] to /lib64/libc.so.6 [0]: normal symbol `__rcmd_errstr' [GLIBC_2.2.5]
   1934503:	binding file /lib64/libc.so.6 [0] to /lib64/libc.so.6 [0]: normal symbol `__ctype_b' [GLIBC_2.2.5]
   1934503:	binding file /lib64/libc.so.6 [0] to /lib64/libc.so.6 [0]: normal symbol `error_print_progname' [GLIBC_2.2.5]
   1934503:	binding file /lib64/libc.so.6 [0] to /lib64/libc.so.6 [0]: normal symbol `stderr' [GLIBC_2.2.5]
   1934503:	binding file /lib64/libc.so.6 [0] to /lib64/libc.so.6 [0]: normal symbol `obstack_exit_failure' [GLIBC_2.2.5]
   1934503:	binding file /lib64/libc.so.6 [0] to /lib64/ld-linux-x86-64.so.2 [0]: normal symbol `__libc_stack_end' [GLIBC_2.2.5]
   1934503:	binding file /lib64/libc.so.6 [0] to /lib64/libc.so.6 [0]: normal symbol `__key_encryptsession_pk_LOCAL' [GLIBC_2.2.5]
   1934503:	binding file /lib64/libc.so.6 [0] to /lib64/ld-linux-x86-64.so.2 [0]: normal symbol `_rtld_global_ro' [GLIBC_PRIVATE]
   1934503:	binding file /lib64/libc.so.6 [0] to /lib64/libc.so.6 [0]: normal symbol `argp_program_version' [GLIBC_2.2.5]
   1934503:	binding file /lib64/libc.so.6 [0] to /lib64/libc.so.6 [0]: normal symbol `svcauthdes_stats' [GLIBC_2.2.5]
   1934503:	binding file /lib64/libc.so.6 [0] to /lib64/libc.so.6 [0]: normal symbol `__check_rhosts_file' [GLIBC_2.2.5]
   1934503:	binding file /lib64/libc.so.6 [0] to /lib64/libc.so.6 [0]: normal symbol `optind' [GLIBC_2.2.5]
   1934503:	binding file /lib64/libc.so.6 [0] to /lib64/libc.so.6 [0]: normal symbol `_IO_2_1_stdin_' [GLIBC_2.2.5]
   1934503:	binding file /lib64/libc.so.6 [0] to /lib64/libc.so.6 [0]: normal symbol `_IO_2_1_stdin_' [GLIBC_2.2.5]
   1934503:	binding file /lib64/libc.so.6 [0] to /lib64/libc.so.6 [0]: normal symbol `program_invocation_short_name' [GLIBC_2.2.5]
   1934503:	binding file /lib64/libc.so.6 [0] to /lib64/libc.so.6 [0]: normal symbol `__ctype32_tolower' [GLIBC_2.2.5]
   1934503:	binding file /lib64/libc.so.6 [0] to /lib64/libc.so.6 [0]: normal symbol `error_message_count' [GLIBC_2.2.5]
   1934503:	binding file /lib64/libc.so.6 [0] to /lib64/libc.so.6 [0]: normal symbol `optopt' [GLIBC_2.2.5]
   1934503:	binding file /lib64/libc.so.6 [0] to /lib64/libc.so.6 [0]: normal symbol `__ctype32_b' [GLIBC_2.2.5]
   1934503:	binding file /lib64/libc.so.6 [0] to /lib64/libc.so.6 [0]: normal symbol `_nl_msg_cat_cntr' [GLIBC_2.2.5]
   1934503:	binding file /lib64/libc.so.6 [0] to /lib64/libc.so.6 [0]: normal symbol `__daylight' [GLIBC_2.2.5]
   1934503:	binding file /lib64/libc.so.6 [0] to /lib64/libc.so.6 [0]: normal symbol `_nl_domain_bindings' [GLIBC_2.2.5]
   1934503:	binding file /lib64/libc.so.6 [0] to /lib64/libc.so.6 [0]: normal symbol `argp_program_bug_address' [GLIBC_2.2.5]
   1934503:	binding file /lib64/libc.so.6 [0] to /lib64/libc.so.6 [0]: normal symbol `_IO_funlockfile' [GLIBC_2.2.5]
   1934503:	binding file /lib64/libc.so.6 [0] to /lib64/libc.so.6 [0]: normal symbol `svc_fdset' [GLIBC_2.2.5]
   1934503:	binding file /lib64/libc.so.6 [0] to /lib64/ld-linux-x86-64.so.2 [0]: normal symbol `__rseq_size' [GLIBC_2.35]
   1934503:	binding file /lib64/libc.so.6 [0] to /lib64/libc.so.6 [0]: normal symbol `__libc_dlerror_result' [GLIBC_PRIVATE]
   1934503:	binding file /lib64/libc.so.6 [0] to /lib64/libc.so.6 [0]: normal symbol `stdin' [GLIBC_2.2.5]
   1934503:	binding file /lib64/libc.so.6 [0] to /lib64/libc.so.6 [0]: normal symbol `__timezone' [GLIBC_2.2.5]
   1934503:	binding file /lib64/libc.so.6 [0] to /lib64/libc.so.6 [0]: normal symbol `__ctype_tolower' [GLIBC_2.2.5]
   1934503:	binding file /lib64/libc.so.6 [0] to /lib64/libc.so.6 [0]: normal symbol `_IO_2_1_stdout_' [GLIBC_2.2.5]
   1934503:	binding file /lib64/libc.so.6 [0] to /lib64/libc.so.6 [0]: normal symbol `_IO_2_1_stdout_' [GLIBC_2.2.5]
   1934503:	binding file /lib64/libc.so.6 [0] to /lib64/libc.so.6 [0]: normal symbol `__tzname' [GLIBC_2.2.5]
   1934503:	binding file /lib64/libc.so.6 [0] to /lib64/libc.so.6 [0]: normal symbol `error_one_per_line' [GLIBC_2.2.5]
   1934503:	binding file /lib64/libc.so.6 [0] to /lib64/libc.so.6 [0]: normal symbol `_res_hconf' [GLIBC_2.2.5]
   1934503:	binding file /lib64/libc.so.6 [0] to /lib64/libc.so.6 [0]: normal symbol `__key_decryptsession_pk_LOCAL' [GLIBC_2.2.5]
   1934503:	binding file /lib64/libc.so.6 [0] to /lib64/ld-linux-x86-64.so.2 [0]: normal symbol `_rtld_global' [GLIBC_PRIVATE]
   1934503:	binding file /lib64/libc.so.6 [0] to /lib64/ld-linux-x86-64.so.2 [0]: normal symbol `_rtld_global' [GLIBC_PRIVATE]
   1934503:	binding file /lib64/libc.so.6 [0] to /lib64/libc.so.6 [0]: normal symbol `__progname' [GLIBC_2.2.5]
   1934503:	binding file /lib64/libc.so.6 [0] to /lib64/libc.so.6 [0]: normal symbol `h_errlist' [GLIBC_2.2.5]
   1934503:	binding file /lib64/libc.so.6 [0] to /lib64/libc.so.6 [0]: normal symbol `__environ' [GLIBC_2.2.5]
   1934503:	binding file /lib64/libc.so.6 [0] to /lib64/libc.so.6 [0]: normal symbol `argp_err_exit_status' [GLIBC_2.2.5]
   1934503:	binding file /lib64/libc.so.6 [0] to /lib64/libc.so.6 [0]: normal symbol `svc_pollfd' [GLIBC_2.2.5]
   1934503:	binding file /lib64/libc.so.6 [0] to /lib64/libc.so.6 [0]: normal symbol `__progname_full' [GLIBC_2.2.5]
   1934503:	binding file /lib64/libc.so.6 [0] to /lib64/libc.so.6 [0]: normal symbol `argp_program_version_hook' [GLIBC_2.2.5]
   1934503:	binding file /lib64/libc.so.6 [0] to /lib64/libc.so.6 [0]: normal symbol `optarg' [GLIBC_2.2.5]
   1934503:	binding file /lib64/libc.so.6 [0] to /lib64/libc.so.6 [0]: normal symbol `malloc' [GLIBC_2.2.5]
   1934503:	binding file /lib64/libc.so.6 [0] to /lib64/libc.so.6 [0]: normal symbol `realloc' [GLIBC_2.2.5]
   1934503:	binding file /lib64/libc.so.6 [0] to /lib64/libc.so.6 [0]: normal symbol `calloc' [GLIBC_2.2.5]
   1934503:	binding file /lib64/libc.so.6 [0] to /lib64/libc.so.6 [0]: normal symbol `free' [GLIBC_2.2.5]
   1934503:	binding file /lib64/libc.so.6 [0] to /lib64/ld-linux-x86-64.so.2 [0]: normal symbol `__rtld_libc_freeres' [GLIBC_PRIVATE]
   1934503:	binding file /lib64/libc.so.6 [0] to /lib64/ld-linux-x86-64.so.2 [0]: normal symbol `_dl_find_dso_for_object' [GLIBC_PRIVATE]
   1934503:	binding file /lib64/libc.so.6 [0] to /lib64/ld-linux-x86-64.so.2 [0]: normal symbol `_dl_deallocate_tls' [GLIBC_PRIVATE]
   1934503:	binding file /lib64/libc.so.6 [0] to /lib64/ld-linux-x86-64.so.2 [0]: normal symbol `__tls_get_addr' [GLIBC_2.3]
   1934503:	binding file /lib64/libc.so.6 [0] to /lib64/ld-linux-x86-64.so.2 [0]: normal symbol `_dl_signal_error' [GLIBC_PRIVATE]
   1934503:	binding file /lib64/libc.so.6 [0] to /lib64/ld-linux-x86-64.so.2 [0]: normal symbol `__dl_find_object_internal' [GLIBC_PRIVATE]
   1934503:	binding file /lib64/libc.so.6 [0] to /lib64/ld-linux-x86-64.so.2 [0]: normal symbol `_dl_signal_exception' [GLIBC_PRIVATE]
   1934503:	binding file /lib64/libc.so.6 [0] to /lib64/ld-linux-x86-64.so.2 [0]: normal symbol `_dl_audit_symbind_alt' [GLIBC_PRIVATE]
   1934503:	binding file /lib64/libc.so.6 [0] to /lib64/ld-linux-x86-64.so.2 [0]: normal symbol `_dl_readonly_area' [GLIBC_PRIVATE]
   1934503:	binding file /lib64/libc.so.6 [0] to /lib64/ld-linux-x86-64.so.2 [0]: normal symbol `_dl_rtld_di_serinfo' [GLIBC_PRIVATE]
   1934503:	binding file /lib64/libc.so.6 [0] to /lib64/ld-linux-x86-64.so.2 [0]: normal symbol `_dl_allocate_tls' [GLIBC_PRIVATE]
   1934503:	binding file /lib64/libc.so.6 [0] to /lib64/ld-linux-x86-64.so.2 [0]: normal symbol `__tunable_get_val' [GLIBC_PRIVATE]
   1934503:	binding file /lib64/libc.so.6 [0] to /lib64/ld-linux-x86-64.so.2 [0]: normal symbol `_dl_catch_exception' [GLIBC_PRIVATE]
   1934503:	binding file /lib64/libc.so.6 [0] to /lib64/ld-linux-x86-64.so.2 [0]: normal symbol `_dl_allocate_tls_init' [GLIBC_PRIVATE]
   1934503:	binding file /lib64/libc.so.6 [0] to /lib64/ld-linux-x86-64.so.2 [0]: normal symbol `__nptl_change_stack_perm' [GLIBC_PRIVATE]
   1934503:	binding file /lib64/libc.so.6 [0] to /lib64/libc.so.6 [0]: normal symbol `malloc' [GLIBC_2.2.5]
   1934503:	binding file /lib64/libc.so.6 [0] to /lib64/ld-linux-x86-64.so.2 [0]: normal symbol `_dl_audit_preinit' [GLIBC_PRIVATE]
   1934503:	binding file /tmp/tmp.6DDiLFbZd0/experiment-work/libmany.so [0] to /lib64/libc.so.6 [0]: normal symbol `__cxa_finalize' [GLIBC_2.2.5]
   1934503:	binding file /tmp/tmp.6DDiLFbZd0/experiment-work/lazy [0] to /lib64/libc.so.6 [0]: normal symbol `__libc_start_main' [GLIBC_2.34]
   1934503:	binding file /tmp/tmp.6DDiLFbZd0/experiment-work/lazy [0] to /lib64/libc.so.6 [0]: normal symbol `__cxa_finalize' [GLIBC_2.2.5]
   1934503:	binding file /tmp/tmp.6DDiLFbZd0/experiment-work/lazy [0] to /lib64/libc.so.6 [0]: normal symbol `calloc' [GLIBC_2.2.5]
   1934503:	binding file /tmp/tmp.6DDiLFbZd0/experiment-work/lazy [0] to /lib64/libc.so.6 [0]: normal symbol `free' [GLIBC_2.2.5]
   1934503:	binding file /tmp/tmp.6DDiLFbZd0/experiment-work/lazy [0] to /lib64/libc.so.6 [0]: normal symbol `malloc' [GLIBC_2.2.5]
   1934503:	binding file /tmp/tmp.6DDiLFbZd0/experiment-work/lazy [0] to /lib64/libc.so.6 [0]: normal symbol `realloc' [GLIBC_2.2.5]
   1934503:	binding file /tmp/tmp.6DDiLFbZd0/experiment-work/lazy [0] to /lib64/ld-linux-x86-64.so.2 [0]: normal symbol `_r_debug'
   1934503:	
   1934503:	runtime linker statistics:
   1934503:	  total startup time in dynamic loader: 307988 cycles
   1934503:	            time needed for relocation: 12082 cycles (3.9%)
   1934503:	                 number of relocations: 107
   1934503:	      number of relocations from cache: 3
   1934503:	        number of relative relocations: 1348
   1934503:	           time needed to load objects: 58622 cycles (19.0%)
   1934503:	
   1934503:	calling init: /lib64/ld-linux-x86-64.so.2
   1934503:	
   1934503:	
   1934503:	calling init: /lib64/libc.so.6
   1934503:	
   1934503:	
   1934503:	calling init: /tmp/tmp.6DDiLFbZd0/experiment-work/libmany.so
   1934503:	
   1934503:	
   1934503:	initialize program: /tmp/tmp.6DDiLFbZd0/experiment-work/lazy
   1934503:	
   1934503:	
   1934503:	transferring control: /tmp/tmp.6DDiLFbZd0/experiment-work/lazy
   1934503:	
   1934503:	binding file /tmp/tmp.6DDiLFbZd0/experiment-work/lazy [0] to /lib64/libc.so.6 [0]: normal symbol `strcmp' [GLIBC_2.2.5]
   1934503:	binding file /tmp/tmp.6DDiLFbZd0/experiment-work/lazy [0] to /lib64/libc.so.6 [0]: normal symbol `clock_gettime' [GLIBC_2.17]
   1934503:	binding file /tmp/tmp.6DDiLFbZd0/experiment-work/lazy [0] to /tmp/tmp.6DDiLFbZd0/experiment-work/libmany.so [0]: normal symbol `probe_0000'
   1934503:	binding file /tmp/tmp.6DDiLFbZd0/experiment-work/lazy [0] to /tmp/tmp.6DDiLFbZd0/experiment-work/libmany.so [0]: normal symbol `probe_0001'
   1934503:	binding file /tmp/tmp.6DDiLFbZd0/experiment-work/lazy [0] to /tmp/tmp.6DDiLFbZd0/experiment-work/libmany.so [0]: normal symbol `probe_0002'
   1934503:	binding file /tmp/tmp.6DDiLFbZd0/experiment-work/lazy [0] to /tmp/tmp.6DDiLFbZd0/experiment-work/libmany.so [0]: normal symbol `probe_0003'
   1934503:	binding file /tmp/tmp.6DDiLFbZd0/experiment-work/lazy [0] to /tmp/tmp.6DDiLFbZd0/experiment-work/libmany.so [0]: normal symbol `probe_0004'
   1934503:	binding file /tmp/tmp.6DDiLFbZd0/experiment-work/lazy [0] to /tmp/tmp.6DDiLFbZd0/experiment-work/libmany.so [0]: normal symbol `probe_0005'
   1934503:	binding file /tmp/tmp.6DDiLFbZd0/experiment-work/lazy [0] to /tmp/tmp.6DDiLFbZd0/experiment-work/libmany.so [0]: normal symbol `probe_0006'
   1934503:	binding file /tmp/tmp.6DDiLFbZd0/experiment-work/lazy [0] to /tmp/tmp.6DDiLFbZd0/experiment-work/libmany.so [0]: normal symbol `probe_0007'
   1934503:	binding file /tmp/tmp.6DDiLFbZd0/experiment-work/lazy [0] to /tmp/tmp.6DDiLFbZd0/experiment-work/libmany.so [0]: normal symbol `probe_0008'
   1934503:	binding file /tmp/tmp.6DDiLFbZd0/experiment-work/lazy [0] to /tmp/tmp.6DDiLFbZd0/experiment-work/libmany.so [0]: normal symbol `probe_0009'
   1934503:	binding file /tmp/tmp.6DDiLFbZd0/experiment-work/lazy [0] to /tmp/tmp.6DDiLFbZd0/experiment-work/libmany.so [0]: normal symbol `probe_0010'
   1934503:	binding file /tmp/tmp.6DDiLFbZd0/experiment-work/lazy [0] to /tmp/tmp.6DDiLFbZd0/experiment-work/libmany.so [0]: normal symbol `probe_0011'
   1934503:	binding file /tmp/tmp.6DDiLFbZd0/experiment-work/lazy [0] to /tmp/tmp.6DDiLFbZd0/experiment-work/libmany.so [0]: normal symbol `probe_0012'
   1934503:	binding file /tmp/tmp.6DDiLFbZd0/experiment-work/lazy [0] to /tmp/tmp.6DDiLFbZd0/experiment-work/libmany.so [0]: normal symbol `probe_0013'
   1934503:	binding file /tmp/tmp.6DDiLFbZd0/experiment-work/lazy [0] to /tmp/tmp.6DDiLFbZd0/experiment-work/libmany.so [0]: normal symbol `probe_0014'
   1934503:	binding file /tmp/tmp.6DDiLFbZd0/experiment-work/lazy [0] to /tmp/tmp.6DDiLFbZd0/experiment-work/libmany.so [0]: normal symbol `probe_0015'
   1934503:	binding file /tmp/tmp.6DDiLFbZd0/experiment-work/lazy [0] to /tmp/tmp.6DDiLFbZd0/experiment-work/libmany.so [0]: normal symbol `probe_0016'
   1934503:	binding file /tmp/tmp.6DDiLFbZd0/experiment-work/lazy [0] to /tmp/tmp.6DDiLFbZd0/experiment-work/libmany.so [0]: normal symbol `probe_0017'
   1934503:	binding file /tmp/tmp.6DDiLFbZd0/experiment-work/lazy [0] to /tmp/tmp.6DDiLFbZd0/experiment-work/libmany.so [0]: normal symbol `probe_0018'
   1934503:	binding file /tmp/tmp.6DDiLFbZd0/experiment-work/lazy [0] to /tmp/tmp.6DDiLFbZd0/experiment-work/libmany.so [0]: normal symbol `probe_0019'
   1934503:	binding file /tmp/tmp.6DDiLFbZd0/experiment-work/lazy [0] to /tmp/tmp.6DDiLFbZd0/experiment-work/libmany.so [0]: normal symbol `probe_0020'
   1934503:	binding file /tmp/tmp.6DDiLFbZd0/experiment-work/lazy [0] to /tmp/tmp.6DDiLFbZd0/experiment-work/libmany.so [0]: normal symbol `probe_0021'
   1934503:	binding file /tmp/tmp.6DDiLFbZd0/experiment-work/lazy [0] to /tmp/tmp.6DDiLFbZd0/experiment-work/libmany.so [0]: normal symbol `probe_0022'
   1934503:	binding file /tmp/tmp.6DDiLFbZd0/experiment-work/lazy [0] to /tmp/tmp.6DDiLFbZd0/experiment-work/libmany.so [0]: normal symbol `probe_0023'
   1934503:	binding file /tmp/tmp.6DDiLFbZd0/experiment-work/lazy [0] to /tmp/tmp.6DDiLFbZd0/experiment-work/libmany.so [0]: normal symbol `probe_0024'
   1934503:	binding file /tmp/tmp.6DDiLFbZd0/experiment-work/lazy [0] to /tmp/tmp.6DDiLFbZd0/experiment-work/libmany.so [0]: normal symbol `probe_0025'
   1934503:	binding file /tmp/tmp.6DDiLFbZd0/experiment-work/lazy [0] to /tmp/tmp.6DDiLFbZd0/experiment-work/libmany.so [0]: normal symbol `probe_0026'
   1934503:	binding file /tmp/tmp.6DDiLFbZd0/experiment-work/lazy [0] to /tmp/tmp.6DDiLFbZd0/experiment-work/libmany.so [0]: normal symbol `probe_0027'
   1934503:	binding file /tmp/tmp.6DDiLFbZd0/experiment-work/lazy [0] to /tmp/tmp.6DDiLFbZd0/experiment-work/libmany.so [0]: normal symbol `probe_0028'
   1934503:	binding file /tmp/tmp.6DDiLFbZd0/experiment-work/lazy [0] to /tmp/tmp.6DDiLFbZd0/experiment-work/libmany.so [0]: normal symbol `probe_0029'
   1934503:	binding file /tmp/tmp.6DDiLFbZd0/experiment-work/lazy [0] to /tmp/tmp.6DDiLFbZd0/experiment-work/libmany.so [0]: normal symbol `probe_0030'
   1934503:	binding file /tmp/tmp.6DDiLFbZd0/experiment-work/lazy [0] to /tmp/tmp.6DDiLFbZd0/experiment-work/libmany.so [0]: normal symbol `probe_0031'
   1934503:	binding file /tmp/tmp.6DDiLFbZd0/experiment-work/lazy [0] to /tmp/tmp.6DDiLFbZd0/experiment-work/libmany.so [0]: normal symbol `probe_0032'
   1934503:	binding file /tmp/tmp.6DDiLFbZd0/experiment-work/lazy [0] to /tmp/tmp.6DDiLFbZd0/experiment-work/libmany.so [0]: normal symbol `probe_0033'
   1934503:	binding file /tmp/tmp.6DDiLFbZd0/experiment-work/lazy [0] to /tmp/tmp.6DDiLFbZd0/experiment-work/libmany.so [0]: normal symbol `probe_0034'
   1934503:	binding file /tmp/tmp.6DDiLFbZd0/experiment-work/lazy [0] to /tmp/tmp.6DDiLFbZd0/experiment-work/libmany.so [0]: normal symbol `probe_0035'
   1934503:	binding file /tmp/tmp.6DDiLFbZd0/experiment-work/lazy [0] to /tmp/tmp.6DDiLFbZd0/experiment-work/libmany.so [0]: normal symbol `probe_0036'
   1934503:	binding file /tmp/tmp.6DDiLFbZd0/experiment-work/lazy [0] to /tmp/tmp.6DDiLFbZd0/experiment-work/libmany.so [0]: normal symbol `probe_0037'
   1934503:	binding file /tmp/tmp.6DDiLFbZd0/experiment-work/lazy [0] to /tmp/tmp.6DDiLFbZd0/experiment-work/libmany.so [0]: normal symbol `probe_0038'
   1934503:	binding file /tmp/tmp.6DDiLFbZd0/experiment-work/lazy [0] to /tmp/tmp.6DDiLFbZd0/experiment-work/libmany.so [0]: normal symbol `probe_0039'
   1934503:	binding file /tmp/tmp.6DDiLFbZd0/experiment-work/lazy [0] to /tmp/tmp.6DDiLFbZd0/experiment-work/libmany.so [0]: normal symbol `probe_0040'
   1934503:	binding file /tmp/tmp.6DDiLFbZd0/experiment-work/lazy [0] to /tmp/tmp.6DDiLFbZd0/experiment-work/libmany.so [0]: normal symbol `probe_0041'
   1934503:	binding file /tmp/tmp.6DDiLFbZd0/experiment-work/lazy [0] to /tmp/tmp.6DDiLFbZd0/experiment-work/libmany.so [0]: normal symbol `probe_0042'
   1934503:	binding file /tmp/tmp.6DDiLFbZd0/experiment-work/lazy [0] to /tmp/tmp.6DDiLFbZd0/experiment-work/libmany.so [0]: normal symbol `probe_0043'
   1934503:	binding file /tmp/tmp.6DDiLFbZd0/experiment-work/lazy [0] to /tmp/tmp.6DDiLFbZd0/experiment-work/libmany.so [0]: normal symbol `probe_0044'
   1934503:	binding file /tmp/tmp.6DDiLFbZd0/experiment-work/lazy [0] to /tmp/tmp.6DDiLFbZd0/experiment-work/libmany.so [0]: normal symbol `probe_0045'
   1934503:	binding file /tmp/tmp.6DDiLFbZd0/experiment-work/lazy [0] to /tmp/tmp.6DDiLFbZd0/experiment-work/libmany.so [0]: normal symbol `probe_0046'
   1934503:	binding file /tmp/tmp.6DDiLFbZd0/experiment-work/lazy [0] to /tmp/tmp.6DDiLFbZd0/experiment-work/libmany.so [0]: normal symbol `probe_0047'
   1934503:	binding file /tmp/tmp.6DDiLFbZd0/experiment-work/lazy [0] to /tmp/tmp.6DDiLFbZd0/experiment-work/libmany.so [0]: normal symbol `probe_0048'
   1934503:	binding file /tmp/tmp.6DDiLFbZd0/experiment-work/lazy [0] to /tmp/tmp.6DDiLFbZd0/experiment-work/libmany.so [0]: normal symbol `probe_0049'
   1934503:	binding file /tmp/tmp.6DDiLFbZd0/experiment-work/lazy [0] to /tmp/tmp.6DDiLFbZd0/experiment-work/libmany.so [0]: normal symbol `probe_0050'
   1934503:	binding file /tmp/tmp.6DDiLFbZd0/experiment-work/lazy [0] to /tmp/tmp.6DDiLFbZd0/experiment-work/libmany.so [0]: normal symbol `probe_0051'
   1934503:	binding file /tmp/tmp.6DDiLFbZd0/experiment-work/lazy [0] to /tmp/tmp.6DDiLFbZd0/experiment-work/libmany.so [0]: normal symbol `probe_0052'
   1934503:	binding file /tmp/tmp.6DDiLFbZd0/experiment-work/lazy [0] to /tmp/tmp.6DDiLFbZd0/experiment-work/libmany.so [0]: normal symbol `probe_0053'
   1934503:	binding file /tmp/tmp.6DDiLFbZd0/experiment-work/lazy [0] to /tmp/tmp.6DDiLFbZd0/experiment-work/libmany.so [0]: normal symbol `probe_0054'
   1934503:	binding file /tmp/tmp.6DDiLFbZd0/experiment-work/lazy [0] to /tmp/tmp.6DDiLFbZd0/experiment-work/libmany.so [0]: normal symbol `probe_0055'
   1934503:	binding file /tmp/tmp.6DDiLFbZd0/experiment-work/lazy [0] to /tmp/tmp.6DDiLFbZd0/experiment-work/libmany.so [0]: normal symbol `probe_0056'
   1934503:	binding file /tmp/tmp.6DDiLFbZd0/experiment-work/lazy [0] to /tmp/tmp.6DDiLFbZd0/experiment-work/libmany.so [0]: normal symbol `probe_0057'
   1934503:	binding file /tmp/tmp.6DDiLFbZd0/experiment-work/lazy [0] to /tmp/tmp.6DDiLFbZd0/experiment-work/libmany.so [0]: normal symbol `probe_0058'
   1934503:	binding file /tmp/tmp.6DDiLFbZd0/experiment-work/lazy [0] to /tmp/tmp.6DDiLFbZd0/experiment-work/libmany.so [0]: normal symbol `probe_0059'
   1934503:	binding file /tmp/tmp.6DDiLFbZd0/experiment-work/lazy [0] to /tmp/tmp.6DDiLFbZd0/experiment-work/libmany.so [0]: normal symbol `probe_0060'
   1934503:	binding file /tmp/tmp.6DDiLFbZd0/experiment-work/lazy [0] to /tmp/tmp.6DDiLFbZd0/experiment-work/libmany.so [0]: normal symbol `probe_0061'
   1934503:	binding file /tmp/tmp.6DDiLFbZd0/experiment-work/lazy [0] to /tmp/tmp.6DDiLFbZd0/experiment-work/libmany.so [0]: normal symbol `probe_0062'
   1934503:	binding file /tmp/tmp.6DDiLFbZd0/experiment-work/lazy [0] to /tmp/tmp.6DDiLFbZd0/experiment-work/libmany.so [0]: normal symbol `probe_0063'
   1934503:	binding file /tmp/tmp.6DDiLFbZd0/experiment-work/lazy [0] to /tmp/tmp.6DDiLFbZd0/experiment-work/libmany.so [0]: normal symbol `probe_0064'
   1934503:	binding file /tmp/tmp.6DDiLFbZd0/experiment-work/lazy [0] to /tmp/tmp.6DDiLFbZd0/experiment-work/libmany.so [0]: normal symbol `probe_0065'
   1934503:	binding file /tmp/tmp.6DDiLFbZd0/experiment-work/lazy [0] to /tmp/tmp.6DDiLFbZd0/experiment-work/libmany.so [0]: normal symbol `probe_0066'
   1934503:	binding file /tmp/tmp.6DDiLFbZd0/experiment-work/lazy [0] to /tmp/tmp.6DDiLFbZd0/experiment-work/libmany.so [0]: normal symbol `probe_0067'
   1934503:	binding file /tmp/tmp.6DDiLFbZd0/experiment-work/lazy [0] to /tmp/tmp.6DDiLFbZd0/experiment-work/libmany.so [0]: normal symbol `probe_0068'
   1934503:	binding file /tmp/tmp.6DDiLFbZd0/experiment-work/lazy [0] to /tmp/tmp.6DDiLFbZd0/experiment-work/libmany.so [0]: normal symbol `probe_0069'
   1934503:	binding file /tmp/tmp.6DDiLFbZd0/experiment-work/lazy [0] to /tmp/tmp.6DDiLFbZd0/experiment-work/libmany.so [0]: normal symbol `probe_0070'
   1934503:	binding file /tmp/tmp.6DDiLFbZd0/experiment-work/lazy [0] to /tmp/tmp.6DDiLFbZd0/experiment-work/libmany.so [0]: normal symbol `probe_0071'
   1934503:	binding file /tmp/tmp.6DDiLFbZd0/experiment-work/lazy [0] to /tmp/tmp.6DDiLFbZd0/experiment-work/libmany.so [0]: normal symbol `probe_0072'
   1934503:	binding file /tmp/tmp.6DDiLFbZd0/experiment-work/lazy [0] to /tmp/tmp.6DDiLFbZd0/experiment-work/libmany.so [0]: normal symbol `probe_0073'
   1934503:	binding file /tmp/tmp.6DDiLFbZd0/experiment-work/lazy [0] to /tmp/tmp.6DDiLFbZd0/experiment-work/libmany.so [0]: normal symbol `probe_0074'
   1934503:	binding file /tmp/tmp.6DDiLFbZd0/experiment-work/lazy [0] to /tmp/tmp.6DDiLFbZd0/experiment-work/libmany.so [0]: normal symbol `probe_0075'
   1934503:	binding file /tmp/tmp.6DDiLFbZd0/experiment-work/lazy [0] to /tmp/tmp.6DDiLFbZd0/experiment-work/libmany.so [0]: normal symbol `probe_0076'
   1934503:	binding file /tmp/tmp.6DDiLFbZd0/experiment-work/lazy [0] to /tmp/tmp.6DDiLFbZd0/experiment-work/libmany.so [0]: normal symbol `probe_0077'
   1934503:	binding file /tmp/tmp.6DDiLFbZd0/experiment-work/lazy [0] to /tmp/tmp.6DDiLFbZd0/experiment-work/libmany.so [0]: normal symbol `probe_0078'
   1934503:	binding file /tmp/tmp.6DDiLFbZd0/experiment-work/lazy [0] to /tmp/tmp.6DDiLFbZd0/experiment-work/libmany.so [0]: normal symbol `probe_0079'
   1934503:	binding file /tmp/tmp.6DDiLFbZd0/experiment-work/lazy [0] to /tmp/tmp.6DDiLFbZd0/experiment-work/libmany.so [0]: normal symbol `probe_0080'
   1934503:	binding file /tmp/tmp.6DDiLFbZd0/experiment-work/lazy [0] to /tmp/tmp.6DDiLFbZd0/experiment-work/libmany.so [0]: normal symbol `probe_0081'
   1934503:	binding file /tmp/tmp.6DDiLFbZd0/experiment-work/lazy [0] to /tmp/tmp.6DDiLFbZd0/experiment-work/libmany.so [0]: normal symbol `probe_0082'
   1934503:	binding file /tmp/tmp.6DDiLFbZd0/experiment-work/lazy [0] to /tmp/tmp.6DDiLFbZd0/experiment-work/libmany.so [0]: normal symbol `probe_0083'
   1934503:	binding file /tmp/tmp.6DDiLFbZd0/experiment-work/lazy [0] to /tmp/tmp.6DDiLFbZd0/experiment-work/libmany.so [0]: normal symbol `probe_0084'
   1934503:	binding file /tmp/tmp.6DDiLFbZd0/experiment-work/lazy [0] to /tmp/tmp.6DDiLFbZd0/experiment-work/libmany.so [0]: normal symbol `probe_0085'
   1934503:	binding file /tmp/tmp.6DDiLFbZd0/experiment-work/lazy [0] to /tmp/tmp.6DDiLFbZd0/experiment-work/libmany.so [0]: normal symbol `probe_0086'
   1934503:	binding file /tmp/tmp.6DDiLFbZd0/experiment-work/lazy [0] to /tmp/tmp.6DDiLFbZd0/experiment-work/libmany.so [0]: normal symbol `probe_0087'
   1934503:	binding file /tmp/tmp.6DDiLFbZd0/experiment-work/lazy [0] to /tmp/tmp.6DDiLFbZd0/experiment-work/libmany.so [0]: normal symbol `probe_0088'
   1934503:	binding file /tmp/tmp.6DDiLFbZd0/experiment-work/lazy [0] to /tmp/tmp.6DDiLFbZd0/experiment-work/libmany.so [0]: normal symbol `probe_0089'
   1934503:	binding file /tmp/tmp.6DDiLFbZd0/experiment-work/lazy [0] to /tmp/tmp.6DDiLFbZd0/experiment-work/libmany.so [0]: normal symbol `probe_0090'
   1934503:	binding file /tmp/tmp.6DDiLFbZd0/experiment-work/lazy [0] to /tmp/tmp.6DDiLFbZd0/experiment-work/libmany.so [0]: normal symbol `probe_0091'
   1934503:	binding file /tmp/tmp.6DDiLFbZd0/experiment-work/lazy [0] to /tmp/tmp.6DDiLFbZd0/experiment-work/libmany.so [0]: normal symbol `probe_0092'
   1934503:	binding file /tmp/tmp.6DDiLFbZd0/experiment-work/lazy [0] to /tmp/tmp.6DDiLFbZd0/experiment-work/libmany.so [0]: normal symbol `probe_0093'
   1934503:	binding file /tmp/tmp.6DDiLFbZd0/experiment-work/lazy [0] to /tmp/tmp.6DDiLFbZd0/experiment-work/libmany.so [0]: normal symbol `probe_0094'
   1934503:	binding file /tmp/tmp.6DDiLFbZd0/experiment-work/lazy [0] to /tmp/tmp.6DDiLFbZd0/experiment-work/libmany.so [0]: normal symbol `probe_0095'
   1934503:	binding file /tmp/tmp.6DDiLFbZd0/experiment-work/lazy [0] to /tmp/tmp.6DDiLFbZd0/experiment-work/libmany.so [0]: normal symbol `probe_0096'
   1934503:	binding file /tmp/tmp.6DDiLFbZd0/experiment-work/lazy [0] to /tmp/tmp.6DDiLFbZd0/experiment-work/libmany.so [0]: normal symbol `probe_0097'
   1934503:	binding file /tmp/tmp.6DDiLFbZd0/experiment-work/lazy [0] to /tmp/tmp.6DDiLFbZd0/experiment-work/libmany.so [0]: normal symbol `probe_0098'
   1934503:	binding file /tmp/tmp.6DDiLFbZd0/experiment-work/lazy [0] to /tmp/tmp.6DDiLFbZd0/experiment-work/libmany.so [0]: normal symbol `probe_0099'
   1934503:	binding file /tmp/tmp.6DDiLFbZd0/experiment-work/lazy [0] to /tmp/tmp.6DDiLFbZd0/experiment-work/libmany.so [0]: normal symbol `probe_0100'
   1934503:	binding file /tmp/tmp.6DDiLFbZd0/experiment-work/lazy [0] to /tmp/tmp.6DDiLFbZd0/experiment-work/libmany.so [0]: normal symbol `probe_0101'
   1934503:	binding file /tmp/tmp.6DDiLFbZd0/experiment-work/lazy [0] to /tmp/tmp.6DDiLFbZd0/experiment-work/libmany.so [0]: normal symbol `probe_0102'
   1934503:	binding file /tmp/tmp.6DDiLFbZd0/experiment-work/lazy [0] to /tmp/tmp.6DDiLFbZd0/experiment-work/libmany.so [0]: normal symbol `probe_0103'
   1934503:	binding file /tmp/tmp.6DDiLFbZd0/experiment-work/lazy [0] to /tmp/tmp.6DDiLFbZd0/experiment-work/libmany.so [0]: normal symbol `probe_0104'
   1934503:	binding file /tmp/tmp.6DDiLFbZd0/experiment-work/lazy [0] to /tmp/tmp.6DDiLFbZd0/experiment-work/libmany.so [0]: normal symbol `probe_0105'
   1934503:	binding file /tmp/tmp.6DDiLFbZd0/experiment-work/lazy [0] to /tmp/tmp.6DDiLFbZd0/experiment-work/libmany.so [0]: normal symbol `probe_0106'
   1934503:	binding file /tmp/tmp.6DDiLFbZd0/experiment-work/lazy [0] to /tmp/tmp.6DDiLFbZd0/experiment-work/libmany.so [0]: normal symbol `probe_0107'
   1934503:	binding file /tmp/tmp.6DDiLFbZd0/experiment-work/lazy [0] to /tmp/tmp.6DDiLFbZd0/experiment-work/libmany.so [0]: normal symbol `probe_0108'
   1934503:	binding file /tmp/tmp.6DDiLFbZd0/experiment-work/lazy [0] to /tmp/tmp.6DDiLFbZd0/experiment-work/libmany.so [0]: normal symbol `probe_0109'
   1934503:	binding file /tmp/tmp.6DDiLFbZd0/experiment-work/lazy [0] to /tmp/tmp.6DDiLFbZd0/experiment-work/libmany.so [0]: normal symbol `probe_0110'
   1934503:	binding file /tmp/tmp.6DDiLFbZd0/experiment-work/lazy [0] to /tmp/tmp.6DDiLFbZd0/experiment-work/libmany.so [0]: normal symbol `probe_0111'
   1934503:	binding file /tmp/tmp.6DDiLFbZd0/experiment-work/lazy [0] to /tmp/tmp.6DDiLFbZd0/experiment-work/libmany.so [0]: normal symbol `probe_0112'
   1934503:	binding file /tmp/tmp.6DDiLFbZd0/experiment-work/lazy [0] to /tmp/tmp.6DDiLFbZd0/experiment-work/libmany.so [0]: normal symbol `probe_0113'
   1934503:	binding file /tmp/tmp.6DDiLFbZd0/experiment-work/lazy [0] to /tmp/tmp.6DDiLFbZd0/experiment-work/libmany.so [0]: normal symbol `probe_0114'
   1934503:	binding file /tmp/tmp.6DDiLFbZd0/experiment-work/lazy [0] to /tmp/tmp.6DDiLFbZd0/experiment-work/libmany.so [0]: normal symbol `probe_0115'
   1934503:	binding file /tmp/tmp.6DDiLFbZd0/experiment-work/lazy [0] to /tmp/tmp.6DDiLFbZd0/experiment-work/libmany.so [0]: normal symbol `probe_0116'
   1934503:	binding file /tmp/tmp.6DDiLFbZd0/experiment-work/lazy [0] to /tmp/tmp.6DDiLFbZd0/experiment-work/libmany.so [0]: normal symbol `probe_0117'
   1934503:	binding file /tmp/tmp.6DDiLFbZd0/experiment-work/lazy [0] to /tmp/tmp.6DDiLFbZd0/experiment-work/libmany.so [0]: normal symbol `probe_0118'
   1934503:	binding file /tmp/tmp.6DDiLFbZd0/experiment-work/lazy [0] to /tmp/tmp.6DDiLFbZd0/experiment-work/libmany.so [0]: normal symbol `probe_0119'
   1934503:	binding file /tmp/tmp.6DDiLFbZd0/experiment-work/lazy [0] to /tmp/tmp.6DDiLFbZd0/experiment-work/libmany.so [0]: normal symbol `probe_0120'
   1934503:	binding file /tmp/tmp.6DDiLFbZd0/experiment-work/lazy [0] to /tmp/tmp.6DDiLFbZd0/experiment-work/libmany.so [0]: normal symbol `probe_0121'
   1934503:	binding file /tmp/tmp.6DDiLFbZd0/experiment-work/lazy [0] to /tmp/tmp.6DDiLFbZd0/experiment-work/libmany.so [0]: normal symbol `probe_0122'
   1934503:	binding file /tmp/tmp.6DDiLFbZd0/experiment-work/lazy [0] to /tmp/tmp.6DDiLFbZd0/experiment-work/libmany.so [0]: normal symbol `probe_0123'
   1934503:	binding file /tmp/tmp.6DDiLFbZd0/experiment-work/lazy [0] to /tmp/tmp.6DDiLFbZd0/experiment-work/libmany.so [0]: normal symbol `probe_0124'
   1934503:	binding file /tmp/tmp.6DDiLFbZd0/experiment-work/lazy [0] to /tmp/tmp.6DDiLFbZd0/experiment-work/libmany.so [0]: normal symbol `probe_0125'
   1934503:	binding file /tmp/tmp.6DDiLFbZd0/experiment-work/lazy [0] to /tmp/tmp.6DDiLFbZd0/experiment-work/libmany.so [0]: normal symbol `probe_0126'
   1934503:	binding file /tmp/tmp.6DDiLFbZd0/experiment-work/lazy [0] to /tmp/tmp.6DDiLFbZd0/experiment-work/libmany.so [0]: normal symbol `probe_0127'
   1934503:	binding file /tmp/tmp.6DDiLFbZd0/experiment-work/lazy [0] to /tmp/tmp.6DDiLFbZd0/experiment-work/libmany.so [0]: normal symbol `probe_0128'
   1934503:	binding file /tmp/tmp.6DDiLFbZd0/experiment-work/lazy [0] to /tmp/tmp.6DDiLFbZd0/experiment-work/libmany.so [0]: normal symbol `probe_0129'
   1934503:	binding file /tmp/tmp.6DDiLFbZd0/experiment-work/lazy [0] to /tmp/tmp.6DDiLFbZd0/experiment-work/libmany.so [0]: normal symbol `probe_0130'
   1934503:	binding file /tmp/tmp.6DDiLFbZd0/experiment-work/lazy [0] to /tmp/tmp.6DDiLFbZd0/experiment-work/libmany.so [0]: normal symbol `probe_0131'
   1934503:	binding file /tmp/tmp.6DDiLFbZd0/experiment-work/lazy [0] to /tmp/tmp.6DDiLFbZd0/experiment-work/libmany.so [0]: normal symbol `probe_0132'
   1934503:	binding file /tmp/tmp.6DDiLFbZd0/experiment-work/lazy [0] to /tmp/tmp.6DDiLFbZd0/experiment-work/libmany.so [0]: normal symbol `probe_0133'
   1934503:	binding file /tmp/tmp.6DDiLFbZd0/experiment-work/lazy [0] to /tmp/tmp.6DDiLFbZd0/experiment-work/libmany.so [0]: normal symbol `probe_0134'
   1934503:	binding file /tmp/tmp.6DDiLFbZd0/experiment-work/lazy [0] to /tmp/tmp.6DDiLFbZd0/experiment-work/libmany.so [0]: normal symbol `probe_0135'
   1934503:	binding file /tmp/tmp.6DDiLFbZd0/experiment-work/lazy [0] to /tmp/tmp.6DDiLFbZd0/experiment-work/libmany.so [0]: normal symbol `probe_0136'
   1934503:	binding file /tmp/tmp.6DDiLFbZd0/experiment-work/lazy [0] to /tmp/tmp.6DDiLFbZd0/experiment-work/libmany.so [0]: normal symbol `probe_0137'
   1934503:	binding file /tmp/tmp.6DDiLFbZd0/experiment-work/lazy [0] to /tmp/tmp.6DDiLFbZd0/experiment-work/libmany.so [0]: normal symbol `probe_0138'
   1934503:	binding file /tmp/tmp.6DDiLFbZd0/experiment-work/lazy [0] to /tmp/tmp.6DDiLFbZd0/experiment-work/libmany.so [0]: normal symbol `probe_0139'
   1934503:	binding file /tmp/tmp.6DDiLFbZd0/experiment-work/lazy [0] to /tmp/tmp.6DDiLFbZd0/experiment-work/libmany.so [0]: normal symbol `probe_0140'
   1934503:	binding file /tmp/tmp.6DDiLFbZd0/experiment-work/lazy [0] to /tmp/tmp.6DDiLFbZd0/experiment-work/libmany.so [0]: normal symbol `probe_0141'
   1934503:	binding file /tmp/tmp.6DDiLFbZd0/experiment-work/lazy [0] to /tmp/tmp.6DDiLFbZd0/experiment-work/libmany.so [0]: normal symbol `probe_0142'
   1934503:	binding file /tmp/tmp.6DDiLFbZd0/experiment-work/lazy [0] to /tmp/tmp.6DDiLFbZd0/experiment-work/libmany.so [0]: normal symbol `probe_0143'
   1934503:	binding file /tmp/tmp.6DDiLFbZd0/experiment-work/lazy [0] to /tmp/tmp.6DDiLFbZd0/experiment-work/libmany.so [0]: normal symbol `probe_0144'
   1934503:	binding file /tmp/tmp.6DDiLFbZd0/experiment-work/lazy [0] to /tmp/tmp.6DDiLFbZd0/experiment-work/libmany.so [0]: normal symbol `probe_0145'
   1934503:	binding file /tmp/tmp.6DDiLFbZd0/experiment-work/lazy [0] to /tmp/tmp.6DDiLFbZd0/experiment-work/libmany.so [0]: normal symbol `probe_0146'
   1934503:	binding file /tmp/tmp.6DDiLFbZd0/experiment-work/lazy [0] to /tmp/tmp.6DDiLFbZd0/experiment-work/libmany.so [0]: normal symbol `probe_0147'
   1934503:	binding file /tmp/tmp.6DDiLFbZd0/experiment-work/lazy [0] to /tmp/tmp.6DDiLFbZd0/experiment-work/libmany.so [0]: normal symbol `probe_0148'
   1934503:	binding file /tmp/tmp.6DDiLFbZd0/experiment-work/lazy [0] to /tmp/tmp.6DDiLFbZd0/experiment-work/libmany.so [0]: normal symbol `probe_0149'
   1934503:	binding file /tmp/tmp.6DDiLFbZd0/experiment-work/lazy [0] to /tmp/tmp.6DDiLFbZd0/experiment-work/libmany.so [0]: normal symbol `probe_0150'
   1934503:	binding file /tmp/tmp.6DDiLFbZd0/experiment-work/lazy [0] to /tmp/tmp.6DDiLFbZd0/experiment-work/libmany.so [0]: normal symbol `probe_0151'
   1934503:	binding file /tmp/tmp.6DDiLFbZd0/experiment-work/lazy [0] to /tmp/tmp.6DDiLFbZd0/experiment-work/libmany.so [0]: normal symbol `probe_0152'
   1934503:	binding file /tmp/tmp.6DDiLFbZd0/experiment-work/lazy [0] to /tmp/tmp.6DDiLFbZd0/experiment-work/libmany.so [0]: normal symbol `probe_0153'
   1934503:	binding file /tmp/tmp.6DDiLFbZd0/experiment-work/lazy [0] to /tmp/tmp.6DDiLFbZd0/experiment-work/libmany.so [0]: normal symbol `probe_0154'
   1934503:	binding file /tmp/tmp.6DDiLFbZd0/experiment-work/lazy [0] to /tmp/tmp.6DDiLFbZd0/experiment-work/libmany.so [0]: normal symbol `probe_0155'
   1934503:	binding file /tmp/tmp.6DDiLFbZd0/experiment-work/lazy [0] to /tmp/tmp.6DDiLFbZd0/experiment-work/libmany.so [0]: normal symbol `probe_0156'
   1934503:	binding file /tmp/tmp.6DDiLFbZd0/experiment-work/lazy [0] to /tmp/tmp.6DDiLFbZd0/experiment-work/libmany.so [0]: normal symbol `probe_0157'
   1934503:	binding file /tmp/tmp.6DDiLFbZd0/experiment-work/lazy [0] to /tmp/tmp.6DDiLFbZd0/experiment-work/libmany.so [0]: normal symbol `probe_0158'
   1934503:	binding file /tmp/tmp.6DDiLFbZd0/experiment-work/lazy [0] to /tmp/tmp.6DDiLFbZd0/experiment-work/libmany.so [0]: normal symbol `probe_0159'
   1934503:	binding file /tmp/tmp.6DDiLFbZd0/experiment-work/lazy [0] to /tmp/tmp.6DDiLFbZd0/experiment-work/libmany.so [0]: normal symbol `probe_0160'
   1934503:	binding file /tmp/tmp.6DDiLFbZd0/experiment-work/lazy [0] to /tmp/tmp.6DDiLFbZd0/experiment-work/libmany.so [0]: normal symbol `probe_0161'
   1934503:	binding file /tmp/tmp.6DDiLFbZd0/experiment-work/lazy [0] to /tmp/tmp.6DDiLFbZd0/experiment-work/libmany.so [0]: normal symbol `probe_0162'
   1934503:	binding file /tmp/tmp.6DDiLFbZd0/experiment-work/lazy [0] to /tmp/tmp.6DDiLFbZd0/experiment-work/libmany.so [0]: normal symbol `probe_0163'
   1934503:	binding file /tmp/tmp.6DDiLFbZd0/experiment-work/lazy [0] to /tmp/tmp.6DDiLFbZd0/experiment-work/libmany.so [0]: normal symbol `probe_0164'
   1934503:	binding file /tmp/tmp.6DDiLFbZd0/experiment-work/lazy [0] to /tmp/tmp.6DDiLFbZd0/experiment-work/libmany.so [0]: normal symbol `probe_0165'
   1934503:	binding file /tmp/tmp.6DDiLFbZd0/experiment-work/lazy [0] to /tmp/tmp.6DDiLFbZd0/experiment-work/libmany.so [0]: normal symbol `probe_0166'
   1934503:	binding file /tmp/tmp.6DDiLFbZd0/experiment-work/lazy [0] to /tmp/tmp.6DDiLFbZd0/experiment-work/libmany.so [0]: normal symbol `probe_0167'
   1934503:	binding file /tmp/tmp.6DDiLFbZd0/experiment-work/lazy [0] to /tmp/tmp.6DDiLFbZd0/experiment-work/libmany.so [0]: normal symbol `probe_0168'
   1934503:	binding file /tmp/tmp.6DDiLFbZd0/experiment-work/lazy [0] to /tmp/tmp.6DDiLFbZd0/experiment-work/libmany.so [0]: normal symbol `probe_0169'
   1934503:	binding file /tmp/tmp.6DDiLFbZd0/experiment-work/lazy [0] to /tmp/tmp.6DDiLFbZd0/experiment-work/libmany.so [0]: normal symbol `probe_0170'
   1934503:	binding file /tmp/tmp.6DDiLFbZd0/experiment-work/lazy [0] to /tmp/tmp.6DDiLFbZd0/experiment-work/libmany.so [0]: normal symbol `probe_0171'
   1934503:	binding file /tmp/tmp.6DDiLFbZd0/experiment-work/lazy [0] to /tmp/tmp.6DDiLFbZd0/experiment-work/libmany.so [0]: normal symbol `probe_0172'
   1934503:	binding file /tmp/tmp.6DDiLFbZd0/experiment-work/lazy [0] to /tmp/tmp.6DDiLFbZd0/experiment-work/libmany.so [0]: normal symbol `probe_0173'
   1934503:	binding file /tmp/tmp.6DDiLFbZd0/experiment-work/lazy [0] to /tmp/tmp.6DDiLFbZd0/experiment-work/libmany.so [0]: normal symbol `probe_0174'
   1934503:	binding file /tmp/tmp.6DDiLFbZd0/experiment-work/lazy [0] to /tmp/tmp.6DDiLFbZd0/experiment-work/libmany.so [0]: normal symbol `probe_0175'
   1934503:	binding file /tmp/tmp.6DDiLFbZd0/experiment-work/lazy [0] to /tmp/tmp.6DDiLFbZd0/experiment-work/libmany.so [0]: normal symbol `probe_0176'
   1934503:	binding file /tmp/tmp.6DDiLFbZd0/experiment-work/lazy [0] to /tmp/tmp.6DDiLFbZd0/experiment-work/libmany.so [0]: normal symbol `probe_0177'
   1934503:	binding file /tmp/tmp.6DDiLFbZd0/experiment-work/lazy [0] to /tmp/tmp.6DDiLFbZd0/experiment-work/libmany.so [0]: normal symbol `probe_0178'
   1934503:	binding file /tmp/tmp.6DDiLFbZd0/experiment-work/lazy [0] to /tmp/tmp.6DDiLFbZd0/experiment-work/libmany.so [0]: normal symbol `probe_0179'
   1934503:	binding file /tmp/tmp.6DDiLFbZd0/experiment-work/lazy [0] to /tmp/tmp.6DDiLFbZd0/experiment-work/libmany.so [0]: normal symbol `probe_0180'
   1934503:	binding file /tmp/tmp.6DDiLFbZd0/experiment-work/lazy [0] to /tmp/tmp.6DDiLFbZd0/experiment-work/libmany.so [0]: normal symbol `probe_0181'
   1934503:	binding file /tmp/tmp.6DDiLFbZd0/experiment-work/lazy [0] to /tmp/tmp.6DDiLFbZd0/experiment-work/libmany.so [0]: normal symbol `probe_0182'
   1934503:	binding file /tmp/tmp.6DDiLFbZd0/experiment-work/lazy [0] to /tmp/tmp.6DDiLFbZd0/experiment-work/libmany.so [0]: normal symbol `probe_0183'
   1934503:	binding file /tmp/tmp.6DDiLFbZd0/experiment-work/lazy [0] to /tmp/tmp.6DDiLFbZd0/experiment-work/libmany.so [0]: normal symbol `probe_0184'
   1934503:	binding file /tmp/tmp.6DDiLFbZd0/experiment-work/lazy [0] to /tmp/tmp.6DDiLFbZd0/experiment-work/libmany.so [0]: normal symbol `probe_0185'
   1934503:	binding file /tmp/tmp.6DDiLFbZd0/experiment-work/lazy [0] to /tmp/tmp.6DDiLFbZd0/experiment-work/libmany.so [0]: normal symbol `probe_0186'
   1934503:	binding file /tmp/tmp.6DDiLFbZd0/experiment-work/lazy [0] to /tmp/tmp.6DDiLFbZd0/experiment-work/libmany.so [0]: normal symbol `probe_0187'
   1934503:	binding file /tmp/tmp.6DDiLFbZd0/experiment-work/lazy [0] to /tmp/tmp.6DDiLFbZd0/experiment-work/libmany.so [0]: normal symbol `probe_0188'
   1934503:	binding file /tmp/tmp.6DDiLFbZd0/experiment-work/lazy [0] to /tmp/tmp.6DDiLFbZd0/experiment-work/libmany.so [0]: normal symbol `probe_0189'
   1934503:	binding file /tmp/tmp.6DDiLFbZd0/experiment-work/lazy [0] to /tmp/tmp.6DDiLFbZd0/experiment-work/libmany.so [0]: normal symbol `probe_0190'
   1934503:	binding file /tmp/tmp.6DDiLFbZd0/experiment-work/lazy [0] to /tmp/tmp.6DDiLFbZd0/experiment-work/libmany.so [0]: normal symbol `probe_0191'
   1934503:	binding file /tmp/tmp.6DDiLFbZd0/experiment-work/lazy [0] to /tmp/tmp.6DDiLFbZd0/experiment-work/libmany.so [0]: normal symbol `probe_0192'
   1934503:	binding file /tmp/tmp.6DDiLFbZd0/experiment-work/lazy [0] to /tmp/tmp.6DDiLFbZd0/experiment-work/libmany.so [0]: normal symbol `probe_0193'
   1934503:	binding file /tmp/tmp.6DDiLFbZd0/experiment-work/lazy [0] to /tmp/tmp.6DDiLFbZd0/experiment-work/libmany.so [0]: normal symbol `probe_0194'
   1934503:	binding file /tmp/tmp.6DDiLFbZd0/experiment-work/lazy [0] to /tmp/tmp.6DDiLFbZd0/experiment-work/libmany.so [0]: normal symbol `probe_0195'
   1934503:	binding file /tmp/tmp.6DDiLFbZd0/experiment-work/lazy [0] to /tmp/tmp.6DDiLFbZd0/experiment-work/libmany.so [0]: normal symbol `probe_0196'
   1934503:	binding file /tmp/tmp.6DDiLFbZd0/experiment-work/lazy [0] to /tmp/tmp.6DDiLFbZd0/experiment-work/libmany.so [0]: normal symbol `probe_0197'
   1934503:	binding file /tmp/tmp.6DDiLFbZd0/experiment-work/lazy [0] to /tmp/tmp.6DDiLFbZd0/experiment-work/libmany.so [0]: normal symbol `probe_0198'
   1934503:	binding file /tmp/tmp.6DDiLFbZd0/experiment-work/lazy [0] to /tmp/tmp.6DDiLFbZd0/experiment-work/libmany.so [0]: normal symbol `probe_0199'
   1934503:	binding file /tmp/tmp.6DDiLFbZd0/experiment-work/lazy [0] to /tmp/tmp.6DDiLFbZd0/experiment-work/libmany.so [0]: normal symbol `probe_0200'
   1934503:	binding file /tmp/tmp.6DDiLFbZd0/experiment-work/lazy [0] to /tmp/tmp.6DDiLFbZd0/experiment-work/libmany.so [0]: normal symbol `probe_0201'
   1934503:	binding file /tmp/tmp.6DDiLFbZd0/experiment-work/lazy [0] to /tmp/tmp.6DDiLFbZd0/experiment-work/libmany.so [0]: normal symbol `probe_0202'
   1934503:	binding file /tmp/tmp.6DDiLFbZd0/experiment-work/lazy [0] to /tmp/tmp.6DDiLFbZd0/experiment-work/libmany.so [0]: normal symbol `probe_0203'
   1934503:	binding file /tmp/tmp.6DDiLFbZd0/experiment-work/lazy [0] to /tmp/tmp.6DDiLFbZd0/experiment-work/libmany.so [0]: normal symbol `probe_0204'
   1934503:	binding file /tmp/tmp.6DDiLFbZd0/experiment-work/lazy [0] to /tmp/tmp.6DDiLFbZd0/experiment-work/libmany.so [0]: normal symbol `probe_0205'
   1934503:	binding file /tmp/tmp.6DDiLFbZd0/experiment-work/lazy [0] to /tmp/tmp.6DDiLFbZd0/experiment-work/libmany.so [0]: normal symbol `probe_0206'
   1934503:	binding file /tmp/tmp.6DDiLFbZd0/experiment-work/lazy [0] to /tmp/tmp.6DDiLFbZd0/experiment-work/libmany.so [0]: normal symbol `probe_0207'
   1934503:	binding file /tmp/tmp.6DDiLFbZd0/experiment-work/lazy [0] to /tmp/tmp.6DDiLFbZd0/experiment-work/libmany.so [0]: normal symbol `probe_0208'
   1934503:	binding file /tmp/tmp.6DDiLFbZd0/experiment-work/lazy [0] to /tmp/tmp.6DDiLFbZd0/experiment-work/libmany.so [0]: normal symbol `probe_0209'
   1934503:	binding file /tmp/tmp.6DDiLFbZd0/experiment-work/lazy [0] to /tmp/tmp.6DDiLFbZd0/experiment-work/libmany.so [0]: normal symbol `probe_0210'
   1934503:	binding file /tmp/tmp.6DDiLFbZd0/experiment-work/lazy [0] to /tmp/tmp.6DDiLFbZd0/experiment-work/libmany.so [0]: normal symbol `probe_0211'
   1934503:	binding file /tmp/tmp.6DDiLFbZd0/experiment-work/lazy [0] to /tmp/tmp.6DDiLFbZd0/experiment-work/libmany.so [0]: normal symbol `probe_0212'
   1934503:	binding file /tmp/tmp.6DDiLFbZd0/experiment-work/lazy [0] to /tmp/tmp.6DDiLFbZd0/experiment-work/libmany.so [0]: normal symbol `probe_0213'
   1934503:	binding file /tmp/tmp.6DDiLFbZd0/experiment-work/lazy [0] to /tmp/tmp.6DDiLFbZd0/experiment-work/libmany.so [0]: normal symbol `probe_0214'
   1934503:	binding file /tmp/tmp.6DDiLFbZd0/experiment-work/lazy [0] to /tmp/tmp.6DDiLFbZd0/experiment-work/libmany.so [0]: normal symbol `probe_0215'
   1934503:	binding file /tmp/tmp.6DDiLFbZd0/experiment-work/lazy [0] to /tmp/tmp.6DDiLFbZd0/experiment-work/libmany.so [0]: normal symbol `probe_0216'
   1934503:	binding file /tmp/tmp.6DDiLFbZd0/experiment-work/lazy [0] to /tmp/tmp.6DDiLFbZd0/experiment-work/libmany.so [0]: normal symbol `probe_0217'
   1934503:	binding file /tmp/tmp.6DDiLFbZd0/experiment-work/lazy [0] to /tmp/tmp.6DDiLFbZd0/experiment-work/libmany.so [0]: normal symbol `probe_0218'
   1934503:	binding file /tmp/tmp.6DDiLFbZd0/experiment-work/lazy [0] to /tmp/tmp.6DDiLFbZd0/experiment-work/libmany.so [0]: normal symbol `probe_0219'
   1934503:	binding file /tmp/tmp.6DDiLFbZd0/experiment-work/lazy [0] to /tmp/tmp.6DDiLFbZd0/experiment-work/libmany.so [0]: normal symbol `probe_0220'
   1934503:	binding file /tmp/tmp.6DDiLFbZd0/experiment-work/lazy [0] to /tmp/tmp.6DDiLFbZd0/experiment-work/libmany.so [0]: normal symbol `probe_0221'
   1934503:	binding file /tmp/tmp.6DDiLFbZd0/experiment-work/lazy [0] to /tmp/tmp.6DDiLFbZd0/experiment-work/libmany.so [0]: normal symbol `probe_0222'
   1934503:	binding file /tmp/tmp.6DDiLFbZd0/experiment-work/lazy [0] to /tmp/tmp.6DDiLFbZd0/experiment-work/libmany.so [0]: normal symbol `probe_0223'
   1934503:	binding file /tmp/tmp.6DDiLFbZd0/experiment-work/lazy [0] to /tmp/tmp.6DDiLFbZd0/experiment-work/libmany.so [0]: normal symbol `probe_0224'
   1934503:	binding file /tmp/tmp.6DDiLFbZd0/experiment-work/lazy [0] to /tmp/tmp.6DDiLFbZd0/experiment-work/libmany.so [0]: normal symbol `probe_0225'
   1934503:	binding file /tmp/tmp.6DDiLFbZd0/experiment-work/lazy [0] to /tmp/tmp.6DDiLFbZd0/experiment-work/libmany.so [0]: normal symbol `probe_0226'
   1934503:	binding file /tmp/tmp.6DDiLFbZd0/experiment-work/lazy [0] to /tmp/tmp.6DDiLFbZd0/experiment-work/libmany.so [0]: normal symbol `probe_0227'
   1934503:	binding file /tmp/tmp.6DDiLFbZd0/experiment-work/lazy [0] to /tmp/tmp.6DDiLFbZd0/experiment-work/libmany.so [0]: normal symbol `probe_0228'
   1934503:	binding file /tmp/tmp.6DDiLFbZd0/experiment-work/lazy [0] to /tmp/tmp.6DDiLFbZd0/experiment-work/libmany.so [0]: normal symbol `probe_0229'
   1934503:	binding file /tmp/tmp.6DDiLFbZd0/experiment-work/lazy [0] to /tmp/tmp.6DDiLFbZd0/experiment-work/libmany.so [0]: normal symbol `probe_0230'
   1934503:	binding file /tmp/tmp.6DDiLFbZd0/experiment-work/lazy [0] to /tmp/tmp.6DDiLFbZd0/experiment-work/libmany.so [0]: normal symbol `probe_0231'
   1934503:	binding file /tmp/tmp.6DDiLFbZd0/experiment-work/lazy [0] to /tmp/tmp.6DDiLFbZd0/experiment-work/libmany.so [0]: normal symbol `probe_0232'
   1934503:	binding file /tmp/tmp.6DDiLFbZd0/experiment-work/lazy [0] to /tmp/tmp.6DDiLFbZd0/experiment-work/libmany.so [0]: normal symbol `probe_0233'
   1934503:	binding file /tmp/tmp.6DDiLFbZd0/experiment-work/lazy [0] to /tmp/tmp.6DDiLFbZd0/experiment-work/libmany.so [0]: normal symbol `probe_0234'
   1934503:	binding file /tmp/tmp.6DDiLFbZd0/experiment-work/lazy [0] to /tmp/tmp.6DDiLFbZd0/experiment-work/libmany.so [0]: normal symbol `probe_0235'
   1934503:	binding file /tmp/tmp.6DDiLFbZd0/experiment-work/lazy [0] to /tmp/tmp.6DDiLFbZd0/experiment-work/libmany.so [0]: normal symbol `probe_0236'
   1934503:	binding file /tmp/tmp.6DDiLFbZd0/experiment-work/lazy [0] to /tmp/tmp.6DDiLFbZd0/experiment-work/libmany.so [0]: normal symbol `probe_0237'
   1934503:	binding file /tmp/tmp.6DDiLFbZd0/experiment-work/lazy [0] to /tmp/tmp.6DDiLFbZd0/experiment-work/libmany.so [0]: normal symbol `probe_0238'
   1934503:	binding file /tmp/tmp.6DDiLFbZd0/experiment-work/lazy [0] to /tmp/tmp.6DDiLFbZd0/experiment-work/libmany.so [0]: normal symbol `probe_0239'
   1934503:	binding file /tmp/tmp.6DDiLFbZd0/experiment-work/lazy [0] to /tmp/tmp.6DDiLFbZd0/experiment-work/libmany.so [0]: normal symbol `probe_0240'
   1934503:	binding file /tmp/tmp.6DDiLFbZd0/experiment-work/lazy [0] to /tmp/tmp.6DDiLFbZd0/experiment-work/libmany.so [0]: normal symbol `probe_0241'
   1934503:	binding file /tmp/tmp.6DDiLFbZd0/experiment-work/lazy [0] to /tmp/tmp.6DDiLFbZd0/experiment-work/libmany.so [0]: normal symbol `probe_0242'
   1934503:	binding file /tmp/tmp.6DDiLFbZd0/experiment-work/lazy [0] to /tmp/tmp.6DDiLFbZd0/experiment-work/libmany.so [0]: normal symbol `probe_0243'
   1934503:	binding file /tmp/tmp.6DDiLFbZd0/experiment-work/lazy [0] to /tmp/tmp.6DDiLFbZd0/experiment-work/libmany.so [0]: normal symbol `probe_0244'
   1934503:	binding file /tmp/tmp.6DDiLFbZd0/experiment-work/lazy [0] to /tmp/tmp.6DDiLFbZd0/experiment-work/libmany.so [0]: normal symbol `probe_0245'
   1934503:	binding file /tmp/tmp.6DDiLFbZd0/experiment-work/lazy [0] to /tmp/tmp.6DDiLFbZd0/experiment-work/libmany.so [0]: normal symbol `probe_0246'
   1934503:	binding file /tmp/tmp.6DDiLFbZd0/experiment-work/lazy [0] to /tmp/tmp.6DDiLFbZd0/experiment-work/libmany.so [0]: normal symbol `probe_0247'
   1934503:	binding file /tmp/tmp.6DDiLFbZd0/experiment-work/lazy [0] to /tmp/tmp.6DDiLFbZd0/experiment-work/libmany.so [0]: normal symbol `probe_0248'
   1934503:	binding file /tmp/tmp.6DDiLFbZd0/experiment-work/lazy [0] to /tmp/tmp.6DDiLFbZd0/experiment-work/libmany.so [0]: normal symbol `probe_0249'
   1934503:	binding file /tmp/tmp.6DDiLFbZd0/experiment-work/lazy [0] to /tmp/tmp.6DDiLFbZd0/experiment-work/libmany.so [0]: normal symbol `probe_0250'
   1934503:	binding file /tmp/tmp.6DDiLFbZd0/experiment-work/lazy [0] to /tmp/tmp.6DDiLFbZd0/experiment-work/libmany.so [0]: normal symbol `probe_0251'
   1934503:	binding file /tmp/tmp.6DDiLFbZd0/experiment-work/lazy [0] to /tmp/tmp.6DDiLFbZd0/experiment-work/libmany.so [0]: normal symbol `probe_0252'
   1934503:	binding file /tmp/tmp.6DDiLFbZd0/experiment-work/lazy [0] to /tmp/tmp.6DDiLFbZd0/experiment-work/libmany.so [0]: normal symbol `probe_0253'
   1934503:	binding file /tmp/tmp.6DDiLFbZd0/experiment-work/lazy [0] to /tmp/tmp.6DDiLFbZd0/experiment-work/libmany.so [0]: normal symbol `probe_0254'
   1934503:	binding file /tmp/tmp.6DDiLFbZd0/experiment-work/lazy [0] to /tmp/tmp.6DDiLFbZd0/experiment-work/libmany.so [0]: normal symbol `probe_0255'
   1934503:	binding file /tmp/tmp.6DDiLFbZd0/experiment-work/lazy [0] to /tmp/tmp.6DDiLFbZd0/experiment-work/libmany.so [0]: normal symbol `probe_0256'
   1934503:	binding file /tmp/tmp.6DDiLFbZd0/experiment-work/lazy [0] to /tmp/tmp.6DDiLFbZd0/experiment-work/libmany.so [0]: normal symbol `probe_0257'
   1934503:	binding file /tmp/tmp.6DDiLFbZd0/experiment-work/lazy [0] to /tmp/tmp.6DDiLFbZd0/experiment-work/libmany.so [0]: normal symbol `probe_0258'
   1934503:	binding file /tmp/tmp.6DDiLFbZd0/experiment-work/lazy [0] to /tmp/tmp.6DDiLFbZd0/experiment-work/libmany.so [0]: normal symbol `probe_0259'
   1934503:	binding file /tmp/tmp.6DDiLFbZd0/experiment-work/lazy [0] to /tmp/tmp.6DDiLFbZd0/experiment-work/libmany.so [0]: normal symbol `probe_0260'
   1934503:	binding file /tmp/tmp.6DDiLFbZd0/experiment-work/lazy [0] to /tmp/tmp.6DDiLFbZd0/experiment-work/libmany.so [0]: normal symbol `probe_0261'
   1934503:	binding file /tmp/tmp.6DDiLFbZd0/experiment-work/lazy [0] to /tmp/tmp.6DDiLFbZd0/experiment-work/libmany.so [0]: normal symbol `probe_0262'
   1934503:	binding file /tmp/tmp.6DDiLFbZd0/experiment-work/lazy [0] to /tmp/tmp.6DDiLFbZd0/experiment-work/libmany.so [0]: normal symbol `probe_0263'
   1934503:	binding file /tmp/tmp.6DDiLFbZd0/experiment-work/lazy [0] to /tmp/tmp.6DDiLFbZd0/experiment-work/libmany.so [0]: normal symbol `probe_0264'
   1934503:	binding file /tmp/tmp.6DDiLFbZd0/experiment-work/lazy [0] to /tmp/tmp.6DDiLFbZd0/experiment-work/libmany.so [0]: normal symbol `probe_0265'
   1934503:	binding file /tmp/tmp.6DDiLFbZd0/experiment-work/lazy [0] to /tmp/tmp.6DDiLFbZd0/experiment-work/libmany.so [0]: normal symbol `probe_0266'
   1934503:	binding file /tmp/tmp.6DDiLFbZd0/experiment-work/lazy [0] to /tmp/tmp.6DDiLFbZd0/experiment-work/libmany.so [0]: normal symbol `probe_0267'
   1934503:	binding file /tmp/tmp.6DDiLFbZd0/experiment-work/lazy [0] to /tmp/tmp.6DDiLFbZd0/experiment-work/libmany.so [0]: normal symbol `probe_0268'
   1934503:	binding file /tmp/tmp.6DDiLFbZd0/experiment-work/lazy [0] to /tmp/tmp.6DDiLFbZd0/experiment-work/libmany.so [0]: normal symbol `probe_0269'
   1934503:	binding file /tmp/tmp.6DDiLFbZd0/experiment-work/lazy [0] to /tmp/tmp.6DDiLFbZd0/experiment-work/libmany.so [0]: normal symbol `probe_0270'
   1934503:	binding file /tmp/tmp.6DDiLFbZd0/experiment-work/lazy [0] to /tmp/tmp.6DDiLFbZd0/experiment-work/libmany.so [0]: normal symbol `probe_0271'
   1934503:	binding file /tmp/tmp.6DDiLFbZd0/experiment-work/lazy [0] to /tmp/tmp.6DDiLFbZd0/experiment-work/libmany.so [0]: normal symbol `probe_0272'
   1934503:	binding file /tmp/tmp.6DDiLFbZd0/experiment-work/lazy [0] to /tmp/tmp.6DDiLFbZd0/experiment-work/libmany.so [0]: normal symbol `probe_0273'
   1934503:	binding file /tmp/tmp.6DDiLFbZd0/experiment-work/lazy [0] to /tmp/tmp.6DDiLFbZd0/experiment-work/libmany.so [0]: normal symbol `probe_0274'
   1934503:	binding file /tmp/tmp.6DDiLFbZd0/experiment-work/lazy [0] to /tmp/tmp.6DDiLFbZd0/experiment-work/libmany.so [0]: normal symbol `probe_0275'
   1934503:	binding file /tmp/tmp.6DDiLFbZd0/experiment-work/lazy [0] to /tmp/tmp.6DDiLFbZd0/experiment-work/libmany.so [0]: normal symbol `probe_0276'
   1934503:	binding file /tmp/tmp.6DDiLFbZd0/experiment-work/lazy [0] to /tmp/tmp.6DDiLFbZd0/experiment-work/libmany.so [0]: normal symbol `probe_0277'
   1934503:	binding file /tmp/tmp.6DDiLFbZd0/experiment-work/lazy [0] to /tmp/tmp.6DDiLFbZd0/experiment-work/libmany.so [0]: normal symbol `probe_0278'
   1934503:	binding file /tmp/tmp.6DDiLFbZd0/experiment-work/lazy [0] to /tmp/tmp.6DDiLFbZd0/experiment-work/libmany.so [0]: normal symbol `probe_0279'
   1934503:	binding file /tmp/tmp.6DDiLFbZd0/experiment-work/lazy [0] to /tmp/tmp.6DDiLFbZd0/experiment-work/libmany.so [0]: normal symbol `probe_0280'
   1934503:	binding file /tmp/tmp.6DDiLFbZd0/experiment-work/lazy [0] to /tmp/tmp.6DDiLFbZd0/experiment-work/libmany.so [0]: normal symbol `probe_0281'
   1934503:	binding file /tmp/tmp.6DDiLFbZd0/experiment-work/lazy [0] to /tmp/tmp.6DDiLFbZd0/experiment-work/libmany.so [0]: normal symbol `probe_0282'
   1934503:	binding file /tmp/tmp.6DDiLFbZd0/experiment-work/lazy [0] to /tmp/tmp.6DDiLFbZd0/experiment-work/libmany.so [0]: normal symbol `probe_0283'
   1934503:	binding file /tmp/tmp.6DDiLFbZd0/experiment-work/lazy [0] to /tmp/tmp.6DDiLFbZd0/experiment-work/libmany.so [0]: normal symbol `probe_0284'
   1934503:	binding file /tmp/tmp.6DDiLFbZd0/experiment-work/lazy [0] to /tmp/tmp.6DDiLFbZd0/experiment-work/libmany.so [0]: normal symbol `probe_0285'
   1934503:	binding file /tmp/tmp.6DDiLFbZd0/experiment-work/lazy [0] to /tmp/tmp.6DDiLFbZd0/experiment-work/libmany.so [0]: normal symbol `probe_0286'
   1934503:	binding file /tmp/tmp.6DDiLFbZd0/experiment-work/lazy [0] to /tmp/tmp.6DDiLFbZd0/experiment-work/libmany.so [0]: normal symbol `probe_0287'
   1934503:	binding file /tmp/tmp.6DDiLFbZd0/experiment-work/lazy [0] to /tmp/tmp.6DDiLFbZd0/experiment-work/libmany.so [0]: normal symbol `probe_0288'
   1934503:	binding file /tmp/tmp.6DDiLFbZd0/experiment-work/lazy [0] to /tmp/tmp.6DDiLFbZd0/experiment-work/libmany.so [0]: normal symbol `probe_0289'
   1934503:	binding file /tmp/tmp.6DDiLFbZd0/experiment-work/lazy [0] to /tmp/tmp.6DDiLFbZd0/experiment-work/libmany.so [0]: normal symbol `probe_0290'
   1934503:	binding file /tmp/tmp.6DDiLFbZd0/experiment-work/lazy [0] to /tmp/tmp.6DDiLFbZd0/experiment-work/libmany.so [0]: normal symbol `probe_0291'
   1934503:	binding file /tmp/tmp.6DDiLFbZd0/experiment-work/lazy [0] to /tmp/tmp.6DDiLFbZd0/experiment-work/libmany.so [0]: normal symbol `probe_0292'
   1934503:	binding file /tmp/tmp.6DDiLFbZd0/experiment-work/lazy [0] to /tmp/tmp.6DDiLFbZd0/experiment-work/libmany.so [0]: normal symbol `probe_0293'
   1934503:	binding file /tmp/tmp.6DDiLFbZd0/experiment-work/lazy [0] to /tmp/tmp.6DDiLFbZd0/experiment-work/libmany.so [0]: normal symbol `probe_0294'
   1934503:	binding file /tmp/tmp.6DDiLFbZd0/experiment-work/lazy [0] to /tmp/tmp.6DDiLFbZd0/experiment-work/libmany.so [0]: normal symbol `probe_0295'
   1934503:	binding file /tmp/tmp.6DDiLFbZd0/experiment-work/lazy [0] to /tmp/tmp.6DDiLFbZd0/experiment-work/libmany.so [0]: normal symbol `probe_0296'
   1934503:	binding file /tmp/tmp.6DDiLFbZd0/experiment-work/lazy [0] to /tmp/tmp.6DDiLFbZd0/experiment-work/libmany.so [0]: normal symbol `probe_0297'
   1934503:	binding file /tmp/tmp.6DDiLFbZd0/experiment-work/lazy [0] to /tmp/tmp.6DDiLFbZd0/experiment-work/libmany.so [0]: normal symbol `probe_0298'
   1934503:	binding file /tmp/tmp.6DDiLFbZd0/experiment-work/lazy [0] to /tmp/tmp.6DDiLFbZd0/experiment-work/libmany.so [0]: normal symbol `probe_0299'
   1934503:	binding file /tmp/tmp.6DDiLFbZd0/experiment-work/lazy [0] to /tmp/tmp.6DDiLFbZd0/experiment-work/libmany.so [0]: normal symbol `probe_0300'
   1934503:	binding file /tmp/tmp.6DDiLFbZd0/experiment-work/lazy [0] to /tmp/tmp.6DDiLFbZd0/experiment-work/libmany.so [0]: normal symbol `probe_0301'
   1934503:	binding file /tmp/tmp.6DDiLFbZd0/experiment-work/lazy [0] to /tmp/tmp.6DDiLFbZd0/experiment-work/libmany.so [0]: normal symbol `probe_0302'
   1934503:	binding file /tmp/tmp.6DDiLFbZd0/experiment-work/lazy [0] to /tmp/tmp.6DDiLFbZd0/experiment-work/libmany.so [0]: normal symbol `probe_0303'
   1934503:	binding file /tmp/tmp.6DDiLFbZd0/experiment-work/lazy [0] to /tmp/tmp.6DDiLFbZd0/experiment-work/libmany.so [0]: normal symbol `probe_0304'
   1934503:	binding file /tmp/tmp.6DDiLFbZd0/experiment-work/lazy [0] to /tmp/tmp.6DDiLFbZd0/experiment-work/libmany.so [0]: normal symbol `probe_0305'
   1934503:	binding file /tmp/tmp.6DDiLFbZd0/experiment-work/lazy [0] to /tmp/tmp.6DDiLFbZd0/experiment-work/libmany.so [0]: normal symbol `probe_0306'
   1934503:	binding file /tmp/tmp.6DDiLFbZd0/experiment-work/lazy [0] to /tmp/tmp.6DDiLFbZd0/experiment-work/libmany.so [0]: normal symbol `probe_0307'
   1934503:	binding file /tmp/tmp.6DDiLFbZd0/experiment-work/lazy [0] to /tmp/tmp.6DDiLFbZd0/experiment-work/libmany.so [0]: normal symbol `probe_0308'
   1934503:	binding file /tmp/tmp.6DDiLFbZd0/experiment-work/lazy [0] to /tmp/tmp.6DDiLFbZd0/experiment-work/libmany.so [0]: normal symbol `probe_0309'
   1934503:	binding file /tmp/tmp.6DDiLFbZd0/experiment-work/lazy [0] to /tmp/tmp.6DDiLFbZd0/experiment-work/libmany.so [0]: normal symbol `probe_0310'
   1934503:	binding file /tmp/tmp.6DDiLFbZd0/experiment-work/lazy [0] to /tmp/tmp.6DDiLFbZd0/experiment-work/libmany.so [0]: normal symbol `probe_0311'
   1934503:	binding file /tmp/tmp.6DDiLFbZd0/experiment-work/lazy [0] to /tmp/tmp.6DDiLFbZd0/experiment-work/libmany.so [0]: normal symbol `probe_0312'
   1934503:	binding file /tmp/tmp.6DDiLFbZd0/experiment-work/lazy [0] to /tmp/tmp.6DDiLFbZd0/experiment-work/libmany.so [0]: normal symbol `probe_0313'
   1934503:	binding file /tmp/tmp.6DDiLFbZd0/experiment-work/lazy [0] to /tmp/tmp.6DDiLFbZd0/experiment-work/libmany.so [0]: normal symbol `probe_0314'
   1934503:	binding file /tmp/tmp.6DDiLFbZd0/experiment-work/lazy [0] to /tmp/tmp.6DDiLFbZd0/experiment-work/libmany.so [0]: normal symbol `probe_0315'
   1934503:	binding file /tmp/tmp.6DDiLFbZd0/experiment-work/lazy [0] to /tmp/tmp.6DDiLFbZd0/experiment-work/libmany.so [0]: normal symbol `probe_0316'
   1934503:	binding file /tmp/tmp.6DDiLFbZd0/experiment-work/lazy [0] to /tmp/tmp.6DDiLFbZd0/experiment-work/libmany.so [0]: normal symbol `probe_0317'
   1934503:	binding file /tmp/tmp.6DDiLFbZd0/experiment-work/lazy [0] to /tmp/tmp.6DDiLFbZd0/experiment-work/libmany.so [0]: normal symbol `probe_0318'
   1934503:	binding file /tmp/tmp.6DDiLFbZd0/experiment-work/lazy [0] to /tmp/tmp.6DDiLFbZd0/experiment-work/libmany.so [0]: normal symbol `probe_0319'
   1934503:	binding file /tmp/tmp.6DDiLFbZd0/experiment-work/lazy [0] to /tmp/tmp.6DDiLFbZd0/experiment-work/libmany.so [0]: normal symbol `probe_0320'
   1934503:	binding file /tmp/tmp.6DDiLFbZd0/experiment-work/lazy [0] to /tmp/tmp.6DDiLFbZd0/experiment-work/libmany.so [0]: normal symbol `probe_0321'
   1934503:	binding file /tmp/tmp.6DDiLFbZd0/experiment-work/lazy [0] to /tmp/tmp.6DDiLFbZd0/experiment-work/libmany.so [0]: normal symbol `probe_0322'
   1934503:	binding file /tmp/tmp.6DDiLFbZd0/experiment-work/lazy [0] to /tmp/tmp.6DDiLFbZd0/experiment-work/libmany.so [0]: normal symbol `probe_0323'
   1934503:	binding file /tmp/tmp.6DDiLFbZd0/experiment-work/lazy [0] to /tmp/tmp.6DDiLFbZd0/experiment-work/libmany.so [0]: normal symbol `probe_0324'
   1934503:	binding file /tmp/tmp.6DDiLFbZd0/experiment-work/lazy [0] to /tmp/tmp.6DDiLFbZd0/experiment-work/libmany.so [0]: normal symbol `probe_0325'
   1934503:	binding file /tmp/tmp.6DDiLFbZd0/experiment-work/lazy [0] to /tmp/tmp.6DDiLFbZd0/experiment-work/libmany.so [0]: normal symbol `probe_0326'
   1934503:	binding file /tmp/tmp.6DDiLFbZd0/experiment-work/lazy [0] to /tmp/tmp.6DDiLFbZd0/experiment-work/libmany.so [0]: normal symbol `probe_0327'
   1934503:	binding file /tmp/tmp.6DDiLFbZd0/experiment-work/lazy [0] to /tmp/tmp.6DDiLFbZd0/experiment-work/libmany.so [0]: normal symbol `probe_0328'
   1934503:	binding file /tmp/tmp.6DDiLFbZd0/experiment-work/lazy [0] to /tmp/tmp.6DDiLFbZd0/experiment-work/libmany.so [0]: normal symbol `probe_0329'
   1934503:	binding file /tmp/tmp.6DDiLFbZd0/experiment-work/lazy [0] to /tmp/tmp.6DDiLFbZd0/experiment-work/libmany.so [0]: normal symbol `probe_0330'
   1934503:	binding file /tmp/tmp.6DDiLFbZd0/experiment-work/lazy [0] to /tmp/tmp.6DDiLFbZd0/experiment-work/libmany.so [0]: normal symbol `probe_0331'
   1934503:	binding file /tmp/tmp.6DDiLFbZd0/experiment-work/lazy [0] to /tmp/tmp.6DDiLFbZd0/experiment-work/libmany.so [0]: normal symbol `probe_0332'
   1934503:	binding file /tmp/tmp.6DDiLFbZd0/experiment-work/lazy [0] to /tmp/tmp.6DDiLFbZd0/experiment-work/libmany.so [0]: normal symbol `probe_0333'
   1934503:	binding file /tmp/tmp.6DDiLFbZd0/experiment-work/lazy [0] to /tmp/tmp.6DDiLFbZd0/experiment-work/libmany.so [0]: normal symbol `probe_0334'
   1934503:	binding file /tmp/tmp.6DDiLFbZd0/experiment-work/lazy [0] to /tmp/tmp.6DDiLFbZd0/experiment-work/libmany.so [0]: normal symbol `probe_0335'
   1934503:	binding file /tmp/tmp.6DDiLFbZd0/experiment-work/lazy [0] to /tmp/tmp.6DDiLFbZd0/experiment-work/libmany.so [0]: normal symbol `probe_0336'
   1934503:	binding file /tmp/tmp.6DDiLFbZd0/experiment-work/lazy [0] to /tmp/tmp.6DDiLFbZd0/experiment-work/libmany.so [0]: normal symbol `probe_0337'
   1934503:	binding file /tmp/tmp.6DDiLFbZd0/experiment-work/lazy [0] to /tmp/tmp.6DDiLFbZd0/experiment-work/libmany.so [0]: normal symbol `probe_0338'
   1934503:	binding file /tmp/tmp.6DDiLFbZd0/experiment-work/lazy [0] to /tmp/tmp.6DDiLFbZd0/experiment-work/libmany.so [0]: normal symbol `probe_0339'
   1934503:	binding file /tmp/tmp.6DDiLFbZd0/experiment-work/lazy [0] to /tmp/tmp.6DDiLFbZd0/experiment-work/libmany.so [0]: normal symbol `probe_0340'
   1934503:	binding file /tmp/tmp.6DDiLFbZd0/experiment-work/lazy [0] to /tmp/tmp.6DDiLFbZd0/experiment-work/libmany.so [0]: normal symbol `probe_0341'
   1934503:	binding file /tmp/tmp.6DDiLFbZd0/experiment-work/lazy [0] to /tmp/tmp.6DDiLFbZd0/experiment-work/libmany.so [0]: normal symbol `probe_0342'
   1934503:	binding file /tmp/tmp.6DDiLFbZd0/experiment-work/lazy [0] to /tmp/tmp.6DDiLFbZd0/experiment-work/libmany.so [0]: normal symbol `probe_0343'
   1934503:	binding file /tmp/tmp.6DDiLFbZd0/experiment-work/lazy [0] to /tmp/tmp.6DDiLFbZd0/experiment-work/libmany.so [0]: normal symbol `probe_0344'
   1934503:	binding file /tmp/tmp.6DDiLFbZd0/experiment-work/lazy [0] to /tmp/tmp.6DDiLFbZd0/experiment-work/libmany.so [0]: normal symbol `probe_0345'
   1934503:	binding file /tmp/tmp.6DDiLFbZd0/experiment-work/lazy [0] to /tmp/tmp.6DDiLFbZd0/experiment-work/libmany.so [0]: normal symbol `probe_0346'
   1934503:	binding file /tmp/tmp.6DDiLFbZd0/experiment-work/lazy [0] to /tmp/tmp.6DDiLFbZd0/experiment-work/libmany.so [0]: normal symbol `probe_0347'
   1934503:	binding file /tmp/tmp.6DDiLFbZd0/experiment-work/lazy [0] to /tmp/tmp.6DDiLFbZd0/experiment-work/libmany.so [0]: normal symbol `probe_0348'
   1934503:	binding file /tmp/tmp.6DDiLFbZd0/experiment-work/lazy [0] to /tmp/tmp.6DDiLFbZd0/experiment-work/libmany.so [0]: normal symbol `probe_0349'
   1934503:	binding file /tmp/tmp.6DDiLFbZd0/experiment-work/lazy [0] to /tmp/tmp.6DDiLFbZd0/experiment-work/libmany.so [0]: normal symbol `probe_0350'
   1934503:	binding file /tmp/tmp.6DDiLFbZd0/experiment-work/lazy [0] to /tmp/tmp.6DDiLFbZd0/experiment-work/libmany.so [0]: normal symbol `probe_0351'
   1934503:	binding file /tmp/tmp.6DDiLFbZd0/experiment-work/lazy [0] to /tmp/tmp.6DDiLFbZd0/experiment-work/libmany.so [0]: normal symbol `probe_0352'
   1934503:	binding file /tmp/tmp.6DDiLFbZd0/experiment-work/lazy [0] to /tmp/tmp.6DDiLFbZd0/experiment-work/libmany.so [0]: normal symbol `probe_0353'
   1934503:	binding file /tmp/tmp.6DDiLFbZd0/experiment-work/lazy [0] to /tmp/tmp.6DDiLFbZd0/experiment-work/libmany.so [0]: normal symbol `probe_0354'
   1934503:	binding file /tmp/tmp.6DDiLFbZd0/experiment-work/lazy [0] to /tmp/tmp.6DDiLFbZd0/experiment-work/libmany.so [0]: normal symbol `probe_0355'
   1934503:	binding file /tmp/tmp.6DDiLFbZd0/experiment-work/lazy [0] to /tmp/tmp.6DDiLFbZd0/experiment-work/libmany.so [0]: normal symbol `probe_0356'
   1934503:	binding file /tmp/tmp.6DDiLFbZd0/experiment-work/lazy [0] to /tmp/tmp.6DDiLFbZd0/experiment-work/libmany.so [0]: normal symbol `probe_0357'
   1934503:	binding file /tmp/tmp.6DDiLFbZd0/experiment-work/lazy [0] to /tmp/tmp.6DDiLFbZd0/experiment-work/libmany.so [0]: normal symbol `probe_0358'
   1934503:	binding file /tmp/tmp.6DDiLFbZd0/experiment-work/lazy [0] to /tmp/tmp.6DDiLFbZd0/experiment-work/libmany.so [0]: normal symbol `probe_0359'
   1934503:	binding file /tmp/tmp.6DDiLFbZd0/experiment-work/lazy [0] to /tmp/tmp.6DDiLFbZd0/experiment-work/libmany.so [0]: normal symbol `probe_0360'
   1934503:	binding file /tmp/tmp.6DDiLFbZd0/experiment-work/lazy [0] to /tmp/tmp.6DDiLFbZd0/experiment-work/libmany.so [0]: normal symbol `probe_0361'
   1934503:	binding file /tmp/tmp.6DDiLFbZd0/experiment-work/lazy [0] to /tmp/tmp.6DDiLFbZd0/experiment-work/libmany.so [0]: normal symbol `probe_0362'
   1934503:	binding file /tmp/tmp.6DDiLFbZd0/experiment-work/lazy [0] to /tmp/tmp.6DDiLFbZd0/experiment-work/libmany.so [0]: normal symbol `probe_0363'
   1934503:	binding file /tmp/tmp.6DDiLFbZd0/experiment-work/lazy [0] to /tmp/tmp.6DDiLFbZd0/experiment-work/libmany.so [0]: normal symbol `probe_0364'
   1934503:	binding file /tmp/tmp.6DDiLFbZd0/experiment-work/lazy [0] to /tmp/tmp.6DDiLFbZd0/experiment-work/libmany.so [0]: normal symbol `probe_0365'
   1934503:	binding file /tmp/tmp.6DDiLFbZd0/experiment-work/lazy [0] to /tmp/tmp.6DDiLFbZd0/experiment-work/libmany.so [0]: normal symbol `probe_0366'
   1934503:	binding file /tmp/tmp.6DDiLFbZd0/experiment-work/lazy [0] to /tmp/tmp.6DDiLFbZd0/experiment-work/libmany.so [0]: normal symbol `probe_0367'
   1934503:	binding file /tmp/tmp.6DDiLFbZd0/experiment-work/lazy [0] to /tmp/tmp.6DDiLFbZd0/experiment-work/libmany.so [0]: normal symbol `probe_0368'
   1934503:	binding file /tmp/tmp.6DDiLFbZd0/experiment-work/lazy [0] to /tmp/tmp.6DDiLFbZd0/experiment-work/libmany.so [0]: normal symbol `probe_0369'
   1934503:	binding file /tmp/tmp.6DDiLFbZd0/experiment-work/lazy [0] to /tmp/tmp.6DDiLFbZd0/experiment-work/libmany.so [0]: normal symbol `probe_0370'
   1934503:	binding file /tmp/tmp.6DDiLFbZd0/experiment-work/lazy [0] to /tmp/tmp.6DDiLFbZd0/experiment-work/libmany.so [0]: normal symbol `probe_0371'
   1934503:	binding file /tmp/tmp.6DDiLFbZd0/experiment-work/lazy [0] to /tmp/tmp.6DDiLFbZd0/experiment-work/libmany.so [0]: normal symbol `probe_0372'
   1934503:	binding file /tmp/tmp.6DDiLFbZd0/experiment-work/lazy [0] to /tmp/tmp.6DDiLFbZd0/experiment-work/libmany.so [0]: normal symbol `probe_0373'
   1934503:	binding file /tmp/tmp.6DDiLFbZd0/experiment-work/lazy [0] to /tmp/tmp.6DDiLFbZd0/experiment-work/libmany.so [0]: normal symbol `probe_0374'
   1934503:	binding file /tmp/tmp.6DDiLFbZd0/experiment-work/lazy [0] to /tmp/tmp.6DDiLFbZd0/experiment-work/libmany.so [0]: normal symbol `probe_0375'
   1934503:	binding file /tmp/tmp.6DDiLFbZd0/experiment-work/lazy [0] to /tmp/tmp.6DDiLFbZd0/experiment-work/libmany.so [0]: normal symbol `probe_0376'
   1934503:	binding file /tmp/tmp.6DDiLFbZd0/experiment-work/lazy [0] to /tmp/tmp.6DDiLFbZd0/experiment-work/libmany.so [0]: normal symbol `probe_0377'
   1934503:	binding file /tmp/tmp.6DDiLFbZd0/experiment-work/lazy [0] to /tmp/tmp.6DDiLFbZd0/experiment-work/libmany.so [0]: normal symbol `probe_0378'
   1934503:	binding file /tmp/tmp.6DDiLFbZd0/experiment-work/lazy [0] to /tmp/tmp.6DDiLFbZd0/experiment-work/libmany.so [0]: normal symbol `probe_0379'
   1934503:	binding file /tmp/tmp.6DDiLFbZd0/experiment-work/lazy [0] to /tmp/tmp.6DDiLFbZd0/experiment-work/libmany.so [0]: normal symbol `probe_0380'
   1934503:	binding file /tmp/tmp.6DDiLFbZd0/experiment-work/lazy [0] to /tmp/tmp.6DDiLFbZd0/experiment-work/libmany.so [0]: normal symbol `probe_0381'
   1934503:	binding file /tmp/tmp.6DDiLFbZd0/experiment-work/lazy [0] to /tmp/tmp.6DDiLFbZd0/experiment-work/libmany.so [0]: normal symbol `probe_0382'
   1934503:	binding file /tmp/tmp.6DDiLFbZd0/experiment-work/lazy [0] to /tmp/tmp.6DDiLFbZd0/experiment-work/libmany.so [0]: normal symbol `probe_0383'
   1934503:	binding file /tmp/tmp.6DDiLFbZd0/experiment-work/lazy [0] to /tmp/tmp.6DDiLFbZd0/experiment-work/libmany.so [0]: normal symbol `probe_0384'
   1934503:	binding file /tmp/tmp.6DDiLFbZd0/experiment-work/lazy [0] to /tmp/tmp.6DDiLFbZd0/experiment-work/libmany.so [0]: normal symbol `probe_0385'
   1934503:	binding file /tmp/tmp.6DDiLFbZd0/experiment-work/lazy [0] to /tmp/tmp.6DDiLFbZd0/experiment-work/libmany.so [0]: normal symbol `probe_0386'
   1934503:	binding file /tmp/tmp.6DDiLFbZd0/experiment-work/lazy [0] to /tmp/tmp.6DDiLFbZd0/experiment-work/libmany.so [0]: normal symbol `probe_0387'
   1934503:	binding file /tmp/tmp.6DDiLFbZd0/experiment-work/lazy [0] to /tmp/tmp.6DDiLFbZd0/experiment-work/libmany.so [0]: normal symbol `probe_0388'
   1934503:	binding file /tmp/tmp.6DDiLFbZd0/experiment-work/lazy [0] to /tmp/tmp.6DDiLFbZd0/experiment-work/libmany.so [0]: normal symbol `probe_0389'
   1934503:	binding file /tmp/tmp.6DDiLFbZd0/experiment-work/lazy [0] to /tmp/tmp.6DDiLFbZd0/experiment-work/libmany.so [0]: normal symbol `probe_0390'
   1934503:	binding file /tmp/tmp.6DDiLFbZd0/experiment-work/lazy [0] to /tmp/tmp.6DDiLFbZd0/experiment-work/libmany.so [0]: normal symbol `probe_0391'
   1934503:	binding file /tmp/tmp.6DDiLFbZd0/experiment-work/lazy [0] to /tmp/tmp.6DDiLFbZd0/experiment-work/libmany.so [0]: normal symbol `probe_0392'
   1934503:	binding file /tmp/tmp.6DDiLFbZd0/experiment-work/lazy [0] to /tmp/tmp.6DDiLFbZd0/experiment-work/libmany.so [0]: normal symbol `probe_0393'
   1934503:	binding file /tmp/tmp.6DDiLFbZd0/experiment-work/lazy [0] to /tmp/tmp.6DDiLFbZd0/experiment-work/libmany.so [0]: normal symbol `probe_0394'
   1934503:	binding file /tmp/tmp.6DDiLFbZd0/experiment-work/lazy [0] to /tmp/tmp.6DDiLFbZd0/experiment-work/libmany.so [0]: normal symbol `probe_0395'
   1934503:	binding file /tmp/tmp.6DDiLFbZd0/experiment-work/lazy [0] to /tmp/tmp.6DDiLFbZd0/experiment-work/libmany.so [0]: normal symbol `probe_0396'
   1934503:	binding file /tmp/tmp.6DDiLFbZd0/experiment-work/lazy [0] to /tmp/tmp.6DDiLFbZd0/experiment-work/libmany.so [0]: normal symbol `probe_0397'
   1934503:	binding file /tmp/tmp.6DDiLFbZd0/experiment-work/lazy [0] to /tmp/tmp.6DDiLFbZd0/experiment-work/libmany.so [0]: normal symbol `probe_0398'
   1934503:	binding file /tmp/tmp.6DDiLFbZd0/experiment-work/lazy [0] to /tmp/tmp.6DDiLFbZd0/experiment-work/libmany.so [0]: normal symbol `probe_0399'
   1934503:	binding file /tmp/tmp.6DDiLFbZd0/experiment-work/lazy [0] to /tmp/tmp.6DDiLFbZd0/experiment-work/libmany.so [0]: normal symbol `probe_0400'
   1934503:	binding file /tmp/tmp.6DDiLFbZd0/experiment-work/lazy [0] to /tmp/tmp.6DDiLFbZd0/experiment-work/libmany.so [0]: normal symbol `probe_0401'
   1934503:	binding file /tmp/tmp.6DDiLFbZd0/experiment-work/lazy [0] to /tmp/tmp.6DDiLFbZd0/experiment-work/libmany.so [0]: normal symbol `probe_0402'
   1934503:	binding file /tmp/tmp.6DDiLFbZd0/experiment-work/lazy [0] to /tmp/tmp.6DDiLFbZd0/experiment-work/libmany.so [0]: normal symbol `probe_0403'
   1934503:	binding file /tmp/tmp.6DDiLFbZd0/experiment-work/lazy [0] to /tmp/tmp.6DDiLFbZd0/experiment-work/libmany.so [0]: normal symbol `probe_0404'
   1934503:	binding file /tmp/tmp.6DDiLFbZd0/experiment-work/lazy [0] to /tmp/tmp.6DDiLFbZd0/experiment-work/libmany.so [0]: normal symbol `probe_0405'
   1934503:	binding file /tmp/tmp.6DDiLFbZd0/experiment-work/lazy [0] to /tmp/tmp.6DDiLFbZd0/experiment-work/libmany.so [0]: normal symbol `probe_0406'
   1934503:	binding file /tmp/tmp.6DDiLFbZd0/experiment-work/lazy [0] to /tmp/tmp.6DDiLFbZd0/experiment-work/libmany.so [0]: normal symbol `probe_0407'
   1934503:	binding file /tmp/tmp.6DDiLFbZd0/experiment-work/lazy [0] to /tmp/tmp.6DDiLFbZd0/experiment-work/libmany.so [0]: normal symbol `probe_0408'
   1934503:	binding file /tmp/tmp.6DDiLFbZd0/experiment-work/lazy [0] to /tmp/tmp.6DDiLFbZd0/experiment-work/libmany.so [0]: normal symbol `probe_0409'
   1934503:	binding file /tmp/tmp.6DDiLFbZd0/experiment-work/lazy [0] to /tmp/tmp.6DDiLFbZd0/experiment-work/libmany.so [0]: normal symbol `probe_0410'
   1934503:	binding file /tmp/tmp.6DDiLFbZd0/experiment-work/lazy [0] to /tmp/tmp.6DDiLFbZd0/experiment-work/libmany.so [0]: normal symbol `probe_0411'
   1934503:	binding file /tmp/tmp.6DDiLFbZd0/experiment-work/lazy [0] to /tmp/tmp.6DDiLFbZd0/experiment-work/libmany.so [0]: normal symbol `probe_0412'
   1934503:	binding file /tmp/tmp.6DDiLFbZd0/experiment-work/lazy [0] to /tmp/tmp.6DDiLFbZd0/experiment-work/libmany.so [0]: normal symbol `probe_0413'
   1934503:	binding file /tmp/tmp.6DDiLFbZd0/experiment-work/lazy [0] to /tmp/tmp.6DDiLFbZd0/experiment-work/libmany.so [0]: normal symbol `probe_0414'
   1934503:	binding file /tmp/tmp.6DDiLFbZd0/experiment-work/lazy [0] to /tmp/tmp.6DDiLFbZd0/experiment-work/libmany.so [0]: normal symbol `probe_0415'
   1934503:	binding file /tmp/tmp.6DDiLFbZd0/experiment-work/lazy [0] to /tmp/tmp.6DDiLFbZd0/experiment-work/libmany.so [0]: normal symbol `probe_0416'
   1934503:	binding file /tmp/tmp.6DDiLFbZd0/experiment-work/lazy [0] to /tmp/tmp.6DDiLFbZd0/experiment-work/libmany.so [0]: normal symbol `probe_0417'
   1934503:	binding file /tmp/tmp.6DDiLFbZd0/experiment-work/lazy [0] to /tmp/tmp.6DDiLFbZd0/experiment-work/libmany.so [0]: normal symbol `probe_0418'
   1934503:	binding file /tmp/tmp.6DDiLFbZd0/experiment-work/lazy [0] to /tmp/tmp.6DDiLFbZd0/experiment-work/libmany.so [0]: normal symbol `probe_0419'
   1934503:	binding file /tmp/tmp.6DDiLFbZd0/experiment-work/lazy [0] to /tmp/tmp.6DDiLFbZd0/experiment-work/libmany.so [0]: normal symbol `probe_0420'
   1934503:	binding file /tmp/tmp.6DDiLFbZd0/experiment-work/lazy [0] to /tmp/tmp.6DDiLFbZd0/experiment-work/libmany.so [0]: normal symbol `probe_0421'
   1934503:	binding file /tmp/tmp.6DDiLFbZd0/experiment-work/lazy [0] to /tmp/tmp.6DDiLFbZd0/experiment-work/libmany.so [0]: normal symbol `probe_0422'
   1934503:	binding file /tmp/tmp.6DDiLFbZd0/experiment-work/lazy [0] to /tmp/tmp.6DDiLFbZd0/experiment-work/libmany.so [0]: normal symbol `probe_0423'
   1934503:	binding file /tmp/tmp.6DDiLFbZd0/experiment-work/lazy [0] to /tmp/tmp.6DDiLFbZd0/experiment-work/libmany.so [0]: normal symbol `probe_0424'
   1934503:	binding file /tmp/tmp.6DDiLFbZd0/experiment-work/lazy [0] to /tmp/tmp.6DDiLFbZd0/experiment-work/libmany.so [0]: normal symbol `probe_0425'
   1934503:	binding file /tmp/tmp.6DDiLFbZd0/experiment-work/lazy [0] to /tmp/tmp.6DDiLFbZd0/experiment-work/libmany.so [0]: normal symbol `probe_0426'
   1934503:	binding file /tmp/tmp.6DDiLFbZd0/experiment-work/lazy [0] to /tmp/tmp.6DDiLFbZd0/experiment-work/libmany.so [0]: normal symbol `probe_0427'
   1934503:	binding file /tmp/tmp.6DDiLFbZd0/experiment-work/lazy [0] to /tmp/tmp.6DDiLFbZd0/experiment-work/libmany.so [0]: normal symbol `probe_0428'
   1934503:	binding file /tmp/tmp.6DDiLFbZd0/experiment-work/lazy [0] to /tmp/tmp.6DDiLFbZd0/experiment-work/libmany.so [0]: normal symbol `probe_0429'
   1934503:	binding file /tmp/tmp.6DDiLFbZd0/experiment-work/lazy [0] to /tmp/tmp.6DDiLFbZd0/experiment-work/libmany.so [0]: normal symbol `probe_0430'
   1934503:	binding file /tmp/tmp.6DDiLFbZd0/experiment-work/lazy [0] to /tmp/tmp.6DDiLFbZd0/experiment-work/libmany.so [0]: normal symbol `probe_0431'
   1934503:	binding file /tmp/tmp.6DDiLFbZd0/experiment-work/lazy [0] to /tmp/tmp.6DDiLFbZd0/experiment-work/libmany.so [0]: normal symbol `probe_0432'
   1934503:	binding file /tmp/tmp.6DDiLFbZd0/experiment-work/lazy [0] to /tmp/tmp.6DDiLFbZd0/experiment-work/libmany.so [0]: normal symbol `probe_0433'
   1934503:	binding file /tmp/tmp.6DDiLFbZd0/experiment-work/lazy [0] to /tmp/tmp.6DDiLFbZd0/experiment-work/libmany.so [0]: normal symbol `probe_0434'
   1934503:	binding file /tmp/tmp.6DDiLFbZd0/experiment-work/lazy [0] to /tmp/tmp.6DDiLFbZd0/experiment-work/libmany.so [0]: normal symbol `probe_0435'
   1934503:	binding file /tmp/tmp.6DDiLFbZd0/experiment-work/lazy [0] to /tmp/tmp.6DDiLFbZd0/experiment-work/libmany.so [0]: normal symbol `probe_0436'
   1934503:	binding file /tmp/tmp.6DDiLFbZd0/experiment-work/lazy [0] to /tmp/tmp.6DDiLFbZd0/experiment-work/libmany.so [0]: normal symbol `probe_0437'
   1934503:	binding file /tmp/tmp.6DDiLFbZd0/experiment-work/lazy [0] to /tmp/tmp.6DDiLFbZd0/experiment-work/libmany.so [0]: normal symbol `probe_0438'
   1934503:	binding file /tmp/tmp.6DDiLFbZd0/experiment-work/lazy [0] to /tmp/tmp.6DDiLFbZd0/experiment-work/libmany.so [0]: normal symbol `probe_0439'
   1934503:	binding file /tmp/tmp.6DDiLFbZd0/experiment-work/lazy [0] to /tmp/tmp.6DDiLFbZd0/experiment-work/libmany.so [0]: normal symbol `probe_0440'
   1934503:	binding file /tmp/tmp.6DDiLFbZd0/experiment-work/lazy [0] to /tmp/tmp.6DDiLFbZd0/experiment-work/libmany.so [0]: normal symbol `probe_0441'
   1934503:	binding file /tmp/tmp.6DDiLFbZd0/experiment-work/lazy [0] to /tmp/tmp.6DDiLFbZd0/experiment-work/libmany.so [0]: normal symbol `probe_0442'
   1934503:	binding file /tmp/tmp.6DDiLFbZd0/experiment-work/lazy [0] to /tmp/tmp.6DDiLFbZd0/experiment-work/libmany.so [0]: normal symbol `probe_0443'
   1934503:	binding file /tmp/tmp.6DDiLFbZd0/experiment-work/lazy [0] to /tmp/tmp.6DDiLFbZd0/experiment-work/libmany.so [0]: normal symbol `probe_0444'
   1934503:	binding file /tmp/tmp.6DDiLFbZd0/experiment-work/lazy [0] to /tmp/tmp.6DDiLFbZd0/experiment-work/libmany.so [0]: normal symbol `probe_0445'
   1934503:	binding file /tmp/tmp.6DDiLFbZd0/experiment-work/lazy [0] to /tmp/tmp.6DDiLFbZd0/experiment-work/libmany.so [0]: normal symbol `probe_0446'
   1934503:	binding file /tmp/tmp.6DDiLFbZd0/experiment-work/lazy [0] to /tmp/tmp.6DDiLFbZd0/experiment-work/libmany.so [0]: normal symbol `probe_0447'
   1934503:	binding file /tmp/tmp.6DDiLFbZd0/experiment-work/lazy [0] to /tmp/tmp.6DDiLFbZd0/experiment-work/libmany.so [0]: normal symbol `probe_0448'
   1934503:	binding file /tmp/tmp.6DDiLFbZd0/experiment-work/lazy [0] to /tmp/tmp.6DDiLFbZd0/experiment-work/libmany.so [0]: normal symbol `probe_0449'
   1934503:	binding file /tmp/tmp.6DDiLFbZd0/experiment-work/lazy [0] to /tmp/tmp.6DDiLFbZd0/experiment-work/libmany.so [0]: normal symbol `probe_0450'
   1934503:	binding file /tmp/tmp.6DDiLFbZd0/experiment-work/lazy [0] to /tmp/tmp.6DDiLFbZd0/experiment-work/libmany.so [0]: normal symbol `probe_0451'
   1934503:	binding file /tmp/tmp.6DDiLFbZd0/experiment-work/lazy [0] to /tmp/tmp.6DDiLFbZd0/experiment-work/libmany.so [0]: normal symbol `probe_0452'
   1934503:	binding file /tmp/tmp.6DDiLFbZd0/experiment-work/lazy [0] to /tmp/tmp.6DDiLFbZd0/experiment-work/libmany.so [0]: normal symbol `probe_0453'
   1934503:	binding file /tmp/tmp.6DDiLFbZd0/experiment-work/lazy [0] to /tmp/tmp.6DDiLFbZd0/experiment-work/libmany.so [0]: normal symbol `probe_0454'
   1934503:	binding file /tmp/tmp.6DDiLFbZd0/experiment-work/lazy [0] to /tmp/tmp.6DDiLFbZd0/experiment-work/libmany.so [0]: normal symbol `probe_0455'
   1934503:	binding file /tmp/tmp.6DDiLFbZd0/experiment-work/lazy [0] to /tmp/tmp.6DDiLFbZd0/experiment-work/libmany.so [0]: normal symbol `probe_0456'
   1934503:	binding file /tmp/tmp.6DDiLFbZd0/experiment-work/lazy [0] to /tmp/tmp.6DDiLFbZd0/experiment-work/libmany.so [0]: normal symbol `probe_0457'
   1934503:	binding file /tmp/tmp.6DDiLFbZd0/experiment-work/lazy [0] to /tmp/tmp.6DDiLFbZd0/experiment-work/libmany.so [0]: normal symbol `probe_0458'
   1934503:	binding file /tmp/tmp.6DDiLFbZd0/experiment-work/lazy [0] to /tmp/tmp.6DDiLFbZd0/experiment-work/libmany.so [0]: normal symbol `probe_0459'
   1934503:	binding file /tmp/tmp.6DDiLFbZd0/experiment-work/lazy [0] to /tmp/tmp.6DDiLFbZd0/experiment-work/libmany.so [0]: normal symbol `probe_0460'
   1934503:	binding file /tmp/tmp.6DDiLFbZd0/experiment-work/lazy [0] to /tmp/tmp.6DDiLFbZd0/experiment-work/libmany.so [0]: normal symbol `probe_0461'
   1934503:	binding file /tmp/tmp.6DDiLFbZd0/experiment-work/lazy [0] to /tmp/tmp.6DDiLFbZd0/experiment-work/libmany.so [0]: normal symbol `probe_0462'
   1934503:	binding file /tmp/tmp.6DDiLFbZd0/experiment-work/lazy [0] to /tmp/tmp.6DDiLFbZd0/experiment-work/libmany.so [0]: normal symbol `probe_0463'
   1934503:	binding file /tmp/tmp.6DDiLFbZd0/experiment-work/lazy [0] to /tmp/tmp.6DDiLFbZd0/experiment-work/libmany.so [0]: normal symbol `probe_0464'
   1934503:	binding file /tmp/tmp.6DDiLFbZd0/experiment-work/lazy [0] to /tmp/tmp.6DDiLFbZd0/experiment-work/libmany.so [0]: normal symbol `probe_0465'
   1934503:	binding file /tmp/tmp.6DDiLFbZd0/experiment-work/lazy [0] to /tmp/tmp.6DDiLFbZd0/experiment-work/libmany.so [0]: normal symbol `probe_0466'
   1934503:	binding file /tmp/tmp.6DDiLFbZd0/experiment-work/lazy [0] to /tmp/tmp.6DDiLFbZd0/experiment-work/libmany.so [0]: normal symbol `probe_0467'
   1934503:	binding file /tmp/tmp.6DDiLFbZd0/experiment-work/lazy [0] to /tmp/tmp.6DDiLFbZd0/experiment-work/libmany.so [0]: normal symbol `probe_0468'
   1934503:	binding file /tmp/tmp.6DDiLFbZd0/experiment-work/lazy [0] to /tmp/tmp.6DDiLFbZd0/experiment-work/libmany.so [0]: normal symbol `probe_0469'
   1934503:	binding file /tmp/tmp.6DDiLFbZd0/experiment-work/lazy [0] to /tmp/tmp.6DDiLFbZd0/experiment-work/libmany.so [0]: normal symbol `probe_0470'
   1934503:	binding file /tmp/tmp.6DDiLFbZd0/experiment-work/lazy [0] to /tmp/tmp.6DDiLFbZd0/experiment-work/libmany.so [0]: normal symbol `probe_0471'
   1934503:	binding file /tmp/tmp.6DDiLFbZd0/experiment-work/lazy [0] to /tmp/tmp.6DDiLFbZd0/experiment-work/libmany.so [0]: normal symbol `probe_0472'
   1934503:	binding file /tmp/tmp.6DDiLFbZd0/experiment-work/lazy [0] to /tmp/tmp.6DDiLFbZd0/experiment-work/libmany.so [0]: normal symbol `probe_0473'
   1934503:	binding file /tmp/tmp.6DDiLFbZd0/experiment-work/lazy [0] to /tmp/tmp.6DDiLFbZd0/experiment-work/libmany.so [0]: normal symbol `probe_0474'
   1934503:	binding file /tmp/tmp.6DDiLFbZd0/experiment-work/lazy [0] to /tmp/tmp.6DDiLFbZd0/experiment-work/libmany.so [0]: normal symbol `probe_0475'
   1934503:	binding file /tmp/tmp.6DDiLFbZd0/experiment-work/lazy [0] to /tmp/tmp.6DDiLFbZd0/experiment-work/libmany.so [0]: normal symbol `probe_0476'
   1934503:	binding file /tmp/tmp.6DDiLFbZd0/experiment-work/lazy [0] to /tmp/tmp.6DDiLFbZd0/experiment-work/libmany.so [0]: normal symbol `probe_0477'
   1934503:	binding file /tmp/tmp.6DDiLFbZd0/experiment-work/lazy [0] to /tmp/tmp.6DDiLFbZd0/experiment-work/libmany.so [0]: normal symbol `probe_0478'
   1934503:	binding file /tmp/tmp.6DDiLFbZd0/experiment-work/lazy [0] to /tmp/tmp.6DDiLFbZd0/experiment-work/libmany.so [0]: normal symbol `probe_0479'
   1934503:	binding file /tmp/tmp.6DDiLFbZd0/experiment-work/lazy [0] to /tmp/tmp.6DDiLFbZd0/experiment-work/libmany.so [0]: normal symbol `probe_0480'
   1934503:	binding file /tmp/tmp.6DDiLFbZd0/experiment-work/lazy [0] to /tmp/tmp.6DDiLFbZd0/experiment-work/libmany.so [0]: normal symbol `probe_0481'
   1934503:	binding file /tmp/tmp.6DDiLFbZd0/experiment-work/lazy [0] to /tmp/tmp.6DDiLFbZd0/experiment-work/libmany.so [0]: normal symbol `probe_0482'
   1934503:	binding file /tmp/tmp.6DDiLFbZd0/experiment-work/lazy [0] to /tmp/tmp.6DDiLFbZd0/experiment-work/libmany.so [0]: normal symbol `probe_0483'
   1934503:	binding file /tmp/tmp.6DDiLFbZd0/experiment-work/lazy [0] to /tmp/tmp.6DDiLFbZd0/experiment-work/libmany.so [0]: normal symbol `probe_0484'
   1934503:	binding file /tmp/tmp.6DDiLFbZd0/experiment-work/lazy [0] to /tmp/tmp.6DDiLFbZd0/experiment-work/libmany.so [0]: normal symbol `probe_0485'
   1934503:	binding file /tmp/tmp.6DDiLFbZd0/experiment-work/lazy [0] to /tmp/tmp.6DDiLFbZd0/experiment-work/libmany.so [0]: normal symbol `probe_0486'
   1934503:	binding file /tmp/tmp.6DDiLFbZd0/experiment-work/lazy [0] to /tmp/tmp.6DDiLFbZd0/experiment-work/libmany.so [0]: normal symbol `probe_0487'
   1934503:	binding file /tmp/tmp.6DDiLFbZd0/experiment-work/lazy [0] to /tmp/tmp.6DDiLFbZd0/experiment-work/libmany.so [0]: normal symbol `probe_0488'
   1934503:	binding file /tmp/tmp.6DDiLFbZd0/experiment-work/lazy [0] to /tmp/tmp.6DDiLFbZd0/experiment-work/libmany.so [0]: normal symbol `probe_0489'
   1934503:	binding file /tmp/tmp.6DDiLFbZd0/experiment-work/lazy [0] to /tmp/tmp.6DDiLFbZd0/experiment-work/libmany.so [0]: normal symbol `probe_0490'
   1934503:	binding file /tmp/tmp.6DDiLFbZd0/experiment-work/lazy [0] to /tmp/tmp.6DDiLFbZd0/experiment-work/libmany.so [0]: normal symbol `probe_0491'
   1934503:	binding file /tmp/tmp.6DDiLFbZd0/experiment-work/lazy [0] to /tmp/tmp.6DDiLFbZd0/experiment-work/libmany.so [0]: normal symbol `probe_0492'
   1934503:	binding file /tmp/tmp.6DDiLFbZd0/experiment-work/lazy [0] to /tmp/tmp.6DDiLFbZd0/experiment-work/libmany.so [0]: normal symbol `probe_0493'
   1934503:	binding file /tmp/tmp.6DDiLFbZd0/experiment-work/lazy [0] to /tmp/tmp.6DDiLFbZd0/experiment-work/libmany.so [0]: normal symbol `probe_0494'
   1934503:	binding file /tmp/tmp.6DDiLFbZd0/experiment-work/lazy [0] to /tmp/tmp.6DDiLFbZd0/experiment-work/libmany.so [0]: normal symbol `probe_0495'
   1934503:	binding file /tmp/tmp.6DDiLFbZd0/experiment-work/lazy [0] to /tmp/tmp.6DDiLFbZd0/experiment-work/libmany.so [0]: normal symbol `probe_0496'
   1934503:	binding file /tmp/tmp.6DDiLFbZd0/experiment-work/lazy [0] to /tmp/tmp.6DDiLFbZd0/experiment-work/libmany.so [0]: normal symbol `probe_0497'
   1934503:	binding file /tmp/tmp.6DDiLFbZd0/experiment-work/lazy [0] to /tmp/tmp.6DDiLFbZd0/experiment-work/libmany.so [0]: normal symbol `probe_0498'
   1934503:	binding file /tmp/tmp.6DDiLFbZd0/experiment-work/lazy [0] to /tmp/tmp.6DDiLFbZd0/experiment-work/libmany.so [0]: normal symbol `probe_0499'
   1934503:	binding file /tmp/tmp.6DDiLFbZd0/experiment-work/lazy [0] to /tmp/tmp.6DDiLFbZd0/experiment-work/libmany.so [0]: normal symbol `probe_0500'
   1934503:	binding file /tmp/tmp.6DDiLFbZd0/experiment-work/lazy [0] to /tmp/tmp.6DDiLFbZd0/experiment-work/libmany.so [0]: normal symbol `probe_0501'
   1934503:	binding file /tmp/tmp.6DDiLFbZd0/experiment-work/lazy [0] to /tmp/tmp.6DDiLFbZd0/experiment-work/libmany.so [0]: normal symbol `probe_0502'
   1934503:	binding file /tmp/tmp.6DDiLFbZd0/experiment-work/lazy [0] to /tmp/tmp.6DDiLFbZd0/experiment-work/libmany.so [0]: normal symbol `probe_0503'
   1934503:	binding file /tmp/tmp.6DDiLFbZd0/experiment-work/lazy [0] to /tmp/tmp.6DDiLFbZd0/experiment-work/libmany.so [0]: normal symbol `probe_0504'
   1934503:	binding file /tmp/tmp.6DDiLFbZd0/experiment-work/lazy [0] to /tmp/tmp.6DDiLFbZd0/experiment-work/libmany.so [0]: normal symbol `probe_0505'
   1934503:	binding file /tmp/tmp.6DDiLFbZd0/experiment-work/lazy [0] to /tmp/tmp.6DDiLFbZd0/experiment-work/libmany.so [0]: normal symbol `probe_0506'
   1934503:	binding file /tmp/tmp.6DDiLFbZd0/experiment-work/lazy [0] to /tmp/tmp.6DDiLFbZd0/experiment-work/libmany.so [0]: normal symbol `probe_0507'
   1934503:	binding file /tmp/tmp.6DDiLFbZd0/experiment-work/lazy [0] to /tmp/tmp.6DDiLFbZd0/experiment-work/libmany.so [0]: normal symbol `probe_0508'
   1934503:	binding file /tmp/tmp.6DDiLFbZd0/experiment-work/lazy [0] to /tmp/tmp.6DDiLFbZd0/experiment-work/libmany.so [0]: normal symbol `probe_0509'
   1934503:	binding file /tmp/tmp.6DDiLFbZd0/experiment-work/lazy [0] to /tmp/tmp.6DDiLFbZd0/experiment-work/libmany.so [0]: normal symbol `probe_0510'
   1934503:	binding file /tmp/tmp.6DDiLFbZd0/experiment-work/lazy [0] to /tmp/tmp.6DDiLFbZd0/experiment-work/libmany.so [0]: normal symbol `probe_0511'
   1934503:	binding file /tmp/tmp.6DDiLFbZd0/experiment-work/lazy [0] to /tmp/tmp.6DDiLFbZd0/experiment-work/libmany.so [0]: normal symbol `probe_0512'
   1934503:	binding file /tmp/tmp.6DDiLFbZd0/experiment-work/lazy [0] to /tmp/tmp.6DDiLFbZd0/experiment-work/libmany.so [0]: normal symbol `probe_0513'
   1934503:	binding file /tmp/tmp.6DDiLFbZd0/experiment-work/lazy [0] to /tmp/tmp.6DDiLFbZd0/experiment-work/libmany.so [0]: normal symbol `probe_0514'
   1934503:	binding file /tmp/tmp.6DDiLFbZd0/experiment-work/lazy [0] to /tmp/tmp.6DDiLFbZd0/experiment-work/libmany.so [0]: normal symbol `probe_0515'
   1934503:	binding file /tmp/tmp.6DDiLFbZd0/experiment-work/lazy [0] to /tmp/tmp.6DDiLFbZd0/experiment-work/libmany.so [0]: normal symbol `probe_0516'
   1934503:	binding file /tmp/tmp.6DDiLFbZd0/experiment-work/lazy [0] to /tmp/tmp.6DDiLFbZd0/experiment-work/libmany.so [0]: normal symbol `probe_0517'
   1934503:	binding file /tmp/tmp.6DDiLFbZd0/experiment-work/lazy [0] to /tmp/tmp.6DDiLFbZd0/experiment-work/libmany.so [0]: normal symbol `probe_0518'
   1934503:	binding file /tmp/tmp.6DDiLFbZd0/experiment-work/lazy [0] to /tmp/tmp.6DDiLFbZd0/experiment-work/libmany.so [0]: normal symbol `probe_0519'
   1934503:	binding file /tmp/tmp.6DDiLFbZd0/experiment-work/lazy [0] to /tmp/tmp.6DDiLFbZd0/experiment-work/libmany.so [0]: normal symbol `probe_0520'
   1934503:	binding file /tmp/tmp.6DDiLFbZd0/experiment-work/lazy [0] to /tmp/tmp.6DDiLFbZd0/experiment-work/libmany.so [0]: normal symbol `probe_0521'
   1934503:	binding file /tmp/tmp.6DDiLFbZd0/experiment-work/lazy [0] to /tmp/tmp.6DDiLFbZd0/experiment-work/libmany.so [0]: normal symbol `probe_0522'
   1934503:	binding file /tmp/tmp.6DDiLFbZd0/experiment-work/lazy [0] to /tmp/tmp.6DDiLFbZd0/experiment-work/libmany.so [0]: normal symbol `probe_0523'
   1934503:	binding file /tmp/tmp.6DDiLFbZd0/experiment-work/lazy [0] to /tmp/tmp.6DDiLFbZd0/experiment-work/libmany.so [0]: normal symbol `probe_0524'
   1934503:	binding file /tmp/tmp.6DDiLFbZd0/experiment-work/lazy [0] to /tmp/tmp.6DDiLFbZd0/experiment-work/libmany.so [0]: normal symbol `probe_0525'
   1934503:	binding file /tmp/tmp.6DDiLFbZd0/experiment-work/lazy [0] to /tmp/tmp.6DDiLFbZd0/experiment-work/libmany.so [0]: normal symbol `probe_0526'
   1934503:	binding file /tmp/tmp.6DDiLFbZd0/experiment-work/lazy [0] to /tmp/tmp.6DDiLFbZd0/experiment-work/libmany.so [0]: normal symbol `probe_0527'
   1934503:	binding file /tmp/tmp.6DDiLFbZd0/experiment-work/lazy [0] to /tmp/tmp.6DDiLFbZd0/experiment-work/libmany.so [0]: normal symbol `probe_0528'
   1934503:	binding file /tmp/tmp.6DDiLFbZd0/experiment-work/lazy [0] to /tmp/tmp.6DDiLFbZd0/experiment-work/libmany.so [0]: normal symbol `probe_0529'
   1934503:	binding file /tmp/tmp.6DDiLFbZd0/experiment-work/lazy [0] to /tmp/tmp.6DDiLFbZd0/experiment-work/libmany.so [0]: normal symbol `probe_0530'
   1934503:	binding file /tmp/tmp.6DDiLFbZd0/experiment-work/lazy [0] to /tmp/tmp.6DDiLFbZd0/experiment-work/libmany.so [0]: normal symbol `probe_0531'
   1934503:	binding file /tmp/tmp.6DDiLFbZd0/experiment-work/lazy [0] to /tmp/tmp.6DDiLFbZd0/experiment-work/libmany.so [0]: normal symbol `probe_0532'
   1934503:	binding file /tmp/tmp.6DDiLFbZd0/experiment-work/lazy [0] to /tmp/tmp.6DDiLFbZd0/experiment-work/libmany.so [0]: normal symbol `probe_0533'
   1934503:	binding file /tmp/tmp.6DDiLFbZd0/experiment-work/lazy [0] to /tmp/tmp.6DDiLFbZd0/experiment-work/libmany.so [0]: normal symbol `probe_0534'
   1934503:	binding file /tmp/tmp.6DDiLFbZd0/experiment-work/lazy [0] to /tmp/tmp.6DDiLFbZd0/experiment-work/libmany.so [0]: normal symbol `probe_0535'
   1934503:	binding file /tmp/tmp.6DDiLFbZd0/experiment-work/lazy [0] to /tmp/tmp.6DDiLFbZd0/experiment-work/libmany.so [0]: normal symbol `probe_0536'
   1934503:	binding file /tmp/tmp.6DDiLFbZd0/experiment-work/lazy [0] to /tmp/tmp.6DDiLFbZd0/experiment-work/libmany.so [0]: normal symbol `probe_0537'
   1934503:	binding file /tmp/tmp.6DDiLFbZd0/experiment-work/lazy [0] to /tmp/tmp.6DDiLFbZd0/experiment-work/libmany.so [0]: normal symbol `probe_0538'
   1934503:	binding file /tmp/tmp.6DDiLFbZd0/experiment-work/lazy [0] to /tmp/tmp.6DDiLFbZd0/experiment-work/libmany.so [0]: normal symbol `probe_0539'
   1934503:	binding file /tmp/tmp.6DDiLFbZd0/experiment-work/lazy [0] to /tmp/tmp.6DDiLFbZd0/experiment-work/libmany.so [0]: normal symbol `probe_0540'
   1934503:	binding file /tmp/tmp.6DDiLFbZd0/experiment-work/lazy [0] to /tmp/tmp.6DDiLFbZd0/experiment-work/libmany.so [0]: normal symbol `probe_0541'
   1934503:	binding file /tmp/tmp.6DDiLFbZd0/experiment-work/lazy [0] to /tmp/tmp.6DDiLFbZd0/experiment-work/libmany.so [0]: normal symbol `probe_0542'
   1934503:	binding file /tmp/tmp.6DDiLFbZd0/experiment-work/lazy [0] to /tmp/tmp.6DDiLFbZd0/experiment-work/libmany.so [0]: normal symbol `probe_0543'
   1934503:	binding file /tmp/tmp.6DDiLFbZd0/experiment-work/lazy [0] to /tmp/tmp.6DDiLFbZd0/experiment-work/libmany.so [0]: normal symbol `probe_0544'
   1934503:	binding file /tmp/tmp.6DDiLFbZd0/experiment-work/lazy [0] to /tmp/tmp.6DDiLFbZd0/experiment-work/libmany.so [0]: normal symbol `probe_0545'
   1934503:	binding file /tmp/tmp.6DDiLFbZd0/experiment-work/lazy [0] to /tmp/tmp.6DDiLFbZd0/experiment-work/libmany.so [0]: normal symbol `probe_0546'
   1934503:	binding file /tmp/tmp.6DDiLFbZd0/experiment-work/lazy [0] to /tmp/tmp.6DDiLFbZd0/experiment-work/libmany.so [0]: normal symbol `probe_0547'
   1934503:	binding file /tmp/tmp.6DDiLFbZd0/experiment-work/lazy [0] to /tmp/tmp.6DDiLFbZd0/experiment-work/libmany.so [0]: normal symbol `probe_0548'
   1934503:	binding file /tmp/tmp.6DDiLFbZd0/experiment-work/lazy [0] to /tmp/tmp.6DDiLFbZd0/experiment-work/libmany.so [0]: normal symbol `probe_0549'
   1934503:	binding file /tmp/tmp.6DDiLFbZd0/experiment-work/lazy [0] to /tmp/tmp.6DDiLFbZd0/experiment-work/libmany.so [0]: normal symbol `probe_0550'
   1934503:	binding file /tmp/tmp.6DDiLFbZd0/experiment-work/lazy [0] to /tmp/tmp.6DDiLFbZd0/experiment-work/libmany.so [0]: normal symbol `probe_0551'
   1934503:	binding file /tmp/tmp.6DDiLFbZd0/experiment-work/lazy [0] to /tmp/tmp.6DDiLFbZd0/experiment-work/libmany.so [0]: normal symbol `probe_0552'
   1934503:	binding file /tmp/tmp.6DDiLFbZd0/experiment-work/lazy [0] to /tmp/tmp.6DDiLFbZd0/experiment-work/libmany.so [0]: normal symbol `probe_0553'
   1934503:	binding file /tmp/tmp.6DDiLFbZd0/experiment-work/lazy [0] to /tmp/tmp.6DDiLFbZd0/experiment-work/libmany.so [0]: normal symbol `probe_0554'
   1934503:	binding file /tmp/tmp.6DDiLFbZd0/experiment-work/lazy [0] to /tmp/tmp.6DDiLFbZd0/experiment-work/libmany.so [0]: normal symbol `probe_0555'
   1934503:	binding file /tmp/tmp.6DDiLFbZd0/experiment-work/lazy [0] to /tmp/tmp.6DDiLFbZd0/experiment-work/libmany.so [0]: normal symbol `probe_0556'
   1934503:	binding file /tmp/tmp.6DDiLFbZd0/experiment-work/lazy [0] to /tmp/tmp.6DDiLFbZd0/experiment-work/libmany.so [0]: normal symbol `probe_0557'
   1934503:	binding file /tmp/tmp.6DDiLFbZd0/experiment-work/lazy [0] to /tmp/tmp.6DDiLFbZd0/experiment-work/libmany.so [0]: normal symbol `probe_0558'
   1934503:	binding file /tmp/tmp.6DDiLFbZd0/experiment-work/lazy [0] to /tmp/tmp.6DDiLFbZd0/experiment-work/libmany.so [0]: normal symbol `probe_0559'
   1934503:	binding file /tmp/tmp.6DDiLFbZd0/experiment-work/lazy [0] to /tmp/tmp.6DDiLFbZd0/experiment-work/libmany.so [0]: normal symbol `probe_0560'
   1934503:	binding file /tmp/tmp.6DDiLFbZd0/experiment-work/lazy [0] to /tmp/tmp.6DDiLFbZd0/experiment-work/libmany.so [0]: normal symbol `probe_0561'
   1934503:	binding file /tmp/tmp.6DDiLFbZd0/experiment-work/lazy [0] to /tmp/tmp.6DDiLFbZd0/experiment-work/libmany.so [0]: normal symbol `probe_0562'
   1934503:	binding file /tmp/tmp.6DDiLFbZd0/experiment-work/lazy [0] to /tmp/tmp.6DDiLFbZd0/experiment-work/libmany.so [0]: normal symbol `probe_0563'
   1934503:	binding file /tmp/tmp.6DDiLFbZd0/experiment-work/lazy [0] to /tmp/tmp.6DDiLFbZd0/experiment-work/libmany.so [0]: normal symbol `probe_0564'
   1934503:	binding file /tmp/tmp.6DDiLFbZd0/experiment-work/lazy [0] to /tmp/tmp.6DDiLFbZd0/experiment-work/libmany.so [0]: normal symbol `probe_0565'
   1934503:	binding file /tmp/tmp.6DDiLFbZd0/experiment-work/lazy [0] to /tmp/tmp.6DDiLFbZd0/experiment-work/libmany.so [0]: normal symbol `probe_0566'
   1934503:	binding file /tmp/tmp.6DDiLFbZd0/experiment-work/lazy [0] to /tmp/tmp.6DDiLFbZd0/experiment-work/libmany.so [0]: normal symbol `probe_0567'
   1934503:	binding file /tmp/tmp.6DDiLFbZd0/experiment-work/lazy [0] to /tmp/tmp.6DDiLFbZd0/experiment-work/libmany.so [0]: normal symbol `probe_0568'
   1934503:	binding file /tmp/tmp.6DDiLFbZd0/experiment-work/lazy [0] to /tmp/tmp.6DDiLFbZd0/experiment-work/libmany.so [0]: normal symbol `probe_0569'
   1934503:	binding file /tmp/tmp.6DDiLFbZd0/experiment-work/lazy [0] to /tmp/tmp.6DDiLFbZd0/experiment-work/libmany.so [0]: normal symbol `probe_0570'
   1934503:	binding file /tmp/tmp.6DDiLFbZd0/experiment-work/lazy [0] to /tmp/tmp.6DDiLFbZd0/experiment-work/libmany.so [0]: normal symbol `probe_0571'
   1934503:	binding file /tmp/tmp.6DDiLFbZd0/experiment-work/lazy [0] to /tmp/tmp.6DDiLFbZd0/experiment-work/libmany.so [0]: normal symbol `probe_0572'
   1934503:	binding file /tmp/tmp.6DDiLFbZd0/experiment-work/lazy [0] to /tmp/tmp.6DDiLFbZd0/experiment-work/libmany.so [0]: normal symbol `probe_0573'
   1934503:	binding file /tmp/tmp.6DDiLFbZd0/experiment-work/lazy [0] to /tmp/tmp.6DDiLFbZd0/experiment-work/libmany.so [0]: normal symbol `probe_0574'
   1934503:	binding file /tmp/tmp.6DDiLFbZd0/experiment-work/lazy [0] to /tmp/tmp.6DDiLFbZd0/experiment-work/libmany.so [0]: normal symbol `probe_0575'
   1934503:	binding file /tmp/tmp.6DDiLFbZd0/experiment-work/lazy [0] to /tmp/tmp.6DDiLFbZd0/experiment-work/libmany.so [0]: normal symbol `probe_0576'
   1934503:	binding file /tmp/tmp.6DDiLFbZd0/experiment-work/lazy [0] to /tmp/tmp.6DDiLFbZd0/experiment-work/libmany.so [0]: normal symbol `probe_0577'
   1934503:	binding file /tmp/tmp.6DDiLFbZd0/experiment-work/lazy [0] to /tmp/tmp.6DDiLFbZd0/experiment-work/libmany.so [0]: normal symbol `probe_0578'
   1934503:	binding file /tmp/tmp.6DDiLFbZd0/experiment-work/lazy [0] to /tmp/tmp.6DDiLFbZd0/experiment-work/libmany.so [0]: normal symbol `probe_0579'
   1934503:	binding file /tmp/tmp.6DDiLFbZd0/experiment-work/lazy [0] to /tmp/tmp.6DDiLFbZd0/experiment-work/libmany.so [0]: normal symbol `probe_0580'
   1934503:	binding file /tmp/tmp.6DDiLFbZd0/experiment-work/lazy [0] to /tmp/tmp.6DDiLFbZd0/experiment-work/libmany.so [0]: normal symbol `probe_0581'
   1934503:	binding file /tmp/tmp.6DDiLFbZd0/experiment-work/lazy [0] to /tmp/tmp.6DDiLFbZd0/experiment-work/libmany.so [0]: normal symbol `probe_0582'
   1934503:	binding file /tmp/tmp.6DDiLFbZd0/experiment-work/lazy [0] to /tmp/tmp.6DDiLFbZd0/experiment-work/libmany.so [0]: normal symbol `probe_0583'
   1934503:	binding file /tmp/tmp.6DDiLFbZd0/experiment-work/lazy [0] to /tmp/tmp.6DDiLFbZd0/experiment-work/libmany.so [0]: normal symbol `probe_0584'
   1934503:	binding file /tmp/tmp.6DDiLFbZd0/experiment-work/lazy [0] to /tmp/tmp.6DDiLFbZd0/experiment-work/libmany.so [0]: normal symbol `probe_0585'
   1934503:	binding file /tmp/tmp.6DDiLFbZd0/experiment-work/lazy [0] to /tmp/tmp.6DDiLFbZd0/experiment-work/libmany.so [0]: normal symbol `probe_0586'
   1934503:	binding file /tmp/tmp.6DDiLFbZd0/experiment-work/lazy [0] to /tmp/tmp.6DDiLFbZd0/experiment-work/libmany.so [0]: normal symbol `probe_0587'
   1934503:	binding file /tmp/tmp.6DDiLFbZd0/experiment-work/lazy [0] to /tmp/tmp.6DDiLFbZd0/experiment-work/libmany.so [0]: normal symbol `probe_0588'
   1934503:	binding file /tmp/tmp.6DDiLFbZd0/experiment-work/lazy [0] to /tmp/tmp.6DDiLFbZd0/experiment-work/libmany.so [0]: normal symbol `probe_0589'
   1934503:	binding file /tmp/tmp.6DDiLFbZd0/experiment-work/lazy [0] to /tmp/tmp.6DDiLFbZd0/experiment-work/libmany.so [0]: normal symbol `probe_0590'
   1934503:	binding file /tmp/tmp.6DDiLFbZd0/experiment-work/lazy [0] to /tmp/tmp.6DDiLFbZd0/experiment-work/libmany.so [0]: normal symbol `probe_0591'
   1934503:	binding file /tmp/tmp.6DDiLFbZd0/experiment-work/lazy [0] to /tmp/tmp.6DDiLFbZd0/experiment-work/libmany.so [0]: normal symbol `probe_0592'
   1934503:	binding file /tmp/tmp.6DDiLFbZd0/experiment-work/lazy [0] to /tmp/tmp.6DDiLFbZd0/experiment-work/libmany.so [0]: normal symbol `probe_0593'
   1934503:	binding file /tmp/tmp.6DDiLFbZd0/experiment-work/lazy [0] to /tmp/tmp.6DDiLFbZd0/experiment-work/libmany.so [0]: normal symbol `probe_0594'
   1934503:	binding file /tmp/tmp.6DDiLFbZd0/experiment-work/lazy [0] to /tmp/tmp.6DDiLFbZd0/experiment-work/libmany.so [0]: normal symbol `probe_0595'
   1934503:	binding file /tmp/tmp.6DDiLFbZd0/experiment-work/lazy [0] to /tmp/tmp.6DDiLFbZd0/experiment-work/libmany.so [0]: normal symbol `probe_0596'
   1934503:	binding file /tmp/tmp.6DDiLFbZd0/experiment-work/lazy [0] to /tmp/tmp.6DDiLFbZd0/experiment-work/libmany.so [0]: normal symbol `probe_0597'
   1934503:	binding file /tmp/tmp.6DDiLFbZd0/experiment-work/lazy [0] to /tmp/tmp.6DDiLFbZd0/experiment-work/libmany.so [0]: normal symbol `probe_0598'
   1934503:	binding file /tmp/tmp.6DDiLFbZd0/experiment-work/lazy [0] to /tmp/tmp.6DDiLFbZd0/experiment-work/libmany.so [0]: normal symbol `probe_0599'
   1934503:	binding file /tmp/tmp.6DDiLFbZd0/experiment-work/lazy [0] to /tmp/tmp.6DDiLFbZd0/experiment-work/libmany.so [0]: normal symbol `probe_0600'
   1934503:	binding file /tmp/tmp.6DDiLFbZd0/experiment-work/lazy [0] to /tmp/tmp.6DDiLFbZd0/experiment-work/libmany.so [0]: normal symbol `probe_0601'
   1934503:	binding file /tmp/tmp.6DDiLFbZd0/experiment-work/lazy [0] to /tmp/tmp.6DDiLFbZd0/experiment-work/libmany.so [0]: normal symbol `probe_0602'
   1934503:	binding file /tmp/tmp.6DDiLFbZd0/experiment-work/lazy [0] to /tmp/tmp.6DDiLFbZd0/experiment-work/libmany.so [0]: normal symbol `probe_0603'
   1934503:	binding file /tmp/tmp.6DDiLFbZd0/experiment-work/lazy [0] to /tmp/tmp.6DDiLFbZd0/experiment-work/libmany.so [0]: normal symbol `probe_0604'
   1934503:	binding file /tmp/tmp.6DDiLFbZd0/experiment-work/lazy [0] to /tmp/tmp.6DDiLFbZd0/experiment-work/libmany.so [0]: normal symbol `probe_0605'
   1934503:	binding file /tmp/tmp.6DDiLFbZd0/experiment-work/lazy [0] to /tmp/tmp.6DDiLFbZd0/experiment-work/libmany.so [0]: normal symbol `probe_0606'
   1934503:	binding file /tmp/tmp.6DDiLFbZd0/experiment-work/lazy [0] to /tmp/tmp.6DDiLFbZd0/experiment-work/libmany.so [0]: normal symbol `probe_0607'
   1934503:	binding file /tmp/tmp.6DDiLFbZd0/experiment-work/lazy [0] to /tmp/tmp.6DDiLFbZd0/experiment-work/libmany.so [0]: normal symbol `probe_0608'
   1934503:	binding file /tmp/tmp.6DDiLFbZd0/experiment-work/lazy [0] to /tmp/tmp.6DDiLFbZd0/experiment-work/libmany.so [0]: normal symbol `probe_0609'
   1934503:	binding file /tmp/tmp.6DDiLFbZd0/experiment-work/lazy [0] to /tmp/tmp.6DDiLFbZd0/experiment-work/libmany.so [0]: normal symbol `probe_0610'
   1934503:	binding file /tmp/tmp.6DDiLFbZd0/experiment-work/lazy [0] to /tmp/tmp.6DDiLFbZd0/experiment-work/libmany.so [0]: normal symbol `probe_0611'
   1934503:	binding file /tmp/tmp.6DDiLFbZd0/experiment-work/lazy [0] to /tmp/tmp.6DDiLFbZd0/experiment-work/libmany.so [0]: normal symbol `probe_0612'
   1934503:	binding file /tmp/tmp.6DDiLFbZd0/experiment-work/lazy [0] to /tmp/tmp.6DDiLFbZd0/experiment-work/libmany.so [0]: normal symbol `probe_0613'
   1934503:	binding file /tmp/tmp.6DDiLFbZd0/experiment-work/lazy [0] to /tmp/tmp.6DDiLFbZd0/experiment-work/libmany.so [0]: normal symbol `probe_0614'
   1934503:	binding file /tmp/tmp.6DDiLFbZd0/experiment-work/lazy [0] to /tmp/tmp.6DDiLFbZd0/experiment-work/libmany.so [0]: normal symbol `probe_0615'
   1934503:	binding file /tmp/tmp.6DDiLFbZd0/experiment-work/lazy [0] to /tmp/tmp.6DDiLFbZd0/experiment-work/libmany.so [0]: normal symbol `probe_0616'
   1934503:	binding file /tmp/tmp.6DDiLFbZd0/experiment-work/lazy [0] to /tmp/tmp.6DDiLFbZd0/experiment-work/libmany.so [0]: normal symbol `probe_0617'
   1934503:	binding file /tmp/tmp.6DDiLFbZd0/experiment-work/lazy [0] to /tmp/tmp.6DDiLFbZd0/experiment-work/libmany.so [0]: normal symbol `probe_0618'
   1934503:	binding file /tmp/tmp.6DDiLFbZd0/experiment-work/lazy [0] to /tmp/tmp.6DDiLFbZd0/experiment-work/libmany.so [0]: normal symbol `probe_0619'
   1934503:	binding file /tmp/tmp.6DDiLFbZd0/experiment-work/lazy [0] to /tmp/tmp.6DDiLFbZd0/experiment-work/libmany.so [0]: normal symbol `probe_0620'
   1934503:	binding file /tmp/tmp.6DDiLFbZd0/experiment-work/lazy [0] to /tmp/tmp.6DDiLFbZd0/experiment-work/libmany.so [0]: normal symbol `probe_0621'
   1934503:	binding file /tmp/tmp.6DDiLFbZd0/experiment-work/lazy [0] to /tmp/tmp.6DDiLFbZd0/experiment-work/libmany.so [0]: normal symbol `probe_0622'
   1934503:	binding file /tmp/tmp.6DDiLFbZd0/experiment-work/lazy [0] to /tmp/tmp.6DDiLFbZd0/experiment-work/libmany.so [0]: normal symbol `probe_0623'
   1934503:	binding file /tmp/tmp.6DDiLFbZd0/experiment-work/lazy [0] to /tmp/tmp.6DDiLFbZd0/experiment-work/libmany.so [0]: normal symbol `probe_0624'
   1934503:	binding file /tmp/tmp.6DDiLFbZd0/experiment-work/lazy [0] to /tmp/tmp.6DDiLFbZd0/experiment-work/libmany.so [0]: normal symbol `probe_0625'
   1934503:	binding file /tmp/tmp.6DDiLFbZd0/experiment-work/lazy [0] to /tmp/tmp.6DDiLFbZd0/experiment-work/libmany.so [0]: normal symbol `probe_0626'
   1934503:	binding file /tmp/tmp.6DDiLFbZd0/experiment-work/lazy [0] to /tmp/tmp.6DDiLFbZd0/experiment-work/libmany.so [0]: normal symbol `probe_0627'
   1934503:	binding file /tmp/tmp.6DDiLFbZd0/experiment-work/lazy [0] to /tmp/tmp.6DDiLFbZd0/experiment-work/libmany.so [0]: normal symbol `probe_0628'
   1934503:	binding file /tmp/tmp.6DDiLFbZd0/experiment-work/lazy [0] to /tmp/tmp.6DDiLFbZd0/experiment-work/libmany.so [0]: normal symbol `probe_0629'
   1934503:	binding file /tmp/tmp.6DDiLFbZd0/experiment-work/lazy [0] to /tmp/tmp.6DDiLFbZd0/experiment-work/libmany.so [0]: normal symbol `probe_0630'
   1934503:	binding file /tmp/tmp.6DDiLFbZd0/experiment-work/lazy [0] to /tmp/tmp.6DDiLFbZd0/experiment-work/libmany.so [0]: normal symbol `probe_0631'
   1934503:	binding file /tmp/tmp.6DDiLFbZd0/experiment-work/lazy [0] to /tmp/tmp.6DDiLFbZd0/experiment-work/libmany.so [0]: normal symbol `probe_0632'
   1934503:	binding file /tmp/tmp.6DDiLFbZd0/experiment-work/lazy [0] to /tmp/tmp.6DDiLFbZd0/experiment-work/libmany.so [0]: normal symbol `probe_0633'
   1934503:	binding file /tmp/tmp.6DDiLFbZd0/experiment-work/lazy [0] to /tmp/tmp.6DDiLFbZd0/experiment-work/libmany.so [0]: normal symbol `probe_0634'
   1934503:	binding file /tmp/tmp.6DDiLFbZd0/experiment-work/lazy [0] to /tmp/tmp.6DDiLFbZd0/experiment-work/libmany.so [0]: normal symbol `probe_0635'
   1934503:	binding file /tmp/tmp.6DDiLFbZd0/experiment-work/lazy [0] to /tmp/tmp.6DDiLFbZd0/experiment-work/libmany.so [0]: normal symbol `probe_0636'
   1934503:	binding file /tmp/tmp.6DDiLFbZd0/experiment-work/lazy [0] to /tmp/tmp.6DDiLFbZd0/experiment-work/libmany.so [0]: normal symbol `probe_0637'
   1934503:	binding file /tmp/tmp.6DDiLFbZd0/experiment-work/lazy [0] to /tmp/tmp.6DDiLFbZd0/experiment-work/libmany.so [0]: normal symbol `probe_0638'
   1934503:	binding file /tmp/tmp.6DDiLFbZd0/experiment-work/lazy [0] to /tmp/tmp.6DDiLFbZd0/experiment-work/libmany.so [0]: normal symbol `probe_0639'
   1934503:	binding file /tmp/tmp.6DDiLFbZd0/experiment-work/lazy [0] to /tmp/tmp.6DDiLFbZd0/experiment-work/libmany.so [0]: normal symbol `probe_0640'
   1934503:	binding file /tmp/tmp.6DDiLFbZd0/experiment-work/lazy [0] to /tmp/tmp.6DDiLFbZd0/experiment-work/libmany.so [0]: normal symbol `probe_0641'
   1934503:	binding file /tmp/tmp.6DDiLFbZd0/experiment-work/lazy [0] to /tmp/tmp.6DDiLFbZd0/experiment-work/libmany.so [0]: normal symbol `probe_0642'
   1934503:	binding file /tmp/tmp.6DDiLFbZd0/experiment-work/lazy [0] to /tmp/tmp.6DDiLFbZd0/experiment-work/libmany.so [0]: normal symbol `probe_0643'
   1934503:	binding file /tmp/tmp.6DDiLFbZd0/experiment-work/lazy [0] to /tmp/tmp.6DDiLFbZd0/experiment-work/libmany.so [0]: normal symbol `probe_0644'
   1934503:	binding file /tmp/tmp.6DDiLFbZd0/experiment-work/lazy [0] to /tmp/tmp.6DDiLFbZd0/experiment-work/libmany.so [0]: normal symbol `probe_0645'
   1934503:	binding file /tmp/tmp.6DDiLFbZd0/experiment-work/lazy [0] to /tmp/tmp.6DDiLFbZd0/experiment-work/libmany.so [0]: normal symbol `probe_0646'
   1934503:	binding file /tmp/tmp.6DDiLFbZd0/experiment-work/lazy [0] to /tmp/tmp.6DDiLFbZd0/experiment-work/libmany.so [0]: normal symbol `probe_0647'
   1934503:	binding file /tmp/tmp.6DDiLFbZd0/experiment-work/lazy [0] to /tmp/tmp.6DDiLFbZd0/experiment-work/libmany.so [0]: normal symbol `probe_0648'
   1934503:	binding file /tmp/tmp.6DDiLFbZd0/experiment-work/lazy [0] to /tmp/tmp.6DDiLFbZd0/experiment-work/libmany.so [0]: normal symbol `probe_0649'
   1934503:	binding file /tmp/tmp.6DDiLFbZd0/experiment-work/lazy [0] to /tmp/tmp.6DDiLFbZd0/experiment-work/libmany.so [0]: normal symbol `probe_0650'
   1934503:	binding file /tmp/tmp.6DDiLFbZd0/experiment-work/lazy [0] to /tmp/tmp.6DDiLFbZd0/experiment-work/libmany.so [0]: normal symbol `probe_0651'
   1934503:	binding file /tmp/tmp.6DDiLFbZd0/experiment-work/lazy [0] to /tmp/tmp.6DDiLFbZd0/experiment-work/libmany.so [0]: normal symbol `probe_0652'
   1934503:	binding file /tmp/tmp.6DDiLFbZd0/experiment-work/lazy [0] to /tmp/tmp.6DDiLFbZd0/experiment-work/libmany.so [0]: normal symbol `probe_0653'
   1934503:	binding file /tmp/tmp.6DDiLFbZd0/experiment-work/lazy [0] to /tmp/tmp.6DDiLFbZd0/experiment-work/libmany.so [0]: normal symbol `probe_0654'
   1934503:	binding file /tmp/tmp.6DDiLFbZd0/experiment-work/lazy [0] to /tmp/tmp.6DDiLFbZd0/experiment-work/libmany.so [0]: normal symbol `probe_0655'
   1934503:	binding file /tmp/tmp.6DDiLFbZd0/experiment-work/lazy [0] to /tmp/tmp.6DDiLFbZd0/experiment-work/libmany.so [0]: normal symbol `probe_0656'
   1934503:	binding file /tmp/tmp.6DDiLFbZd0/experiment-work/lazy [0] to /tmp/tmp.6DDiLFbZd0/experiment-work/libmany.so [0]: normal symbol `probe_0657'
   1934503:	binding file /tmp/tmp.6DDiLFbZd0/experiment-work/lazy [0] to /tmp/tmp.6DDiLFbZd0/experiment-work/libmany.so [0]: normal symbol `probe_0658'
   1934503:	binding file /tmp/tmp.6DDiLFbZd0/experiment-work/lazy [0] to /tmp/tmp.6DDiLFbZd0/experiment-work/libmany.so [0]: normal symbol `probe_0659'
   1934503:	binding file /tmp/tmp.6DDiLFbZd0/experiment-work/lazy [0] to /tmp/tmp.6DDiLFbZd0/experiment-work/libmany.so [0]: normal symbol `probe_0660'
   1934503:	binding file /tmp/tmp.6DDiLFbZd0/experiment-work/lazy [0] to /tmp/tmp.6DDiLFbZd0/experiment-work/libmany.so [0]: normal symbol `probe_0661'
   1934503:	binding file /tmp/tmp.6DDiLFbZd0/experiment-work/lazy [0] to /tmp/tmp.6DDiLFbZd0/experiment-work/libmany.so [0]: normal symbol `probe_0662'
   1934503:	binding file /tmp/tmp.6DDiLFbZd0/experiment-work/lazy [0] to /tmp/tmp.6DDiLFbZd0/experiment-work/libmany.so [0]: normal symbol `probe_0663'
   1934503:	binding file /tmp/tmp.6DDiLFbZd0/experiment-work/lazy [0] to /tmp/tmp.6DDiLFbZd0/experiment-work/libmany.so [0]: normal symbol `probe_0664'
   1934503:	binding file /tmp/tmp.6DDiLFbZd0/experiment-work/lazy [0] to /tmp/tmp.6DDiLFbZd0/experiment-work/libmany.so [0]: normal symbol `probe_0665'
   1934503:	binding file /tmp/tmp.6DDiLFbZd0/experiment-work/lazy [0] to /tmp/tmp.6DDiLFbZd0/experiment-work/libmany.so [0]: normal symbol `probe_0666'
   1934503:	binding file /tmp/tmp.6DDiLFbZd0/experiment-work/lazy [0] to /tmp/tmp.6DDiLFbZd0/experiment-work/libmany.so [0]: normal symbol `probe_0667'
   1934503:	binding file /tmp/tmp.6DDiLFbZd0/experiment-work/lazy [0] to /tmp/tmp.6DDiLFbZd0/experiment-work/libmany.so [0]: normal symbol `probe_0668'
   1934503:	binding file /tmp/tmp.6DDiLFbZd0/experiment-work/lazy [0] to /tmp/tmp.6DDiLFbZd0/experiment-work/libmany.so [0]: normal symbol `probe_0669'
   1934503:	binding file /tmp/tmp.6DDiLFbZd0/experiment-work/lazy [0] to /tmp/tmp.6DDiLFbZd0/experiment-work/libmany.so [0]: normal symbol `probe_0670'
   1934503:	binding file /tmp/tmp.6DDiLFbZd0/experiment-work/lazy [0] to /tmp/tmp.6DDiLFbZd0/experiment-work/libmany.so [0]: normal symbol `probe_0671'
   1934503:	binding file /tmp/tmp.6DDiLFbZd0/experiment-work/lazy [0] to /tmp/tmp.6DDiLFbZd0/experiment-work/libmany.so [0]: normal symbol `probe_0672'
   1934503:	binding file /tmp/tmp.6DDiLFbZd0/experiment-work/lazy [0] to /tmp/tmp.6DDiLFbZd0/experiment-work/libmany.so [0]: normal symbol `probe_0673'
   1934503:	binding file /tmp/tmp.6DDiLFbZd0/experiment-work/lazy [0] to /tmp/tmp.6DDiLFbZd0/experiment-work/libmany.so [0]: normal symbol `probe_0674'
   1934503:	binding file /tmp/tmp.6DDiLFbZd0/experiment-work/lazy [0] to /tmp/tmp.6DDiLFbZd0/experiment-work/libmany.so [0]: normal symbol `probe_0675'
   1934503:	binding file /tmp/tmp.6DDiLFbZd0/experiment-work/lazy [0] to /tmp/tmp.6DDiLFbZd0/experiment-work/libmany.so [0]: normal symbol `probe_0676'
   1934503:	binding file /tmp/tmp.6DDiLFbZd0/experiment-work/lazy [0] to /tmp/tmp.6DDiLFbZd0/experiment-work/libmany.so [0]: normal symbol `probe_0677'
   1934503:	binding file /tmp/tmp.6DDiLFbZd0/experiment-work/lazy [0] to /tmp/tmp.6DDiLFbZd0/experiment-work/libmany.so [0]: normal symbol `probe_0678'
   1934503:	binding file /tmp/tmp.6DDiLFbZd0/experiment-work/lazy [0] to /tmp/tmp.6DDiLFbZd0/experiment-work/libmany.so [0]: normal symbol `probe_0679'
   1934503:	binding file /tmp/tmp.6DDiLFbZd0/experiment-work/lazy [0] to /tmp/tmp.6DDiLFbZd0/experiment-work/libmany.so [0]: normal symbol `probe_0680'
   1934503:	binding file /tmp/tmp.6DDiLFbZd0/experiment-work/lazy [0] to /tmp/tmp.6DDiLFbZd0/experiment-work/libmany.so [0]: normal symbol `probe_0681'
   1934503:	binding file /tmp/tmp.6DDiLFbZd0/experiment-work/lazy [0] to /tmp/tmp.6DDiLFbZd0/experiment-work/libmany.so [0]: normal symbol `probe_0682'
   1934503:	binding file /tmp/tmp.6DDiLFbZd0/experiment-work/lazy [0] to /tmp/tmp.6DDiLFbZd0/experiment-work/libmany.so [0]: normal symbol `probe_0683'
   1934503:	binding file /tmp/tmp.6DDiLFbZd0/experiment-work/lazy [0] to /tmp/tmp.6DDiLFbZd0/experiment-work/libmany.so [0]: normal symbol `probe_0684'
   1934503:	binding file /tmp/tmp.6DDiLFbZd0/experiment-work/lazy [0] to /tmp/tmp.6DDiLFbZd0/experiment-work/libmany.so [0]: normal symbol `probe_0685'
   1934503:	binding file /tmp/tmp.6DDiLFbZd0/experiment-work/lazy [0] to /tmp/tmp.6DDiLFbZd0/experiment-work/libmany.so [0]: normal symbol `probe_0686'
   1934503:	binding file /tmp/tmp.6DDiLFbZd0/experiment-work/lazy [0] to /tmp/tmp.6DDiLFbZd0/experiment-work/libmany.so [0]: normal symbol `probe_0687'
   1934503:	binding file /tmp/tmp.6DDiLFbZd0/experiment-work/lazy [0] to /tmp/tmp.6DDiLFbZd0/experiment-work/libmany.so [0]: normal symbol `probe_0688'
   1934503:	binding file /tmp/tmp.6DDiLFbZd0/experiment-work/lazy [0] to /tmp/tmp.6DDiLFbZd0/experiment-work/libmany.so [0]: normal symbol `probe_0689'
   1934503:	binding file /tmp/tmp.6DDiLFbZd0/experiment-work/lazy [0] to /tmp/tmp.6DDiLFbZd0/experiment-work/libmany.so [0]: normal symbol `probe_0690'
   1934503:	binding file /tmp/tmp.6DDiLFbZd0/experiment-work/lazy [0] to /tmp/tmp.6DDiLFbZd0/experiment-work/libmany.so [0]: normal symbol `probe_0691'
   1934503:	binding file /tmp/tmp.6DDiLFbZd0/experiment-work/lazy [0] to /tmp/tmp.6DDiLFbZd0/experiment-work/libmany.so [0]: normal symbol `probe_0692'
   1934503:	binding file /tmp/tmp.6DDiLFbZd0/experiment-work/lazy [0] to /tmp/tmp.6DDiLFbZd0/experiment-work/libmany.so [0]: normal symbol `probe_0693'
   1934503:	binding file /tmp/tmp.6DDiLFbZd0/experiment-work/lazy [0] to /tmp/tmp.6DDiLFbZd0/experiment-work/libmany.so [0]: normal symbol `probe_0694'
   1934503:	binding file /tmp/tmp.6DDiLFbZd0/experiment-work/lazy [0] to /tmp/tmp.6DDiLFbZd0/experiment-work/libmany.so [0]: normal symbol `probe_0695'
   1934503:	binding file /tmp/tmp.6DDiLFbZd0/experiment-work/lazy [0] to /tmp/tmp.6DDiLFbZd0/experiment-work/libmany.so [0]: normal symbol `probe_0696'
   1934503:	binding file /tmp/tmp.6DDiLFbZd0/experiment-work/lazy [0] to /tmp/tmp.6DDiLFbZd0/experiment-work/libmany.so [0]: normal symbol `probe_0697'
   1934503:	binding file /tmp/tmp.6DDiLFbZd0/experiment-work/lazy [0] to /tmp/tmp.6DDiLFbZd0/experiment-work/libmany.so [0]: normal symbol `probe_0698'
   1934503:	binding file /tmp/tmp.6DDiLFbZd0/experiment-work/lazy [0] to /tmp/tmp.6DDiLFbZd0/experiment-work/libmany.so [0]: normal symbol `probe_0699'
   1934503:	binding file /tmp/tmp.6DDiLFbZd0/experiment-work/lazy [0] to /tmp/tmp.6DDiLFbZd0/experiment-work/libmany.so [0]: normal symbol `probe_0700'
   1934503:	binding file /tmp/tmp.6DDiLFbZd0/experiment-work/lazy [0] to /tmp/tmp.6DDiLFbZd0/experiment-work/libmany.so [0]: normal symbol `probe_0701'
   1934503:	binding file /tmp/tmp.6DDiLFbZd0/experiment-work/lazy [0] to /tmp/tmp.6DDiLFbZd0/experiment-work/libmany.so [0]: normal symbol `probe_0702'
   1934503:	binding file /tmp/tmp.6DDiLFbZd0/experiment-work/lazy [0] to /tmp/tmp.6DDiLFbZd0/experiment-work/libmany.so [0]: normal symbol `probe_0703'
   1934503:	binding file /tmp/tmp.6DDiLFbZd0/experiment-work/lazy [0] to /tmp/tmp.6DDiLFbZd0/experiment-work/libmany.so [0]: normal symbol `probe_0704'
   1934503:	binding file /tmp/tmp.6DDiLFbZd0/experiment-work/lazy [0] to /tmp/tmp.6DDiLFbZd0/experiment-work/libmany.so [0]: normal symbol `probe_0705'
   1934503:	binding file /tmp/tmp.6DDiLFbZd0/experiment-work/lazy [0] to /tmp/tmp.6DDiLFbZd0/experiment-work/libmany.so [0]: normal symbol `probe_0706'
   1934503:	binding file /tmp/tmp.6DDiLFbZd0/experiment-work/lazy [0] to /tmp/tmp.6DDiLFbZd0/experiment-work/libmany.so [0]: normal symbol `probe_0707'
   1934503:	binding file /tmp/tmp.6DDiLFbZd0/experiment-work/lazy [0] to /tmp/tmp.6DDiLFbZd0/experiment-work/libmany.so [0]: normal symbol `probe_0708'
   1934503:	binding file /tmp/tmp.6DDiLFbZd0/experiment-work/lazy [0] to /tmp/tmp.6DDiLFbZd0/experiment-work/libmany.so [0]: normal symbol `probe_0709'
   1934503:	binding file /tmp/tmp.6DDiLFbZd0/experiment-work/lazy [0] to /tmp/tmp.6DDiLFbZd0/experiment-work/libmany.so [0]: normal symbol `probe_0710'
   1934503:	binding file /tmp/tmp.6DDiLFbZd0/experiment-work/lazy [0] to /tmp/tmp.6DDiLFbZd0/experiment-work/libmany.so [0]: normal symbol `probe_0711'
   1934503:	binding file /tmp/tmp.6DDiLFbZd0/experiment-work/lazy [0] to /tmp/tmp.6DDiLFbZd0/experiment-work/libmany.so [0]: normal symbol `probe_0712'
   1934503:	binding file /tmp/tmp.6DDiLFbZd0/experiment-work/lazy [0] to /tmp/tmp.6DDiLFbZd0/experiment-work/libmany.so [0]: normal symbol `probe_0713'
   1934503:	binding file /tmp/tmp.6DDiLFbZd0/experiment-work/lazy [0] to /tmp/tmp.6DDiLFbZd0/experiment-work/libmany.so [0]: normal symbol `probe_0714'
   1934503:	binding file /tmp/tmp.6DDiLFbZd0/experiment-work/lazy [0] to /tmp/tmp.6DDiLFbZd0/experiment-work/libmany.so [0]: normal symbol `probe_0715'
   1934503:	binding file /tmp/tmp.6DDiLFbZd0/experiment-work/lazy [0] to /tmp/tmp.6DDiLFbZd0/experiment-work/libmany.so [0]: normal symbol `probe_0716'
   1934503:	binding file /tmp/tmp.6DDiLFbZd0/experiment-work/lazy [0] to /tmp/tmp.6DDiLFbZd0/experiment-work/libmany.so [0]: normal symbol `probe_0717'
   1934503:	binding file /tmp/tmp.6DDiLFbZd0/experiment-work/lazy [0] to /tmp/tmp.6DDiLFbZd0/experiment-work/libmany.so [0]: normal symbol `probe_0718'
   1934503:	binding file /tmp/tmp.6DDiLFbZd0/experiment-work/lazy [0] to /tmp/tmp.6DDiLFbZd0/experiment-work/libmany.so [0]: normal symbol `probe_0719'
   1934503:	binding file /tmp/tmp.6DDiLFbZd0/experiment-work/lazy [0] to /tmp/tmp.6DDiLFbZd0/experiment-work/libmany.so [0]: normal symbol `probe_0720'
   1934503:	binding file /tmp/tmp.6DDiLFbZd0/experiment-work/lazy [0] to /tmp/tmp.6DDiLFbZd0/experiment-work/libmany.so [0]: normal symbol `probe_0721'
   1934503:	binding file /tmp/tmp.6DDiLFbZd0/experiment-work/lazy [0] to /tmp/tmp.6DDiLFbZd0/experiment-work/libmany.so [0]: normal symbol `probe_0722'
   1934503:	binding file /tmp/tmp.6DDiLFbZd0/experiment-work/lazy [0] to /tmp/tmp.6DDiLFbZd0/experiment-work/libmany.so [0]: normal symbol `probe_0723'
   1934503:	binding file /tmp/tmp.6DDiLFbZd0/experiment-work/lazy [0] to /tmp/tmp.6DDiLFbZd0/experiment-work/libmany.so [0]: normal symbol `probe_0724'
   1934503:	binding file /tmp/tmp.6DDiLFbZd0/experiment-work/lazy [0] to /tmp/tmp.6DDiLFbZd0/experiment-work/libmany.so [0]: normal symbol `probe_0725'
   1934503:	binding file /tmp/tmp.6DDiLFbZd0/experiment-work/lazy [0] to /tmp/tmp.6DDiLFbZd0/experiment-work/libmany.so [0]: normal symbol `probe_0726'
   1934503:	binding file /tmp/tmp.6DDiLFbZd0/experiment-work/lazy [0] to /tmp/tmp.6DDiLFbZd0/experiment-work/libmany.so [0]: normal symbol `probe_0727'
   1934503:	binding file /tmp/tmp.6DDiLFbZd0/experiment-work/lazy [0] to /tmp/tmp.6DDiLFbZd0/experiment-work/libmany.so [0]: normal symbol `probe_0728'
   1934503:	binding file /tmp/tmp.6DDiLFbZd0/experiment-work/lazy [0] to /tmp/tmp.6DDiLFbZd0/experiment-work/libmany.so [0]: normal symbol `probe_0729'
   1934503:	binding file /tmp/tmp.6DDiLFbZd0/experiment-work/lazy [0] to /tmp/tmp.6DDiLFbZd0/experiment-work/libmany.so [0]: normal symbol `probe_0730'
   1934503:	binding file /tmp/tmp.6DDiLFbZd0/experiment-work/lazy [0] to /tmp/tmp.6DDiLFbZd0/experiment-work/libmany.so [0]: normal symbol `probe_0731'
   1934503:	binding file /tmp/tmp.6DDiLFbZd0/experiment-work/lazy [0] to /tmp/tmp.6DDiLFbZd0/experiment-work/libmany.so [0]: normal symbol `probe_0732'
   1934503:	binding file /tmp/tmp.6DDiLFbZd0/experiment-work/lazy [0] to /tmp/tmp.6DDiLFbZd0/experiment-work/libmany.so [0]: normal symbol `probe_0733'
   1934503:	binding file /tmp/tmp.6DDiLFbZd0/experiment-work/lazy [0] to /tmp/tmp.6DDiLFbZd0/experiment-work/libmany.so [0]: normal symbol `probe_0734'
   1934503:	binding file /tmp/tmp.6DDiLFbZd0/experiment-work/lazy [0] to /tmp/tmp.6DDiLFbZd0/experiment-work/libmany.so [0]: normal symbol `probe_0735'
   1934503:	binding file /tmp/tmp.6DDiLFbZd0/experiment-work/lazy [0] to /tmp/tmp.6DDiLFbZd0/experiment-work/libmany.so [0]: normal symbol `probe_0736'
   1934503:	binding file /tmp/tmp.6DDiLFbZd0/experiment-work/lazy [0] to /tmp/tmp.6DDiLFbZd0/experiment-work/libmany.so [0]: normal symbol `probe_0737'
   1934503:	binding file /tmp/tmp.6DDiLFbZd0/experiment-work/lazy [0] to /tmp/tmp.6DDiLFbZd0/experiment-work/libmany.so [0]: normal symbol `probe_0738'
   1934503:	binding file /tmp/tmp.6DDiLFbZd0/experiment-work/lazy [0] to /tmp/tmp.6DDiLFbZd0/experiment-work/libmany.so [0]: normal symbol `probe_0739'
   1934503:	binding file /tmp/tmp.6DDiLFbZd0/experiment-work/lazy [0] to /tmp/tmp.6DDiLFbZd0/experiment-work/libmany.so [0]: normal symbol `probe_0740'
   1934503:	binding file /tmp/tmp.6DDiLFbZd0/experiment-work/lazy [0] to /tmp/tmp.6DDiLFbZd0/experiment-work/libmany.so [0]: normal symbol `probe_0741'
   1934503:	binding file /tmp/tmp.6DDiLFbZd0/experiment-work/lazy [0] to /tmp/tmp.6DDiLFbZd0/experiment-work/libmany.so [0]: normal symbol `probe_0742'
   1934503:	binding file /tmp/tmp.6DDiLFbZd0/experiment-work/lazy [0] to /tmp/tmp.6DDiLFbZd0/experiment-work/libmany.so [0]: normal symbol `probe_0743'
   1934503:	binding file /tmp/tmp.6DDiLFbZd0/experiment-work/lazy [0] to /tmp/tmp.6DDiLFbZd0/experiment-work/libmany.so [0]: normal symbol `probe_0744'
   1934503:	binding file /tmp/tmp.6DDiLFbZd0/experiment-work/lazy [0] to /tmp/tmp.6DDiLFbZd0/experiment-work/libmany.so [0]: normal symbol `probe_0745'
   1934503:	binding file /tmp/tmp.6DDiLFbZd0/experiment-work/lazy [0] to /tmp/tmp.6DDiLFbZd0/experiment-work/libmany.so [0]: normal symbol `probe_0746'
   1934503:	binding file /tmp/tmp.6DDiLFbZd0/experiment-work/lazy [0] to /tmp/tmp.6DDiLFbZd0/experiment-work/libmany.so [0]: normal symbol `probe_0747'
   1934503:	binding file /tmp/tmp.6DDiLFbZd0/experiment-work/lazy [0] to /tmp/tmp.6DDiLFbZd0/experiment-work/libmany.so [0]: normal symbol `probe_0748'
   1934503:	binding file /tmp/tmp.6DDiLFbZd0/experiment-work/lazy [0] to /tmp/tmp.6DDiLFbZd0/experiment-work/libmany.so [0]: normal symbol `probe_0749'
   1934503:	binding file /tmp/tmp.6DDiLFbZd0/experiment-work/lazy [0] to /tmp/tmp.6DDiLFbZd0/experiment-work/libmany.so [0]: normal symbol `probe_0750'
   1934503:	binding file /tmp/tmp.6DDiLFbZd0/experiment-work/lazy [0] to /tmp/tmp.6DDiLFbZd0/experiment-work/libmany.so [0]: normal symbol `probe_0751'
   1934503:	binding file /tmp/tmp.6DDiLFbZd0/experiment-work/lazy [0] to /tmp/tmp.6DDiLFbZd0/experiment-work/libmany.so [0]: normal symbol `probe_0752'
   1934503:	binding file /tmp/tmp.6DDiLFbZd0/experiment-work/lazy [0] to /tmp/tmp.6DDiLFbZd0/experiment-work/libmany.so [0]: normal symbol `probe_0753'
   1934503:	binding file /tmp/tmp.6DDiLFbZd0/experiment-work/lazy [0] to /tmp/tmp.6DDiLFbZd0/experiment-work/libmany.so [0]: normal symbol `probe_0754'
   1934503:	binding file /tmp/tmp.6DDiLFbZd0/experiment-work/lazy [0] to /tmp/tmp.6DDiLFbZd0/experiment-work/libmany.so [0]: normal symbol `probe_0755'
   1934503:	binding file /tmp/tmp.6DDiLFbZd0/experiment-work/lazy [0] to /tmp/tmp.6DDiLFbZd0/experiment-work/libmany.so [0]: normal symbol `probe_0756'
   1934503:	binding file /tmp/tmp.6DDiLFbZd0/experiment-work/lazy [0] to /tmp/tmp.6DDiLFbZd0/experiment-work/libmany.so [0]: normal symbol `probe_0757'
   1934503:	binding file /tmp/tmp.6DDiLFbZd0/experiment-work/lazy [0] to /tmp/tmp.6DDiLFbZd0/experiment-work/libmany.so [0]: normal symbol `probe_0758'
   1934503:	binding file /tmp/tmp.6DDiLFbZd0/experiment-work/lazy [0] to /tmp/tmp.6DDiLFbZd0/experiment-work/libmany.so [0]: normal symbol `probe_0759'
   1934503:	binding file /tmp/tmp.6DDiLFbZd0/experiment-work/lazy [0] to /tmp/tmp.6DDiLFbZd0/experiment-work/libmany.so [0]: normal symbol `probe_0760'
   1934503:	binding file /tmp/tmp.6DDiLFbZd0/experiment-work/lazy [0] to /tmp/tmp.6DDiLFbZd0/experiment-work/libmany.so [0]: normal symbol `probe_0761'
   1934503:	binding file /tmp/tmp.6DDiLFbZd0/experiment-work/lazy [0] to /tmp/tmp.6DDiLFbZd0/experiment-work/libmany.so [0]: normal symbol `probe_0762'
   1934503:	binding file /tmp/tmp.6DDiLFbZd0/experiment-work/lazy [0] to /tmp/tmp.6DDiLFbZd0/experiment-work/libmany.so [0]: normal symbol `probe_0763'
   1934503:	binding file /tmp/tmp.6DDiLFbZd0/experiment-work/lazy [0] to /tmp/tmp.6DDiLFbZd0/experiment-work/libmany.so [0]: normal symbol `probe_0764'
   1934503:	binding file /tmp/tmp.6DDiLFbZd0/experiment-work/lazy [0] to /tmp/tmp.6DDiLFbZd0/experiment-work/libmany.so [0]: normal symbol `probe_0765'
   1934503:	binding file /tmp/tmp.6DDiLFbZd0/experiment-work/lazy [0] to /tmp/tmp.6DDiLFbZd0/experiment-work/libmany.so [0]: normal symbol `probe_0766'
   1934503:	binding file /tmp/tmp.6DDiLFbZd0/experiment-work/lazy [0] to /tmp/tmp.6DDiLFbZd0/experiment-work/libmany.so [0]: normal symbol `probe_0767'
   1934503:	binding file /tmp/tmp.6DDiLFbZd0/experiment-work/lazy [0] to /tmp/tmp.6DDiLFbZd0/experiment-work/libmany.so [0]: normal symbol `probe_0768'
   1934503:	binding file /tmp/tmp.6DDiLFbZd0/experiment-work/lazy [0] to /tmp/tmp.6DDiLFbZd0/experiment-work/libmany.so [0]: normal symbol `probe_0769'
   1934503:	binding file /tmp/tmp.6DDiLFbZd0/experiment-work/lazy [0] to /tmp/tmp.6DDiLFbZd0/experiment-work/libmany.so [0]: normal symbol `probe_0770'
   1934503:	binding file /tmp/tmp.6DDiLFbZd0/experiment-work/lazy [0] to /tmp/tmp.6DDiLFbZd0/experiment-work/libmany.so [0]: normal symbol `probe_0771'
   1934503:	binding file /tmp/tmp.6DDiLFbZd0/experiment-work/lazy [0] to /tmp/tmp.6DDiLFbZd0/experiment-work/libmany.so [0]: normal symbol `probe_0772'
   1934503:	binding file /tmp/tmp.6DDiLFbZd0/experiment-work/lazy [0] to /tmp/tmp.6DDiLFbZd0/experiment-work/libmany.so [0]: normal symbol `probe_0773'
   1934503:	binding file /tmp/tmp.6DDiLFbZd0/experiment-work/lazy [0] to /tmp/tmp.6DDiLFbZd0/experiment-work/libmany.so [0]: normal symbol `probe_0774'
   1934503:	binding file /tmp/tmp.6DDiLFbZd0/experiment-work/lazy [0] to /tmp/tmp.6DDiLFbZd0/experiment-work/libmany.so [0]: normal symbol `probe_0775'
   1934503:	binding file /tmp/tmp.6DDiLFbZd0/experiment-work/lazy [0] to /tmp/tmp.6DDiLFbZd0/experiment-work/libmany.so [0]: normal symbol `probe_0776'
   1934503:	binding file /tmp/tmp.6DDiLFbZd0/experiment-work/lazy [0] to /tmp/tmp.6DDiLFbZd0/experiment-work/libmany.so [0]: normal symbol `probe_0777'
   1934503:	binding file /tmp/tmp.6DDiLFbZd0/experiment-work/lazy [0] to /tmp/tmp.6DDiLFbZd0/experiment-work/libmany.so [0]: normal symbol `probe_0778'
   1934503:	binding file /tmp/tmp.6DDiLFbZd0/experiment-work/lazy [0] to /tmp/tmp.6DDiLFbZd0/experiment-work/libmany.so [0]: normal symbol `probe_0779'
   1934503:	binding file /tmp/tmp.6DDiLFbZd0/experiment-work/lazy [0] to /tmp/tmp.6DDiLFbZd0/experiment-work/libmany.so [0]: normal symbol `probe_0780'
   1934503:	binding file /tmp/tmp.6DDiLFbZd0/experiment-work/lazy [0] to /tmp/tmp.6DDiLFbZd0/experiment-work/libmany.so [0]: normal symbol `probe_0781'
   1934503:	binding file /tmp/tmp.6DDiLFbZd0/experiment-work/lazy [0] to /tmp/tmp.6DDiLFbZd0/experiment-work/libmany.so [0]: normal symbol `probe_0782'
   1934503:	binding file /tmp/tmp.6DDiLFbZd0/experiment-work/lazy [0] to /tmp/tmp.6DDiLFbZd0/experiment-work/libmany.so [0]: normal symbol `probe_0783'
   1934503:	binding file /tmp/tmp.6DDiLFbZd0/experiment-work/lazy [0] to /tmp/tmp.6DDiLFbZd0/experiment-work/libmany.so [0]: normal symbol `probe_0784'
   1934503:	binding file /tmp/tmp.6DDiLFbZd0/experiment-work/lazy [0] to /tmp/tmp.6DDiLFbZd0/experiment-work/libmany.so [0]: normal symbol `probe_0785'
   1934503:	binding file /tmp/tmp.6DDiLFbZd0/experiment-work/lazy [0] to /tmp/tmp.6DDiLFbZd0/experiment-work/libmany.so [0]: normal symbol `probe_0786'
   1934503:	binding file /tmp/tmp.6DDiLFbZd0/experiment-work/lazy [0] to /tmp/tmp.6DDiLFbZd0/experiment-work/libmany.so [0]: normal symbol `probe_0787'
   1934503:	binding file /tmp/tmp.6DDiLFbZd0/experiment-work/lazy [0] to /tmp/tmp.6DDiLFbZd0/experiment-work/libmany.so [0]: normal symbol `probe_0788'
   1934503:	binding file /tmp/tmp.6DDiLFbZd0/experiment-work/lazy [0] to /tmp/tmp.6DDiLFbZd0/experiment-work/libmany.so [0]: normal symbol `probe_0789'
   1934503:	binding file /tmp/tmp.6DDiLFbZd0/experiment-work/lazy [0] to /tmp/tmp.6DDiLFbZd0/experiment-work/libmany.so [0]: normal symbol `probe_0790'
   1934503:	binding file /tmp/tmp.6DDiLFbZd0/experiment-work/lazy [0] to /tmp/tmp.6DDiLFbZd0/experiment-work/libmany.so [0]: normal symbol `probe_0791'
   1934503:	binding file /tmp/tmp.6DDiLFbZd0/experiment-work/lazy [0] to /tmp/tmp.6DDiLFbZd0/experiment-work/libmany.so [0]: normal symbol `probe_0792'
   1934503:	binding file /tmp/tmp.6DDiLFbZd0/experiment-work/lazy [0] to /tmp/tmp.6DDiLFbZd0/experiment-work/libmany.so [0]: normal symbol `probe_0793'
   1934503:	binding file /tmp/tmp.6DDiLFbZd0/experiment-work/lazy [0] to /tmp/tmp.6DDiLFbZd0/experiment-work/libmany.so [0]: normal symbol `probe_0794'
   1934503:	binding file /tmp/tmp.6DDiLFbZd0/experiment-work/lazy [0] to /tmp/tmp.6DDiLFbZd0/experiment-work/libmany.so [0]: normal symbol `probe_0795'
   1934503:	binding file /tmp/tmp.6DDiLFbZd0/experiment-work/lazy [0] to /tmp/tmp.6DDiLFbZd0/experiment-work/libmany.so [0]: normal symbol `probe_0796'
   1934503:	binding file /tmp/tmp.6DDiLFbZd0/experiment-work/lazy [0] to /tmp/tmp.6DDiLFbZd0/experiment-work/libmany.so [0]: normal symbol `probe_0797'
   1934503:	binding file /tmp/tmp.6DDiLFbZd0/experiment-work/lazy [0] to /tmp/tmp.6DDiLFbZd0/experiment-work/libmany.so [0]: normal symbol `probe_0798'
   1934503:	binding file /tmp/tmp.6DDiLFbZd0/experiment-work/lazy [0] to /tmp/tmp.6DDiLFbZd0/experiment-work/libmany.so [0]: normal symbol `probe_0799'
   1934503:	binding file /tmp/tmp.6DDiLFbZd0/experiment-work/lazy [0] to /tmp/tmp.6DDiLFbZd0/experiment-work/libmany.so [0]: normal symbol `probe_0800'
   1934503:	binding file /tmp/tmp.6DDiLFbZd0/experiment-work/lazy [0] to /tmp/tmp.6DDiLFbZd0/experiment-work/libmany.so [0]: normal symbol `probe_0801'
   1934503:	binding file /tmp/tmp.6DDiLFbZd0/experiment-work/lazy [0] to /tmp/tmp.6DDiLFbZd0/experiment-work/libmany.so [0]: normal symbol `probe_0802'
   1934503:	binding file /tmp/tmp.6DDiLFbZd0/experiment-work/lazy [0] to /tmp/tmp.6DDiLFbZd0/experiment-work/libmany.so [0]: normal symbol `probe_0803'
   1934503:	binding file /tmp/tmp.6DDiLFbZd0/experiment-work/lazy [0] to /tmp/tmp.6DDiLFbZd0/experiment-work/libmany.so [0]: normal symbol `probe_0804'
   1934503:	binding file /tmp/tmp.6DDiLFbZd0/experiment-work/lazy [0] to /tmp/tmp.6DDiLFbZd0/experiment-work/libmany.so [0]: normal symbol `probe_0805'
   1934503:	binding file /tmp/tmp.6DDiLFbZd0/experiment-work/lazy [0] to /tmp/tmp.6DDiLFbZd0/experiment-work/libmany.so [0]: normal symbol `probe_0806'
   1934503:	binding file /tmp/tmp.6DDiLFbZd0/experiment-work/lazy [0] to /tmp/tmp.6DDiLFbZd0/experiment-work/libmany.so [0]: normal symbol `probe_0807'
   1934503:	binding file /tmp/tmp.6DDiLFbZd0/experiment-work/lazy [0] to /tmp/tmp.6DDiLFbZd0/experiment-work/libmany.so [0]: normal symbol `probe_0808'
   1934503:	binding file /tmp/tmp.6DDiLFbZd0/experiment-work/lazy [0] to /tmp/tmp.6DDiLFbZd0/experiment-work/libmany.so [0]: normal symbol `probe_0809'
   1934503:	binding file /tmp/tmp.6DDiLFbZd0/experiment-work/lazy [0] to /tmp/tmp.6DDiLFbZd0/experiment-work/libmany.so [0]: normal symbol `probe_0810'
   1934503:	binding file /tmp/tmp.6DDiLFbZd0/experiment-work/lazy [0] to /tmp/tmp.6DDiLFbZd0/experiment-work/libmany.so [0]: normal symbol `probe_0811'
   1934503:	binding file /tmp/tmp.6DDiLFbZd0/experiment-work/lazy [0] to /tmp/tmp.6DDiLFbZd0/experiment-work/libmany.so [0]: normal symbol `probe_0812'
   1934503:	binding file /tmp/tmp.6DDiLFbZd0/experiment-work/lazy [0] to /tmp/tmp.6DDiLFbZd0/experiment-work/libmany.so [0]: normal symbol `probe_0813'
   1934503:	binding file /tmp/tmp.6DDiLFbZd0/experiment-work/lazy [0] to /tmp/tmp.6DDiLFbZd0/experiment-work/libmany.so [0]: normal symbol `probe_0814'
   1934503:	binding file /tmp/tmp.6DDiLFbZd0/experiment-work/lazy [0] to /tmp/tmp.6DDiLFbZd0/experiment-work/libmany.so [0]: normal symbol `probe_0815'
   1934503:	binding file /tmp/tmp.6DDiLFbZd0/experiment-work/lazy [0] to /tmp/tmp.6DDiLFbZd0/experiment-work/libmany.so [0]: normal symbol `probe_0816'
   1934503:	binding file /tmp/tmp.6DDiLFbZd0/experiment-work/lazy [0] to /tmp/tmp.6DDiLFbZd0/experiment-work/libmany.so [0]: normal symbol `probe_0817'
   1934503:	binding file /tmp/tmp.6DDiLFbZd0/experiment-work/lazy [0] to /tmp/tmp.6DDiLFbZd0/experiment-work/libmany.so [0]: normal symbol `probe_0818'
   1934503:	binding file /tmp/tmp.6DDiLFbZd0/experiment-work/lazy [0] to /tmp/tmp.6DDiLFbZd0/experiment-work/libmany.so [0]: normal symbol `probe_0819'
   1934503:	binding file /tmp/tmp.6DDiLFbZd0/experiment-work/lazy [0] to /tmp/tmp.6DDiLFbZd0/experiment-work/libmany.so [0]: normal symbol `probe_0820'
   1934503:	binding file /tmp/tmp.6DDiLFbZd0/experiment-work/lazy [0] to /tmp/tmp.6DDiLFbZd0/experiment-work/libmany.so [0]: normal symbol `probe_0821'
   1934503:	binding file /tmp/tmp.6DDiLFbZd0/experiment-work/lazy [0] to /tmp/tmp.6DDiLFbZd0/experiment-work/libmany.so [0]: normal symbol `probe_0822'
   1934503:	binding file /tmp/tmp.6DDiLFbZd0/experiment-work/lazy [0] to /tmp/tmp.6DDiLFbZd0/experiment-work/libmany.so [0]: normal symbol `probe_0823'
   1934503:	binding file /tmp/tmp.6DDiLFbZd0/experiment-work/lazy [0] to /tmp/tmp.6DDiLFbZd0/experiment-work/libmany.so [0]: normal symbol `probe_0824'
   1934503:	binding file /tmp/tmp.6DDiLFbZd0/experiment-work/lazy [0] to /tmp/tmp.6DDiLFbZd0/experiment-work/libmany.so [0]: normal symbol `probe_0825'
   1934503:	binding file /tmp/tmp.6DDiLFbZd0/experiment-work/lazy [0] to /tmp/tmp.6DDiLFbZd0/experiment-work/libmany.so [0]: normal symbol `probe_0826'
   1934503:	binding file /tmp/tmp.6DDiLFbZd0/experiment-work/lazy [0] to /tmp/tmp.6DDiLFbZd0/experiment-work/libmany.so [0]: normal symbol `probe_0827'
   1934503:	binding file /tmp/tmp.6DDiLFbZd0/experiment-work/lazy [0] to /tmp/tmp.6DDiLFbZd0/experiment-work/libmany.so [0]: normal symbol `probe_0828'
   1934503:	binding file /tmp/tmp.6DDiLFbZd0/experiment-work/lazy [0] to /tmp/tmp.6DDiLFbZd0/experiment-work/libmany.so [0]: normal symbol `probe_0829'
   1934503:	binding file /tmp/tmp.6DDiLFbZd0/experiment-work/lazy [0] to /tmp/tmp.6DDiLFbZd0/experiment-work/libmany.so [0]: normal symbol `probe_0830'
   1934503:	binding file /tmp/tmp.6DDiLFbZd0/experiment-work/lazy [0] to /tmp/tmp.6DDiLFbZd0/experiment-work/libmany.so [0]: normal symbol `probe_0831'
   1934503:	binding file /tmp/tmp.6DDiLFbZd0/experiment-work/lazy [0] to /tmp/tmp.6DDiLFbZd0/experiment-work/libmany.so [0]: normal symbol `probe_0832'
   1934503:	binding file /tmp/tmp.6DDiLFbZd0/experiment-work/lazy [0] to /tmp/tmp.6DDiLFbZd0/experiment-work/libmany.so [0]: normal symbol `probe_0833'
   1934503:	binding file /tmp/tmp.6DDiLFbZd0/experiment-work/lazy [0] to /tmp/tmp.6DDiLFbZd0/experiment-work/libmany.so [0]: normal symbol `probe_0834'
   1934503:	binding file /tmp/tmp.6DDiLFbZd0/experiment-work/lazy [0] to /tmp/tmp.6DDiLFbZd0/experiment-work/libmany.so [0]: normal symbol `probe_0835'
   1934503:	binding file /tmp/tmp.6DDiLFbZd0/experiment-work/lazy [0] to /tmp/tmp.6DDiLFbZd0/experiment-work/libmany.so [0]: normal symbol `probe_0836'
   1934503:	binding file /tmp/tmp.6DDiLFbZd0/experiment-work/lazy [0] to /tmp/tmp.6DDiLFbZd0/experiment-work/libmany.so [0]: normal symbol `probe_0837'
   1934503:	binding file /tmp/tmp.6DDiLFbZd0/experiment-work/lazy [0] to /tmp/tmp.6DDiLFbZd0/experiment-work/libmany.so [0]: normal symbol `probe_0838'
   1934503:	binding file /tmp/tmp.6DDiLFbZd0/experiment-work/lazy [0] to /tmp/tmp.6DDiLFbZd0/experiment-work/libmany.so [0]: normal symbol `probe_0839'
   1934503:	binding file /tmp/tmp.6DDiLFbZd0/experiment-work/lazy [0] to /tmp/tmp.6DDiLFbZd0/experiment-work/libmany.so [0]: normal symbol `probe_0840'
   1934503:	binding file /tmp/tmp.6DDiLFbZd0/experiment-work/lazy [0] to /tmp/tmp.6DDiLFbZd0/experiment-work/libmany.so [0]: normal symbol `probe_0841'
   1934503:	binding file /tmp/tmp.6DDiLFbZd0/experiment-work/lazy [0] to /tmp/tmp.6DDiLFbZd0/experiment-work/libmany.so [0]: normal symbol `probe_0842'
   1934503:	binding file /tmp/tmp.6DDiLFbZd0/experiment-work/lazy [0] to /tmp/tmp.6DDiLFbZd0/experiment-work/libmany.so [0]: normal symbol `probe_0843'
   1934503:	binding file /tmp/tmp.6DDiLFbZd0/experiment-work/lazy [0] to /tmp/tmp.6DDiLFbZd0/experiment-work/libmany.so [0]: normal symbol `probe_0844'
   1934503:	binding file /tmp/tmp.6DDiLFbZd0/experiment-work/lazy [0] to /tmp/tmp.6DDiLFbZd0/experiment-work/libmany.so [0]: normal symbol `probe_0845'
   1934503:	binding file /tmp/tmp.6DDiLFbZd0/experiment-work/lazy [0] to /tmp/tmp.6DDiLFbZd0/experiment-work/libmany.so [0]: normal symbol `probe_0846'
   1934503:	binding file /tmp/tmp.6DDiLFbZd0/experiment-work/lazy [0] to /tmp/tmp.6DDiLFbZd0/experiment-work/libmany.so [0]: normal symbol `probe_0847'
   1934503:	binding file /tmp/tmp.6DDiLFbZd0/experiment-work/lazy [0] to /tmp/tmp.6DDiLFbZd0/experiment-work/libmany.so [0]: normal symbol `probe_0848'
   1934503:	binding file /tmp/tmp.6DDiLFbZd0/experiment-work/lazy [0] to /tmp/tmp.6DDiLFbZd0/experiment-work/libmany.so [0]: normal symbol `probe_0849'
   1934503:	binding file /tmp/tmp.6DDiLFbZd0/experiment-work/lazy [0] to /tmp/tmp.6DDiLFbZd0/experiment-work/libmany.so [0]: normal symbol `probe_0850'
   1934503:	binding file /tmp/tmp.6DDiLFbZd0/experiment-work/lazy [0] to /tmp/tmp.6DDiLFbZd0/experiment-work/libmany.so [0]: normal symbol `probe_0851'
   1934503:	binding file /tmp/tmp.6DDiLFbZd0/experiment-work/lazy [0] to /tmp/tmp.6DDiLFbZd0/experiment-work/libmany.so [0]: normal symbol `probe_0852'
   1934503:	binding file /tmp/tmp.6DDiLFbZd0/experiment-work/lazy [0] to /tmp/tmp.6DDiLFbZd0/experiment-work/libmany.so [0]: normal symbol `probe_0853'
   1934503:	binding file /tmp/tmp.6DDiLFbZd0/experiment-work/lazy [0] to /tmp/tmp.6DDiLFbZd0/experiment-work/libmany.so [0]: normal symbol `probe_0854'
   1934503:	binding file /tmp/tmp.6DDiLFbZd0/experiment-work/lazy [0] to /tmp/tmp.6DDiLFbZd0/experiment-work/libmany.so [0]: normal symbol `probe_0855'
   1934503:	binding file /tmp/tmp.6DDiLFbZd0/experiment-work/lazy [0] to /tmp/tmp.6DDiLFbZd0/experiment-work/libmany.so [0]: normal symbol `probe_0856'
   1934503:	binding file /tmp/tmp.6DDiLFbZd0/experiment-work/lazy [0] to /tmp/tmp.6DDiLFbZd0/experiment-work/libmany.so [0]: normal symbol `probe_0857'
   1934503:	binding file /tmp/tmp.6DDiLFbZd0/experiment-work/lazy [0] to /tmp/tmp.6DDiLFbZd0/experiment-work/libmany.so [0]: normal symbol `probe_0858'
   1934503:	binding file /tmp/tmp.6DDiLFbZd0/experiment-work/lazy [0] to /tmp/tmp.6DDiLFbZd0/experiment-work/libmany.so [0]: normal symbol `probe_0859'
   1934503:	binding file /tmp/tmp.6DDiLFbZd0/experiment-work/lazy [0] to /tmp/tmp.6DDiLFbZd0/experiment-work/libmany.so [0]: normal symbol `probe_0860'
   1934503:	binding file /tmp/tmp.6DDiLFbZd0/experiment-work/lazy [0] to /tmp/tmp.6DDiLFbZd0/experiment-work/libmany.so [0]: normal symbol `probe_0861'
   1934503:	binding file /tmp/tmp.6DDiLFbZd0/experiment-work/lazy [0] to /tmp/tmp.6DDiLFbZd0/experiment-work/libmany.so [0]: normal symbol `probe_0862'
   1934503:	binding file /tmp/tmp.6DDiLFbZd0/experiment-work/lazy [0] to /tmp/tmp.6DDiLFbZd0/experiment-work/libmany.so [0]: normal symbol `probe_0863'
   1934503:	binding file /tmp/tmp.6DDiLFbZd0/experiment-work/lazy [0] to /tmp/tmp.6DDiLFbZd0/experiment-work/libmany.so [0]: normal symbol `probe_0864'
   1934503:	binding file /tmp/tmp.6DDiLFbZd0/experiment-work/lazy [0] to /tmp/tmp.6DDiLFbZd0/experiment-work/libmany.so [0]: normal symbol `probe_0865'
   1934503:	binding file /tmp/tmp.6DDiLFbZd0/experiment-work/lazy [0] to /tmp/tmp.6DDiLFbZd0/experiment-work/libmany.so [0]: normal symbol `probe_0866'
   1934503:	binding file /tmp/tmp.6DDiLFbZd0/experiment-work/lazy [0] to /tmp/tmp.6DDiLFbZd0/experiment-work/libmany.so [0]: normal symbol `probe_0867'
   1934503:	binding file /tmp/tmp.6DDiLFbZd0/experiment-work/lazy [0] to /tmp/tmp.6DDiLFbZd0/experiment-work/libmany.so [0]: normal symbol `probe_0868'
   1934503:	binding file /tmp/tmp.6DDiLFbZd0/experiment-work/lazy [0] to /tmp/tmp.6DDiLFbZd0/experiment-work/libmany.so [0]: normal symbol `probe_0869'
   1934503:	binding file /tmp/tmp.6DDiLFbZd0/experiment-work/lazy [0] to /tmp/tmp.6DDiLFbZd0/experiment-work/libmany.so [0]: normal symbol `probe_0870'
   1934503:	binding file /tmp/tmp.6DDiLFbZd0/experiment-work/lazy [0] to /tmp/tmp.6DDiLFbZd0/experiment-work/libmany.so [0]: normal symbol `probe_0871'
   1934503:	binding file /tmp/tmp.6DDiLFbZd0/experiment-work/lazy [0] to /tmp/tmp.6DDiLFbZd0/experiment-work/libmany.so [0]: normal symbol `probe_0872'
   1934503:	binding file /tmp/tmp.6DDiLFbZd0/experiment-work/lazy [0] to /tmp/tmp.6DDiLFbZd0/experiment-work/libmany.so [0]: normal symbol `probe_0873'
   1934503:	binding file /tmp/tmp.6DDiLFbZd0/experiment-work/lazy [0] to /tmp/tmp.6DDiLFbZd0/experiment-work/libmany.so [0]: normal symbol `probe_0874'
   1934503:	binding file /tmp/tmp.6DDiLFbZd0/experiment-work/lazy [0] to /tmp/tmp.6DDiLFbZd0/experiment-work/libmany.so [0]: normal symbol `probe_0875'
   1934503:	binding file /tmp/tmp.6DDiLFbZd0/experiment-work/lazy [0] to /tmp/tmp.6DDiLFbZd0/experiment-work/libmany.so [0]: normal symbol `probe_0876'
   1934503:	binding file /tmp/tmp.6DDiLFbZd0/experiment-work/lazy [0] to /tmp/tmp.6DDiLFbZd0/experiment-work/libmany.so [0]: normal symbol `probe_0877'
   1934503:	binding file /tmp/tmp.6DDiLFbZd0/experiment-work/lazy [0] to /tmp/tmp.6DDiLFbZd0/experiment-work/libmany.so [0]: normal symbol `probe_0878'
   1934503:	binding file /tmp/tmp.6DDiLFbZd0/experiment-work/lazy [0] to /tmp/tmp.6DDiLFbZd0/experiment-work/libmany.so [0]: normal symbol `probe_0879'
   1934503:	binding file /tmp/tmp.6DDiLFbZd0/experiment-work/lazy [0] to /tmp/tmp.6DDiLFbZd0/experiment-work/libmany.so [0]: normal symbol `probe_0880'
   1934503:	binding file /tmp/tmp.6DDiLFbZd0/experiment-work/lazy [0] to /tmp/tmp.6DDiLFbZd0/experiment-work/libmany.so [0]: normal symbol `probe_0881'
   1934503:	binding file /tmp/tmp.6DDiLFbZd0/experiment-work/lazy [0] to /tmp/tmp.6DDiLFbZd0/experiment-work/libmany.so [0]: normal symbol `probe_0882'
   1934503:	binding file /tmp/tmp.6DDiLFbZd0/experiment-work/lazy [0] to /tmp/tmp.6DDiLFbZd0/experiment-work/libmany.so [0]: normal symbol `probe_0883'
   1934503:	binding file /tmp/tmp.6DDiLFbZd0/experiment-work/lazy [0] to /tmp/tmp.6DDiLFbZd0/experiment-work/libmany.so [0]: normal symbol `probe_0884'
   1934503:	binding file /tmp/tmp.6DDiLFbZd0/experiment-work/lazy [0] to /tmp/tmp.6DDiLFbZd0/experiment-work/libmany.so [0]: normal symbol `probe_0885'
   1934503:	binding file /tmp/tmp.6DDiLFbZd0/experiment-work/lazy [0] to /tmp/tmp.6DDiLFbZd0/experiment-work/libmany.so [0]: normal symbol `probe_0886'
   1934503:	binding file /tmp/tmp.6DDiLFbZd0/experiment-work/lazy [0] to /tmp/tmp.6DDiLFbZd0/experiment-work/libmany.so [0]: normal symbol `probe_0887'
   1934503:	binding file /tmp/tmp.6DDiLFbZd0/experiment-work/lazy [0] to /tmp/tmp.6DDiLFbZd0/experiment-work/libmany.so [0]: normal symbol `probe_0888'
   1934503:	binding file /tmp/tmp.6DDiLFbZd0/experiment-work/lazy [0] to /tmp/tmp.6DDiLFbZd0/experiment-work/libmany.so [0]: normal symbol `probe_0889'
   1934503:	binding file /tmp/tmp.6DDiLFbZd0/experiment-work/lazy [0] to /tmp/tmp.6DDiLFbZd0/experiment-work/libmany.so [0]: normal symbol `probe_0890'
   1934503:	binding file /tmp/tmp.6DDiLFbZd0/experiment-work/lazy [0] to /tmp/tmp.6DDiLFbZd0/experiment-work/libmany.so [0]: normal symbol `probe_0891'
   1934503:	binding file /tmp/tmp.6DDiLFbZd0/experiment-work/lazy [0] to /tmp/tmp.6DDiLFbZd0/experiment-work/libmany.so [0]: normal symbol `probe_0892'
   1934503:	binding file /tmp/tmp.6DDiLFbZd0/experiment-work/lazy [0] to /tmp/tmp.6DDiLFbZd0/experiment-work/libmany.so [0]: normal symbol `probe_0893'
   1934503:	binding file /tmp/tmp.6DDiLFbZd0/experiment-work/lazy [0] to /tmp/tmp.6DDiLFbZd0/experiment-work/libmany.so [0]: normal symbol `probe_0894'
   1934503:	binding file /tmp/tmp.6DDiLFbZd0/experiment-work/lazy [0] to /tmp/tmp.6DDiLFbZd0/experiment-work/libmany.so [0]: normal symbol `probe_0895'
   1934503:	binding file /tmp/tmp.6DDiLFbZd0/experiment-work/lazy [0] to /tmp/tmp.6DDiLFbZd0/experiment-work/libmany.so [0]: normal symbol `probe_0896'
   1934503:	binding file /tmp/tmp.6DDiLFbZd0/experiment-work/lazy [0] to /tmp/tmp.6DDiLFbZd0/experiment-work/libmany.so [0]: normal symbol `probe_0897'
   1934503:	binding file /tmp/tmp.6DDiLFbZd0/experiment-work/lazy [0] to /tmp/tmp.6DDiLFbZd0/experiment-work/libmany.so [0]: normal symbol `probe_0898'
   1934503:	binding file /tmp/tmp.6DDiLFbZd0/experiment-work/lazy [0] to /tmp/tmp.6DDiLFbZd0/experiment-work/libmany.so [0]: normal symbol `probe_0899'
   1934503:	binding file /tmp/tmp.6DDiLFbZd0/experiment-work/lazy [0] to /tmp/tmp.6DDiLFbZd0/experiment-work/libmany.so [0]: normal symbol `probe_0900'
   1934503:	binding file /tmp/tmp.6DDiLFbZd0/experiment-work/lazy [0] to /tmp/tmp.6DDiLFbZd0/experiment-work/libmany.so [0]: normal symbol `probe_0901'
   1934503:	binding file /tmp/tmp.6DDiLFbZd0/experiment-work/lazy [0] to /tmp/tmp.6DDiLFbZd0/experiment-work/libmany.so [0]: normal symbol `probe_0902'
   1934503:	binding file /tmp/tmp.6DDiLFbZd0/experiment-work/lazy [0] to /tmp/tmp.6DDiLFbZd0/experiment-work/libmany.so [0]: normal symbol `probe_0903'
   1934503:	binding file /tmp/tmp.6DDiLFbZd0/experiment-work/lazy [0] to /tmp/tmp.6DDiLFbZd0/experiment-work/libmany.so [0]: normal symbol `probe_0904'
   1934503:	binding file /tmp/tmp.6DDiLFbZd0/experiment-work/lazy [0] to /tmp/tmp.6DDiLFbZd0/experiment-work/libmany.so [0]: normal symbol `probe_0905'
   1934503:	binding file /tmp/tmp.6DDiLFbZd0/experiment-work/lazy [0] to /tmp/tmp.6DDiLFbZd0/experiment-work/libmany.so [0]: normal symbol `probe_0906'
   1934503:	binding file /tmp/tmp.6DDiLFbZd0/experiment-work/lazy [0] to /tmp/tmp.6DDiLFbZd0/experiment-work/libmany.so [0]: normal symbol `probe_0907'
   1934503:	binding file /tmp/tmp.6DDiLFbZd0/experiment-work/lazy [0] to /tmp/tmp.6DDiLFbZd0/experiment-work/libmany.so [0]: normal symbol `probe_0908'
   1934503:	binding file /tmp/tmp.6DDiLFbZd0/experiment-work/lazy [0] to /tmp/tmp.6DDiLFbZd0/experiment-work/libmany.so [0]: normal symbol `probe_0909'
   1934503:	binding file /tmp/tmp.6DDiLFbZd0/experiment-work/lazy [0] to /tmp/tmp.6DDiLFbZd0/experiment-work/libmany.so [0]: normal symbol `probe_0910'
   1934503:	binding file /tmp/tmp.6DDiLFbZd0/experiment-work/lazy [0] to /tmp/tmp.6DDiLFbZd0/experiment-work/libmany.so [0]: normal symbol `probe_0911'
   1934503:	binding file /tmp/tmp.6DDiLFbZd0/experiment-work/lazy [0] to /tmp/tmp.6DDiLFbZd0/experiment-work/libmany.so [0]: normal symbol `probe_0912'
   1934503:	binding file /tmp/tmp.6DDiLFbZd0/experiment-work/lazy [0] to /tmp/tmp.6DDiLFbZd0/experiment-work/libmany.so [0]: normal symbol `probe_0913'
   1934503:	binding file /tmp/tmp.6DDiLFbZd0/experiment-work/lazy [0] to /tmp/tmp.6DDiLFbZd0/experiment-work/libmany.so [0]: normal symbol `probe_0914'
   1934503:	binding file /tmp/tmp.6DDiLFbZd0/experiment-work/lazy [0] to /tmp/tmp.6DDiLFbZd0/experiment-work/libmany.so [0]: normal symbol `probe_0915'
   1934503:	binding file /tmp/tmp.6DDiLFbZd0/experiment-work/lazy [0] to /tmp/tmp.6DDiLFbZd0/experiment-work/libmany.so [0]: normal symbol `probe_0916'
   1934503:	binding file /tmp/tmp.6DDiLFbZd0/experiment-work/lazy [0] to /tmp/tmp.6DDiLFbZd0/experiment-work/libmany.so [0]: normal symbol `probe_0917'
   1934503:	binding file /tmp/tmp.6DDiLFbZd0/experiment-work/lazy [0] to /tmp/tmp.6DDiLFbZd0/experiment-work/libmany.so [0]: normal symbol `probe_0918'
   1934503:	binding file /tmp/tmp.6DDiLFbZd0/experiment-work/lazy [0] to /tmp/tmp.6DDiLFbZd0/experiment-work/libmany.so [0]: normal symbol `probe_0919'
   1934503:	binding file /tmp/tmp.6DDiLFbZd0/experiment-work/lazy [0] to /tmp/tmp.6DDiLFbZd0/experiment-work/libmany.so [0]: normal symbol `probe_0920'
   1934503:	binding file /tmp/tmp.6DDiLFbZd0/experiment-work/lazy [0] to /tmp/tmp.6DDiLFbZd0/experiment-work/libmany.so [0]: normal symbol `probe_0921'
   1934503:	binding file /tmp/tmp.6DDiLFbZd0/experiment-work/lazy [0] to /tmp/tmp.6DDiLFbZd0/experiment-work/libmany.so [0]: normal symbol `probe_0922'
   1934503:	binding file /tmp/tmp.6DDiLFbZd0/experiment-work/lazy [0] to /tmp/tmp.6DDiLFbZd0/experiment-work/libmany.so [0]: normal symbol `probe_0923'
   1934503:	binding file /tmp/tmp.6DDiLFbZd0/experiment-work/lazy [0] to /tmp/tmp.6DDiLFbZd0/experiment-work/libmany.so [0]: normal symbol `probe_0924'
   1934503:	binding file /tmp/tmp.6DDiLFbZd0/experiment-work/lazy [0] to /tmp/tmp.6DDiLFbZd0/experiment-work/libmany.so [0]: normal symbol `probe_0925'
   1934503:	binding file /tmp/tmp.6DDiLFbZd0/experiment-work/lazy [0] to /tmp/tmp.6DDiLFbZd0/experiment-work/libmany.so [0]: normal symbol `probe_0926'
   1934503:	binding file /tmp/tmp.6DDiLFbZd0/experiment-work/lazy [0] to /tmp/tmp.6DDiLFbZd0/experiment-work/libmany.so [0]: normal symbol `probe_0927'
   1934503:	binding file /tmp/tmp.6DDiLFbZd0/experiment-work/lazy [0] to /tmp/tmp.6DDiLFbZd0/experiment-work/libmany.so [0]: normal symbol `probe_0928'
   1934503:	binding file /tmp/tmp.6DDiLFbZd0/experiment-work/lazy [0] to /tmp/tmp.6DDiLFbZd0/experiment-work/libmany.so [0]: normal symbol `probe_0929'
   1934503:	binding file /tmp/tmp.6DDiLFbZd0/experiment-work/lazy [0] to /tmp/tmp.6DDiLFbZd0/experiment-work/libmany.so [0]: normal symbol `probe_0930'
   1934503:	binding file /tmp/tmp.6DDiLFbZd0/experiment-work/lazy [0] to /tmp/tmp.6DDiLFbZd0/experiment-work/libmany.so [0]: normal symbol `probe_0931'
   1934503:	binding file /tmp/tmp.6DDiLFbZd0/experiment-work/lazy [0] to /tmp/tmp.6DDiLFbZd0/experiment-work/libmany.so [0]: normal symbol `probe_0932'
   1934503:	binding file /tmp/tmp.6DDiLFbZd0/experiment-work/lazy [0] to /tmp/tmp.6DDiLFbZd0/experiment-work/libmany.so [0]: normal symbol `probe_0933'
   1934503:	binding file /tmp/tmp.6DDiLFbZd0/experiment-work/lazy [0] to /tmp/tmp.6DDiLFbZd0/experiment-work/libmany.so [0]: normal symbol `probe_0934'
   1934503:	binding file /tmp/tmp.6DDiLFbZd0/experiment-work/lazy [0] to /tmp/tmp.6DDiLFbZd0/experiment-work/libmany.so [0]: normal symbol `probe_0935'
   1934503:	binding file /tmp/tmp.6DDiLFbZd0/experiment-work/lazy [0] to /tmp/tmp.6DDiLFbZd0/experiment-work/libmany.so [0]: normal symbol `probe_0936'
   1934503:	binding file /tmp/tmp.6DDiLFbZd0/experiment-work/lazy [0] to /tmp/tmp.6DDiLFbZd0/experiment-work/libmany.so [0]: normal symbol `probe_0937'
   1934503:	binding file /tmp/tmp.6DDiLFbZd0/experiment-work/lazy [0] to /tmp/tmp.6DDiLFbZd0/experiment-work/libmany.so [0]: normal symbol `probe_0938'
   1934503:	binding file /tmp/tmp.6DDiLFbZd0/experiment-work/lazy [0] to /tmp/tmp.6DDiLFbZd0/experiment-work/libmany.so [0]: normal symbol `probe_0939'
   1934503:	binding file /tmp/tmp.6DDiLFbZd0/experiment-work/lazy [0] to /tmp/tmp.6DDiLFbZd0/experiment-work/libmany.so [0]: normal symbol `probe_0940'
   1934503:	binding file /tmp/tmp.6DDiLFbZd0/experiment-work/lazy [0] to /tmp/tmp.6DDiLFbZd0/experiment-work/libmany.so [0]: normal symbol `probe_0941'
   1934503:	binding file /tmp/tmp.6DDiLFbZd0/experiment-work/lazy [0] to /tmp/tmp.6DDiLFbZd0/experiment-work/libmany.so [0]: normal symbol `probe_0942'
   1934503:	binding file /tmp/tmp.6DDiLFbZd0/experiment-work/lazy [0] to /tmp/tmp.6DDiLFbZd0/experiment-work/libmany.so [0]: normal symbol `probe_0943'
   1934503:	binding file /tmp/tmp.6DDiLFbZd0/experiment-work/lazy [0] to /tmp/tmp.6DDiLFbZd0/experiment-work/libmany.so [0]: normal symbol `probe_0944'
   1934503:	binding file /tmp/tmp.6DDiLFbZd0/experiment-work/lazy [0] to /tmp/tmp.6DDiLFbZd0/experiment-work/libmany.so [0]: normal symbol `probe_0945'
   1934503:	binding file /tmp/tmp.6DDiLFbZd0/experiment-work/lazy [0] to /tmp/tmp.6DDiLFbZd0/experiment-work/libmany.so [0]: normal symbol `probe_0946'
   1934503:	binding file /tmp/tmp.6DDiLFbZd0/experiment-work/lazy [0] to /tmp/tmp.6DDiLFbZd0/experiment-work/libmany.so [0]: normal symbol `probe_0947'
   1934503:	binding file /tmp/tmp.6DDiLFbZd0/experiment-work/lazy [0] to /tmp/tmp.6DDiLFbZd0/experiment-work/libmany.so [0]: normal symbol `probe_0948'
   1934503:	binding file /tmp/tmp.6DDiLFbZd0/experiment-work/lazy [0] to /tmp/tmp.6DDiLFbZd0/experiment-work/libmany.so [0]: normal symbol `probe_0949'
   1934503:	binding file /tmp/tmp.6DDiLFbZd0/experiment-work/lazy [0] to /tmp/tmp.6DDiLFbZd0/experiment-work/libmany.so [0]: normal symbol `probe_0950'
   1934503:	binding file /tmp/tmp.6DDiLFbZd0/experiment-work/lazy [0] to /tmp/tmp.6DDiLFbZd0/experiment-work/libmany.so [0]: normal symbol `probe_0951'
   1934503:	binding file /tmp/tmp.6DDiLFbZd0/experiment-work/lazy [0] to /tmp/tmp.6DDiLFbZd0/experiment-work/libmany.so [0]: normal symbol `probe_0952'
   1934503:	binding file /tmp/tmp.6DDiLFbZd0/experiment-work/lazy [0] to /tmp/tmp.6DDiLFbZd0/experiment-work/libmany.so [0]: normal symbol `probe_0953'
   1934503:	binding file /tmp/tmp.6DDiLFbZd0/experiment-work/lazy [0] to /tmp/tmp.6DDiLFbZd0/experiment-work/libmany.so [0]: normal symbol `probe_0954'
   1934503:	binding file /tmp/tmp.6DDiLFbZd0/experiment-work/lazy [0] to /tmp/tmp.6DDiLFbZd0/experiment-work/libmany.so [0]: normal symbol `probe_0955'
   1934503:	binding file /tmp/tmp.6DDiLFbZd0/experiment-work/lazy [0] to /tmp/tmp.6DDiLFbZd0/experiment-work/libmany.so [0]: normal symbol `probe_0956'
   1934503:	binding file /tmp/tmp.6DDiLFbZd0/experiment-work/lazy [0] to /tmp/tmp.6DDiLFbZd0/experiment-work/libmany.so [0]: normal symbol `probe_0957'
   1934503:	binding file /tmp/tmp.6DDiLFbZd0/experiment-work/lazy [0] to /tmp/tmp.6DDiLFbZd0/experiment-work/libmany.so [0]: normal symbol `probe_0958'
   1934503:	binding file /tmp/tmp.6DDiLFbZd0/experiment-work/lazy [0] to /tmp/tmp.6DDiLFbZd0/experiment-work/libmany.so [0]: normal symbol `probe_0959'
   1934503:	binding file /tmp/tmp.6DDiLFbZd0/experiment-work/lazy [0] to /tmp/tmp.6DDiLFbZd0/experiment-work/libmany.so [0]: normal symbol `probe_0960'
   1934503:	binding file /tmp/tmp.6DDiLFbZd0/experiment-work/lazy [0] to /tmp/tmp.6DDiLFbZd0/experiment-work/libmany.so [0]: normal symbol `probe_0961'
   1934503:	binding file /tmp/tmp.6DDiLFbZd0/experiment-work/lazy [0] to /tmp/tmp.6DDiLFbZd0/experiment-work/libmany.so [0]: normal symbol `probe_0962'
   1934503:	binding file /tmp/tmp.6DDiLFbZd0/experiment-work/lazy [0] to /tmp/tmp.6DDiLFbZd0/experiment-work/libmany.so [0]: normal symbol `probe_0963'
   1934503:	binding file /tmp/tmp.6DDiLFbZd0/experiment-work/lazy [0] to /tmp/tmp.6DDiLFbZd0/experiment-work/libmany.so [0]: normal symbol `probe_0964'
   1934503:	binding file /tmp/tmp.6DDiLFbZd0/experiment-work/lazy [0] to /tmp/tmp.6DDiLFbZd0/experiment-work/libmany.so [0]: normal symbol `probe_0965'
   1934503:	binding file /tmp/tmp.6DDiLFbZd0/experiment-work/lazy [0] to /tmp/tmp.6DDiLFbZd0/experiment-work/libmany.so [0]: normal symbol `probe_0966'
   1934503:	binding file /tmp/tmp.6DDiLFbZd0/experiment-work/lazy [0] to /tmp/tmp.6DDiLFbZd0/experiment-work/libmany.so [0]: normal symbol `probe_0967'
   1934503:	binding file /tmp/tmp.6DDiLFbZd0/experiment-work/lazy [0] to /tmp/tmp.6DDiLFbZd0/experiment-work/libmany.so [0]: normal symbol `probe_0968'
   1934503:	binding file /tmp/tmp.6DDiLFbZd0/experiment-work/lazy [0] to /tmp/tmp.6DDiLFbZd0/experiment-work/libmany.so [0]: normal symbol `probe_0969'
   1934503:	binding file /tmp/tmp.6DDiLFbZd0/experiment-work/lazy [0] to /tmp/tmp.6DDiLFbZd0/experiment-work/libmany.so [0]: normal symbol `probe_0970'
   1934503:	binding file /tmp/tmp.6DDiLFbZd0/experiment-work/lazy [0] to /tmp/tmp.6DDiLFbZd0/experiment-work/libmany.so [0]: normal symbol `probe_0971'
   1934503:	binding file /tmp/tmp.6DDiLFbZd0/experiment-work/lazy [0] to /tmp/tmp.6DDiLFbZd0/experiment-work/libmany.so [0]: normal symbol `probe_0972'
   1934503:	binding file /tmp/tmp.6DDiLFbZd0/experiment-work/lazy [0] to /tmp/tmp.6DDiLFbZd0/experiment-work/libmany.so [0]: normal symbol `probe_0973'
   1934503:	binding file /tmp/tmp.6DDiLFbZd0/experiment-work/lazy [0] to /tmp/tmp.6DDiLFbZd0/experiment-work/libmany.so [0]: normal symbol `probe_0974'
   1934503:	binding file /tmp/tmp.6DDiLFbZd0/experiment-work/lazy [0] to /tmp/tmp.6DDiLFbZd0/experiment-work/libmany.so [0]: normal symbol `probe_0975'
   1934503:	binding file /tmp/tmp.6DDiLFbZd0/experiment-work/lazy [0] to /tmp/tmp.6DDiLFbZd0/experiment-work/libmany.so [0]: normal symbol `probe_0976'
   1934503:	binding file /tmp/tmp.6DDiLFbZd0/experiment-work/lazy [0] to /tmp/tmp.6DDiLFbZd0/experiment-work/libmany.so [0]: normal symbol `probe_0977'
   1934503:	binding file /tmp/tmp.6DDiLFbZd0/experiment-work/lazy [0] to /tmp/tmp.6DDiLFbZd0/experiment-work/libmany.so [0]: normal symbol `probe_0978'
   1934503:	binding file /tmp/tmp.6DDiLFbZd0/experiment-work/lazy [0] to /tmp/tmp.6DDiLFbZd0/experiment-work/libmany.so [0]: normal symbol `probe_0979'
   1934503:	binding file /tmp/tmp.6DDiLFbZd0/experiment-work/lazy [0] to /tmp/tmp.6DDiLFbZd0/experiment-work/libmany.so [0]: normal symbol `probe_0980'
   1934503:	binding file /tmp/tmp.6DDiLFbZd0/experiment-work/lazy [0] to /tmp/tmp.6DDiLFbZd0/experiment-work/libmany.so [0]: normal symbol `probe_0981'
   1934503:	binding file /tmp/tmp.6DDiLFbZd0/experiment-work/lazy [0] to /tmp/tmp.6DDiLFbZd0/experiment-work/libmany.so [0]: normal symbol `probe_0982'
   1934503:	binding file /tmp/tmp.6DDiLFbZd0/experiment-work/lazy [0] to /tmp/tmp.6DDiLFbZd0/experiment-work/libmany.so [0]: normal symbol `probe_0983'
   1934503:	binding file /tmp/tmp.6DDiLFbZd0/experiment-work/lazy [0] to /tmp/tmp.6DDiLFbZd0/experiment-work/libmany.so [0]: normal symbol `probe_0984'
   1934503:	binding file /tmp/tmp.6DDiLFbZd0/experiment-work/lazy [0] to /tmp/tmp.6DDiLFbZd0/experiment-work/libmany.so [0]: normal symbol `probe_0985'
   1934503:	binding file /tmp/tmp.6DDiLFbZd0/experiment-work/lazy [0] to /tmp/tmp.6DDiLFbZd0/experiment-work/libmany.so [0]: normal symbol `probe_0986'
   1934503:	binding file /tmp/tmp.6DDiLFbZd0/experiment-work/lazy [0] to /tmp/tmp.6DDiLFbZd0/experiment-work/libmany.so [0]: normal symbol `probe_0987'
   1934503:	binding file /tmp/tmp.6DDiLFbZd0/experiment-work/lazy [0] to /tmp/tmp.6DDiLFbZd0/experiment-work/libmany.so [0]: normal symbol `probe_0988'
   1934503:	binding file /tmp/tmp.6DDiLFbZd0/experiment-work/lazy [0] to /tmp/tmp.6DDiLFbZd0/experiment-work/libmany.so [0]: normal symbol `probe_0989'
   1934503:	binding file /tmp/tmp.6DDiLFbZd0/experiment-work/lazy [0] to /tmp/tmp.6DDiLFbZd0/experiment-work/libmany.so [0]: normal symbol `probe_0990'
   1934503:	binding file /tmp/tmp.6DDiLFbZd0/experiment-work/lazy [0] to /tmp/tmp.6DDiLFbZd0/experiment-work/libmany.so [0]: normal symbol `probe_0991'
   1934503:	binding file /tmp/tmp.6DDiLFbZd0/experiment-work/lazy [0] to /tmp/tmp.6DDiLFbZd0/experiment-work/libmany.so [0]: normal symbol `probe_0992'
   1934503:	binding file /tmp/tmp.6DDiLFbZd0/experiment-work/lazy [0] to /tmp/tmp.6DDiLFbZd0/experiment-work/libmany.so [0]: normal symbol `probe_0993'
   1934503:	binding file /tmp/tmp.6DDiLFbZd0/experiment-work/lazy [0] to /tmp/tmp.6DDiLFbZd0/experiment-work/libmany.so [0]: normal symbol `probe_0994'
   1934503:	binding file /tmp/tmp.6DDiLFbZd0/experiment-work/lazy [0] to /tmp/tmp.6DDiLFbZd0/experiment-work/libmany.so [0]: normal symbol `probe_0995'
   1934503:	binding file /tmp/tmp.6DDiLFbZd0/experiment-work/lazy [0] to /tmp/tmp.6DDiLFbZd0/experiment-work/libmany.so [0]: normal symbol `probe_0996'
   1934503:	binding file /tmp/tmp.6DDiLFbZd0/experiment-work/lazy [0] to /tmp/tmp.6DDiLFbZd0/experiment-work/libmany.so [0]: normal symbol `probe_0997'
   1934503:	binding file /tmp/tmp.6DDiLFbZd0/experiment-work/lazy [0] to /tmp/tmp.6DDiLFbZd0/experiment-work/libmany.so [0]: normal symbol `probe_0998'
   1934503:	binding file /tmp/tmp.6DDiLFbZd0/experiment-work/lazy [0] to /tmp/tmp.6DDiLFbZd0/experiment-work/libmany.so [0]: normal symbol `probe_0999'
   1934503:	binding file /tmp/tmp.6DDiLFbZd0/experiment-work/lazy [0] to /tmp/tmp.6DDiLFbZd0/experiment-work/libmany.so [0]: normal symbol `probe_1000'
   1934503:	binding file /tmp/tmp.6DDiLFbZd0/experiment-work/lazy [0] to /tmp/tmp.6DDiLFbZd0/experiment-work/libmany.so [0]: normal symbol `probe_1001'
   1934503:	binding file /tmp/tmp.6DDiLFbZd0/experiment-work/lazy [0] to /tmp/tmp.6DDiLFbZd0/experiment-work/libmany.so [0]: normal symbol `probe_1002'
   1934503:	binding file /tmp/tmp.6DDiLFbZd0/experiment-work/lazy [0] to /tmp/tmp.6DDiLFbZd0/experiment-work/libmany.so [0]: normal symbol `probe_1003'
   1934503:	binding file /tmp/tmp.6DDiLFbZd0/experiment-work/lazy [0] to /tmp/tmp.6DDiLFbZd0/experiment-work/libmany.so [0]: normal symbol `probe_1004'
   1934503:	binding file /tmp/tmp.6DDiLFbZd0/experiment-work/lazy [0] to /tmp/tmp.6DDiLFbZd0/experiment-work/libmany.so [0]: normal symbol `probe_1005'
   1934503:	binding file /tmp/tmp.6DDiLFbZd0/experiment-work/lazy [0] to /tmp/tmp.6DDiLFbZd0/experiment-work/libmany.so [0]: normal symbol `probe_1006'
   1934503:	binding file /tmp/tmp.6DDiLFbZd0/experiment-work/lazy [0] to /tmp/tmp.6DDiLFbZd0/experiment-work/libmany.so [0]: normal symbol `probe_1007'
   1934503:	binding file /tmp/tmp.6DDiLFbZd0/experiment-work/lazy [0] to /tmp/tmp.6DDiLFbZd0/experiment-work/libmany.so [0]: normal symbol `probe_1008'
   1934503:	binding file /tmp/tmp.6DDiLFbZd0/experiment-work/lazy [0] to /tmp/tmp.6DDiLFbZd0/experiment-work/libmany.so [0]: normal symbol `probe_1009'
   1934503:	binding file /tmp/tmp.6DDiLFbZd0/experiment-work/lazy [0] to /tmp/tmp.6DDiLFbZd0/experiment-work/libmany.so [0]: normal symbol `probe_1010'
   1934503:	binding file /tmp/tmp.6DDiLFbZd0/experiment-work/lazy [0] to /tmp/tmp.6DDiLFbZd0/experiment-work/libmany.so [0]: normal symbol `probe_1011'
   1934503:	binding file /tmp/tmp.6DDiLFbZd0/experiment-work/lazy [0] to /tmp/tmp.6DDiLFbZd0/experiment-work/libmany.so [0]: normal symbol `probe_1012'
   1934503:	binding file /tmp/tmp.6DDiLFbZd0/experiment-work/lazy [0] to /tmp/tmp.6DDiLFbZd0/experiment-work/libmany.so [0]: normal symbol `probe_1013'
   1934503:	binding file /tmp/tmp.6DDiLFbZd0/experiment-work/lazy [0] to /tmp/tmp.6DDiLFbZd0/experiment-work/libmany.so [0]: normal symbol `probe_1014'
   1934503:	binding file /tmp/tmp.6DDiLFbZd0/experiment-work/lazy [0] to /tmp/tmp.6DDiLFbZd0/experiment-work/libmany.so [0]: normal symbol `probe_1015'
   1934503:	binding file /tmp/tmp.6DDiLFbZd0/experiment-work/lazy [0] to /tmp/tmp.6DDiLFbZd0/experiment-work/libmany.so [0]: normal symbol `probe_1016'
   1934503:	binding file /tmp/tmp.6DDiLFbZd0/experiment-work/lazy [0] to /tmp/tmp.6DDiLFbZd0/experiment-work/libmany.so [0]: normal symbol `probe_1017'
   1934503:	binding file /tmp/tmp.6DDiLFbZd0/experiment-work/lazy [0] to /tmp/tmp.6DDiLFbZd0/experiment-work/libmany.so [0]: normal symbol `probe_1018'
   1934503:	binding file /tmp/tmp.6DDiLFbZd0/experiment-work/lazy [0] to /tmp/tmp.6DDiLFbZd0/experiment-work/libmany.so [0]: normal symbol `probe_1019'
   1934503:	binding file /tmp/tmp.6DDiLFbZd0/experiment-work/lazy [0] to /tmp/tmp.6DDiLFbZd0/experiment-work/libmany.so [0]: normal symbol `probe_1020'
   1934503:	binding file /tmp/tmp.6DDiLFbZd0/experiment-work/lazy [0] to /tmp/tmp.6DDiLFbZd0/experiment-work/libmany.so [0]: normal symbol `probe_1021'
   1934503:	binding file /tmp/tmp.6DDiLFbZd0/experiment-work/lazy [0] to /tmp/tmp.6DDiLFbZd0/experiment-work/libmany.so [0]: normal symbol `probe_1022'
   1934503:	binding file /tmp/tmp.6DDiLFbZd0/experiment-work/lazy [0] to /tmp/tmp.6DDiLFbZd0/experiment-work/libmany.so [0]: normal symbol `probe_1023'
   1934503:	binding file /tmp/tmp.6DDiLFbZd0/experiment-work/lazy [0] to /tmp/tmp.6DDiLFbZd0/experiment-work/libmany.so [0]: normal symbol `probe_1024'
   1934503:	binding file /tmp/tmp.6DDiLFbZd0/experiment-work/lazy [0] to /tmp/tmp.6DDiLFbZd0/experiment-work/libmany.so [0]: normal symbol `probe_1025'
   1934503:	binding file /tmp/tmp.6DDiLFbZd0/experiment-work/lazy [0] to /tmp/tmp.6DDiLFbZd0/experiment-work/libmany.so [0]: normal symbol `probe_1026'
   1934503:	binding file /tmp/tmp.6DDiLFbZd0/experiment-work/lazy [0] to /tmp/tmp.6DDiLFbZd0/experiment-work/libmany.so [0]: normal symbol `probe_1027'
   1934503:	binding file /tmp/tmp.6DDiLFbZd0/experiment-work/lazy [0] to /tmp/tmp.6DDiLFbZd0/experiment-work/libmany.so [0]: normal symbol `probe_1028'
   1934503:	binding file /tmp/tmp.6DDiLFbZd0/experiment-work/lazy [0] to /tmp/tmp.6DDiLFbZd0/experiment-work/libmany.so [0]: normal symbol `probe_1029'
   1934503:	binding file /tmp/tmp.6DDiLFbZd0/experiment-work/lazy [0] to /tmp/tmp.6DDiLFbZd0/experiment-work/libmany.so [0]: normal symbol `probe_1030'
   1934503:	binding file /tmp/tmp.6DDiLFbZd0/experiment-work/lazy [0] to /tmp/tmp.6DDiLFbZd0/experiment-work/libmany.so [0]: normal symbol `probe_1031'
   1934503:	binding file /tmp/tmp.6DDiLFbZd0/experiment-work/lazy [0] to /tmp/tmp.6DDiLFbZd0/experiment-work/libmany.so [0]: normal symbol `probe_1032'
   1934503:	binding file /tmp/tmp.6DDiLFbZd0/experiment-work/lazy [0] to /tmp/tmp.6DDiLFbZd0/experiment-work/libmany.so [0]: normal symbol `probe_1033'
   1934503:	binding file /tmp/tmp.6DDiLFbZd0/experiment-work/lazy [0] to /tmp/tmp.6DDiLFbZd0/experiment-work/libmany.so [0]: normal symbol `probe_1034'
   1934503:	binding file /tmp/tmp.6DDiLFbZd0/experiment-work/lazy [0] to /tmp/tmp.6DDiLFbZd0/experiment-work/libmany.so [0]: normal symbol `probe_1035'
   1934503:	binding file /tmp/tmp.6DDiLFbZd0/experiment-work/lazy [0] to /tmp/tmp.6DDiLFbZd0/experiment-work/libmany.so [0]: normal symbol `probe_1036'
   1934503:	binding file /tmp/tmp.6DDiLFbZd0/experiment-work/lazy [0] to /tmp/tmp.6DDiLFbZd0/experiment-work/libmany.so [0]: normal symbol `probe_1037'
   1934503:	binding file /tmp/tmp.6DDiLFbZd0/experiment-work/lazy [0] to /tmp/tmp.6DDiLFbZd0/experiment-work/libmany.so [0]: normal symbol `probe_1038'
   1934503:	binding file /tmp/tmp.6DDiLFbZd0/experiment-work/lazy [0] to /tmp/tmp.6DDiLFbZd0/experiment-work/libmany.so [0]: normal symbol `probe_1039'
   1934503:	binding file /tmp/tmp.6DDiLFbZd0/experiment-work/lazy [0] to /tmp/tmp.6DDiLFbZd0/experiment-work/libmany.so [0]: normal symbol `probe_1040'
   1934503:	binding file /tmp/tmp.6DDiLFbZd0/experiment-work/lazy [0] to /tmp/tmp.6DDiLFbZd0/experiment-work/libmany.so [0]: normal symbol `probe_1041'
   1934503:	binding file /tmp/tmp.6DDiLFbZd0/experiment-work/lazy [0] to /tmp/tmp.6DDiLFbZd0/experiment-work/libmany.so [0]: normal symbol `probe_1042'
   1934503:	binding file /tmp/tmp.6DDiLFbZd0/experiment-work/lazy [0] to /tmp/tmp.6DDiLFbZd0/experiment-work/libmany.so [0]: normal symbol `probe_1043'
   1934503:	binding file /tmp/tmp.6DDiLFbZd0/experiment-work/lazy [0] to /tmp/tmp.6DDiLFbZd0/experiment-work/libmany.so [0]: normal symbol `probe_1044'
   1934503:	binding file /tmp/tmp.6DDiLFbZd0/experiment-work/lazy [0] to /tmp/tmp.6DDiLFbZd0/experiment-work/libmany.so [0]: normal symbol `probe_1045'
   1934503:	binding file /tmp/tmp.6DDiLFbZd0/experiment-work/lazy [0] to /tmp/tmp.6DDiLFbZd0/experiment-work/libmany.so [0]: normal symbol `probe_1046'
   1934503:	binding file /tmp/tmp.6DDiLFbZd0/experiment-work/lazy [0] to /tmp/tmp.6DDiLFbZd0/experiment-work/libmany.so [0]: normal symbol `probe_1047'
   1934503:	binding file /tmp/tmp.6DDiLFbZd0/experiment-work/lazy [0] to /tmp/tmp.6DDiLFbZd0/experiment-work/libmany.so [0]: normal symbol `probe_1048'
   1934503:	binding file /tmp/tmp.6DDiLFbZd0/experiment-work/lazy [0] to /tmp/tmp.6DDiLFbZd0/experiment-work/libmany.so [0]: normal symbol `probe_1049'
   1934503:	binding file /tmp/tmp.6DDiLFbZd0/experiment-work/lazy [0] to /tmp/tmp.6DDiLFbZd0/experiment-work/libmany.so [0]: normal symbol `probe_1050'
   1934503:	binding file /tmp/tmp.6DDiLFbZd0/experiment-work/lazy [0] to /tmp/tmp.6DDiLFbZd0/experiment-work/libmany.so [0]: normal symbol `probe_1051'
   1934503:	binding file /tmp/tmp.6DDiLFbZd0/experiment-work/lazy [0] to /tmp/tmp.6DDiLFbZd0/experiment-work/libmany.so [0]: normal symbol `probe_1052'
   1934503:	binding file /tmp/tmp.6DDiLFbZd0/experiment-work/lazy [0] to /tmp/tmp.6DDiLFbZd0/experiment-work/libmany.so [0]: normal symbol `probe_1053'
   1934503:	binding file /tmp/tmp.6DDiLFbZd0/experiment-work/lazy [0] to /tmp/tmp.6DDiLFbZd0/experiment-work/libmany.so [0]: normal symbol `probe_1054'
   1934503:	binding file /tmp/tmp.6DDiLFbZd0/experiment-work/lazy [0] to /tmp/tmp.6DDiLFbZd0/experiment-work/libmany.so [0]: normal symbol `probe_1055'
   1934503:	binding file /tmp/tmp.6DDiLFbZd0/experiment-work/lazy [0] to /tmp/tmp.6DDiLFbZd0/experiment-work/libmany.so [0]: normal symbol `probe_1056'
   1934503:	binding file /tmp/tmp.6DDiLFbZd0/experiment-work/lazy [0] to /tmp/tmp.6DDiLFbZd0/experiment-work/libmany.so [0]: normal symbol `probe_1057'
   1934503:	binding file /tmp/tmp.6DDiLFbZd0/experiment-work/lazy [0] to /tmp/tmp.6DDiLFbZd0/experiment-work/libmany.so [0]: normal symbol `probe_1058'
   1934503:	binding file /tmp/tmp.6DDiLFbZd0/experiment-work/lazy [0] to /tmp/tmp.6DDiLFbZd0/experiment-work/libmany.so [0]: normal symbol `probe_1059'
   1934503:	binding file /tmp/tmp.6DDiLFbZd0/experiment-work/lazy [0] to /tmp/tmp.6DDiLFbZd0/experiment-work/libmany.so [0]: normal symbol `probe_1060'
   1934503:	binding file /tmp/tmp.6DDiLFbZd0/experiment-work/lazy [0] to /tmp/tmp.6DDiLFbZd0/experiment-work/libmany.so [0]: normal symbol `probe_1061'
   1934503:	binding file /tmp/tmp.6DDiLFbZd0/experiment-work/lazy [0] to /tmp/tmp.6DDiLFbZd0/experiment-work/libmany.so [0]: normal symbol `probe_1062'
   1934503:	binding file /tmp/tmp.6DDiLFbZd0/experiment-work/lazy [0] to /tmp/tmp.6DDiLFbZd0/experiment-work/libmany.so [0]: normal symbol `probe_1063'
   1934503:	binding file /tmp/tmp.6DDiLFbZd0/experiment-work/lazy [0] to /tmp/tmp.6DDiLFbZd0/experiment-work/libmany.so [0]: normal symbol `probe_1064'
   1934503:	binding file /tmp/tmp.6DDiLFbZd0/experiment-work/lazy [0] to /tmp/tmp.6DDiLFbZd0/experiment-work/libmany.so [0]: normal symbol `probe_1065'
   1934503:	binding file /tmp/tmp.6DDiLFbZd0/experiment-work/lazy [0] to /tmp/tmp.6DDiLFbZd0/experiment-work/libmany.so [0]: normal symbol `probe_1066'
   1934503:	binding file /tmp/tmp.6DDiLFbZd0/experiment-work/lazy [0] to /tmp/tmp.6DDiLFbZd0/experiment-work/libmany.so [0]: normal symbol `probe_1067'
   1934503:	binding file /tmp/tmp.6DDiLFbZd0/experiment-work/lazy [0] to /tmp/tmp.6DDiLFbZd0/experiment-work/libmany.so [0]: normal symbol `probe_1068'
   1934503:	binding file /tmp/tmp.6DDiLFbZd0/experiment-work/lazy [0] to /tmp/tmp.6DDiLFbZd0/experiment-work/libmany.so [0]: normal symbol `probe_1069'
   1934503:	binding file /tmp/tmp.6DDiLFbZd0/experiment-work/lazy [0] to /tmp/tmp.6DDiLFbZd0/experiment-work/libmany.so [0]: normal symbol `probe_1070'
   1934503:	binding file /tmp/tmp.6DDiLFbZd0/experiment-work/lazy [0] to /tmp/tmp.6DDiLFbZd0/experiment-work/libmany.so [0]: normal symbol `probe_1071'
   1934503:	binding file /tmp/tmp.6DDiLFbZd0/experiment-work/lazy [0] to /tmp/tmp.6DDiLFbZd0/experiment-work/libmany.so [0]: normal symbol `probe_1072'
   1934503:	binding file /tmp/tmp.6DDiLFbZd0/experiment-work/lazy [0] to /tmp/tmp.6DDiLFbZd0/experiment-work/libmany.so [0]: normal symbol `probe_1073'
   1934503:	binding file /tmp/tmp.6DDiLFbZd0/experiment-work/lazy [0] to /tmp/tmp.6DDiLFbZd0/experiment-work/libmany.so [0]: normal symbol `probe_1074'
   1934503:	binding file /tmp/tmp.6DDiLFbZd0/experiment-work/lazy [0] to /tmp/tmp.6DDiLFbZd0/experiment-work/libmany.so [0]: normal symbol `probe_1075'
   1934503:	binding file /tmp/tmp.6DDiLFbZd0/experiment-work/lazy [0] to /tmp/tmp.6DDiLFbZd0/experiment-work/libmany.so [0]: normal symbol `probe_1076'
   1934503:	binding file /tmp/tmp.6DDiLFbZd0/experiment-work/lazy [0] to /tmp/tmp.6DDiLFbZd0/experiment-work/libmany.so [0]: normal symbol `probe_1077'
   1934503:	binding file /tmp/tmp.6DDiLFbZd0/experiment-work/lazy [0] to /tmp/tmp.6DDiLFbZd0/experiment-work/libmany.so [0]: normal symbol `probe_1078'
   1934503:	binding file /tmp/tmp.6DDiLFbZd0/experiment-work/lazy [0] to /tmp/tmp.6DDiLFbZd0/experiment-work/libmany.so [0]: normal symbol `probe_1079'
   1934503:	binding file /tmp/tmp.6DDiLFbZd0/experiment-work/lazy [0] to /tmp/tmp.6DDiLFbZd0/experiment-work/libmany.so [0]: normal symbol `probe_1080'
   1934503:	binding file /tmp/tmp.6DDiLFbZd0/experiment-work/lazy [0] to /tmp/tmp.6DDiLFbZd0/experiment-work/libmany.so [0]: normal symbol `probe_1081'
   1934503:	binding file /tmp/tmp.6DDiLFbZd0/experiment-work/lazy [0] to /tmp/tmp.6DDiLFbZd0/experiment-work/libmany.so [0]: normal symbol `probe_1082'
   1934503:	binding file /tmp/tmp.6DDiLFbZd0/experiment-work/lazy [0] to /tmp/tmp.6DDiLFbZd0/experiment-work/libmany.so [0]: normal symbol `probe_1083'
   1934503:	binding file /tmp/tmp.6DDiLFbZd0/experiment-work/lazy [0] to /tmp/tmp.6DDiLFbZd0/experiment-work/libmany.so [0]: normal symbol `probe_1084'
   1934503:	binding file /tmp/tmp.6DDiLFbZd0/experiment-work/lazy [0] to /tmp/tmp.6DDiLFbZd0/experiment-work/libmany.so [0]: normal symbol `probe_1085'
   1934503:	binding file /tmp/tmp.6DDiLFbZd0/experiment-work/lazy [0] to /tmp/tmp.6DDiLFbZd0/experiment-work/libmany.so [0]: normal symbol `probe_1086'
   1934503:	binding file /tmp/tmp.6DDiLFbZd0/experiment-work/lazy [0] to /tmp/tmp.6DDiLFbZd0/experiment-work/libmany.so [0]: normal symbol `probe_1087'
   1934503:	binding file /tmp/tmp.6DDiLFbZd0/experiment-work/lazy [0] to /tmp/tmp.6DDiLFbZd0/experiment-work/libmany.so [0]: normal symbol `probe_1088'
   1934503:	binding file /tmp/tmp.6DDiLFbZd0/experiment-work/lazy [0] to /tmp/tmp.6DDiLFbZd0/experiment-work/libmany.so [0]: normal symbol `probe_1089'
   1934503:	binding file /tmp/tmp.6DDiLFbZd0/experiment-work/lazy [0] to /tmp/tmp.6DDiLFbZd0/experiment-work/libmany.so [0]: normal symbol `probe_1090'
   1934503:	binding file /tmp/tmp.6DDiLFbZd0/experiment-work/lazy [0] to /tmp/tmp.6DDiLFbZd0/experiment-work/libmany.so [0]: normal symbol `probe_1091'
   1934503:	binding file /tmp/tmp.6DDiLFbZd0/experiment-work/lazy [0] to /tmp/tmp.6DDiLFbZd0/experiment-work/libmany.so [0]: normal symbol `probe_1092'
   1934503:	binding file /tmp/tmp.6DDiLFbZd0/experiment-work/lazy [0] to /tmp/tmp.6DDiLFbZd0/experiment-work/libmany.so [0]: normal symbol `probe_1093'
   1934503:	binding file /tmp/tmp.6DDiLFbZd0/experiment-work/lazy [0] to /tmp/tmp.6DDiLFbZd0/experiment-work/libmany.so [0]: normal symbol `probe_1094'
   1934503:	binding file /tmp/tmp.6DDiLFbZd0/experiment-work/lazy [0] to /tmp/tmp.6DDiLFbZd0/experiment-work/libmany.so [0]: normal symbol `probe_1095'
   1934503:	binding file /tmp/tmp.6DDiLFbZd0/experiment-work/lazy [0] to /tmp/tmp.6DDiLFbZd0/experiment-work/libmany.so [0]: normal symbol `probe_1096'
   1934503:	binding file /tmp/tmp.6DDiLFbZd0/experiment-work/lazy [0] to /tmp/tmp.6DDiLFbZd0/experiment-work/libmany.so [0]: normal symbol `probe_1097'
   1934503:	binding file /tmp/tmp.6DDiLFbZd0/experiment-work/lazy [0] to /tmp/tmp.6DDiLFbZd0/experiment-work/libmany.so [0]: normal symbol `probe_1098'
   1934503:	binding file /tmp/tmp.6DDiLFbZd0/experiment-work/lazy [0] to /tmp/tmp.6DDiLFbZd0/experiment-work/libmany.so [0]: normal symbol `probe_1099'
   1934503:	binding file /tmp/tmp.6DDiLFbZd0/experiment-work/lazy [0] to /tmp/tmp.6DDiLFbZd0/experiment-work/libmany.so [0]: normal symbol `probe_1100'
   1934503:	binding file /tmp/tmp.6DDiLFbZd0/experiment-work/lazy [0] to /tmp/tmp.6DDiLFbZd0/experiment-work/libmany.so [0]: normal symbol `probe_1101'
   1934503:	binding file /tmp/tmp.6DDiLFbZd0/experiment-work/lazy [0] to /tmp/tmp.6DDiLFbZd0/experiment-work/libmany.so [0]: normal symbol `probe_1102'
   1934503:	binding file /tmp/tmp.6DDiLFbZd0/experiment-work/lazy [0] to /tmp/tmp.6DDiLFbZd0/experiment-work/libmany.so [0]: normal symbol `probe_1103'
   1934503:	binding file /tmp/tmp.6DDiLFbZd0/experiment-work/lazy [0] to /tmp/tmp.6DDiLFbZd0/experiment-work/libmany.so [0]: normal symbol `probe_1104'
   1934503:	binding file /tmp/tmp.6DDiLFbZd0/experiment-work/lazy [0] to /tmp/tmp.6DDiLFbZd0/experiment-work/libmany.so [0]: normal symbol `probe_1105'
   1934503:	binding file /tmp/tmp.6DDiLFbZd0/experiment-work/lazy [0] to /tmp/tmp.6DDiLFbZd0/experiment-work/libmany.so [0]: normal symbol `probe_1106'
   1934503:	binding file /tmp/tmp.6DDiLFbZd0/experiment-work/lazy [0] to /tmp/tmp.6DDiLFbZd0/experiment-work/libmany.so [0]: normal symbol `probe_1107'
   1934503:	binding file /tmp/tmp.6DDiLFbZd0/experiment-work/lazy [0] to /tmp/tmp.6DDiLFbZd0/experiment-work/libmany.so [0]: normal symbol `probe_1108'
   1934503:	binding file /tmp/tmp.6DDiLFbZd0/experiment-work/lazy [0] to /tmp/tmp.6DDiLFbZd0/experiment-work/libmany.so [0]: normal symbol `probe_1109'
   1934503:	binding file /tmp/tmp.6DDiLFbZd0/experiment-work/lazy [0] to /tmp/tmp.6DDiLFbZd0/experiment-work/libmany.so [0]: normal symbol `probe_1110'
   1934503:	binding file /tmp/tmp.6DDiLFbZd0/experiment-work/lazy [0] to /tmp/tmp.6DDiLFbZd0/experiment-work/libmany.so [0]: normal symbol `probe_1111'
   1934503:	binding file /tmp/tmp.6DDiLFbZd0/experiment-work/lazy [0] to /tmp/tmp.6DDiLFbZd0/experiment-work/libmany.so [0]: normal symbol `probe_1112'
   1934503:	binding file /tmp/tmp.6DDiLFbZd0/experiment-work/lazy [0] to /tmp/tmp.6DDiLFbZd0/experiment-work/libmany.so [0]: normal symbol `probe_1113'
   1934503:	binding file /tmp/tmp.6DDiLFbZd0/experiment-work/lazy [0] to /tmp/tmp.6DDiLFbZd0/experiment-work/libmany.so [0]: normal symbol `probe_1114'
   1934503:	binding file /tmp/tmp.6DDiLFbZd0/experiment-work/lazy [0] to /tmp/tmp.6DDiLFbZd0/experiment-work/libmany.so [0]: normal symbol `probe_1115'
   1934503:	binding file /tmp/tmp.6DDiLFbZd0/experiment-work/lazy [0] to /tmp/tmp.6DDiLFbZd0/experiment-work/libmany.so [0]: normal symbol `probe_1116'
   1934503:	binding file /tmp/tmp.6DDiLFbZd0/experiment-work/lazy [0] to /tmp/tmp.6DDiLFbZd0/experiment-work/libmany.so [0]: normal symbol `probe_1117'
   1934503:	binding file /tmp/tmp.6DDiLFbZd0/experiment-work/lazy [0] to /tmp/tmp.6DDiLFbZd0/experiment-work/libmany.so [0]: normal symbol `probe_1118'
   1934503:	binding file /tmp/tmp.6DDiLFbZd0/experiment-work/lazy [0] to /tmp/tmp.6DDiLFbZd0/experiment-work/libmany.so [0]: normal symbol `probe_1119'
   1934503:	binding file /tmp/tmp.6DDiLFbZd0/experiment-work/lazy [0] to /tmp/tmp.6DDiLFbZd0/experiment-work/libmany.so [0]: normal symbol `probe_1120'
   1934503:	binding file /tmp/tmp.6DDiLFbZd0/experiment-work/lazy [0] to /tmp/tmp.6DDiLFbZd0/experiment-work/libmany.so [0]: normal symbol `probe_1121'
   1934503:	binding file /tmp/tmp.6DDiLFbZd0/experiment-work/lazy [0] to /tmp/tmp.6DDiLFbZd0/experiment-work/libmany.so [0]: normal symbol `probe_1122'
   1934503:	binding file /tmp/tmp.6DDiLFbZd0/experiment-work/lazy [0] to /tmp/tmp.6DDiLFbZd0/experiment-work/libmany.so [0]: normal symbol `probe_1123'
   1934503:	binding file /tmp/tmp.6DDiLFbZd0/experiment-work/lazy [0] to /tmp/tmp.6DDiLFbZd0/experiment-work/libmany.so [0]: normal symbol `probe_1124'
   1934503:	binding file /tmp/tmp.6DDiLFbZd0/experiment-work/lazy [0] to /tmp/tmp.6DDiLFbZd0/experiment-work/libmany.so [0]: normal symbol `probe_1125'
   1934503:	binding file /tmp/tmp.6DDiLFbZd0/experiment-work/lazy [0] to /tmp/tmp.6DDiLFbZd0/experiment-work/libmany.so [0]: normal symbol `probe_1126'
   1934503:	binding file /tmp/tmp.6DDiLFbZd0/experiment-work/lazy [0] to /tmp/tmp.6DDiLFbZd0/experiment-work/libmany.so [0]: normal symbol `probe_1127'
   1934503:	binding file /tmp/tmp.6DDiLFbZd0/experiment-work/lazy [0] to /tmp/tmp.6DDiLFbZd0/experiment-work/libmany.so [0]: normal symbol `probe_1128'
   1934503:	binding file /tmp/tmp.6DDiLFbZd0/experiment-work/lazy [0] to /tmp/tmp.6DDiLFbZd0/experiment-work/libmany.so [0]: normal symbol `probe_1129'
   1934503:	binding file /tmp/tmp.6DDiLFbZd0/experiment-work/lazy [0] to /tmp/tmp.6DDiLFbZd0/experiment-work/libmany.so [0]: normal symbol `probe_1130'
   1934503:	binding file /tmp/tmp.6DDiLFbZd0/experiment-work/lazy [0] to /tmp/tmp.6DDiLFbZd0/experiment-work/libmany.so [0]: normal symbol `probe_1131'
   1934503:	binding file /tmp/tmp.6DDiLFbZd0/experiment-work/lazy [0] to /tmp/tmp.6DDiLFbZd0/experiment-work/libmany.so [0]: normal symbol `probe_1132'
   1934503:	binding file /tmp/tmp.6DDiLFbZd0/experiment-work/lazy [0] to /tmp/tmp.6DDiLFbZd0/experiment-work/libmany.so [0]: normal symbol `probe_1133'
   1934503:	binding file /tmp/tmp.6DDiLFbZd0/experiment-work/lazy [0] to /tmp/tmp.6DDiLFbZd0/experiment-work/libmany.so [0]: normal symbol `probe_1134'
   1934503:	binding file /tmp/tmp.6DDiLFbZd0/experiment-work/lazy [0] to /tmp/tmp.6DDiLFbZd0/experiment-work/libmany.so [0]: normal symbol `probe_1135'
   1934503:	binding file /tmp/tmp.6DDiLFbZd0/experiment-work/lazy [0] to /tmp/tmp.6DDiLFbZd0/experiment-work/libmany.so [0]: normal symbol `probe_1136'
   1934503:	binding file /tmp/tmp.6DDiLFbZd0/experiment-work/lazy [0] to /tmp/tmp.6DDiLFbZd0/experiment-work/libmany.so [0]: normal symbol `probe_1137'
   1934503:	binding file /tmp/tmp.6DDiLFbZd0/experiment-work/lazy [0] to /tmp/tmp.6DDiLFbZd0/experiment-work/libmany.so [0]: normal symbol `probe_1138'
   1934503:	binding file /tmp/tmp.6DDiLFbZd0/experiment-work/lazy [0] to /tmp/tmp.6DDiLFbZd0/experiment-work/libmany.so [0]: normal symbol `probe_1139'
   1934503:	binding file /tmp/tmp.6DDiLFbZd0/experiment-work/lazy [0] to /tmp/tmp.6DDiLFbZd0/experiment-work/libmany.so [0]: normal symbol `probe_1140'
   1934503:	binding file /tmp/tmp.6DDiLFbZd0/experiment-work/lazy [0] to /tmp/tmp.6DDiLFbZd0/experiment-work/libmany.so [0]: normal symbol `probe_1141'
   1934503:	binding file /tmp/tmp.6DDiLFbZd0/experiment-work/lazy [0] to /tmp/tmp.6DDiLFbZd0/experiment-work/libmany.so [0]: normal symbol `probe_1142'
   1934503:	binding file /tmp/tmp.6DDiLFbZd0/experiment-work/lazy [0] to /tmp/tmp.6DDiLFbZd0/experiment-work/libmany.so [0]: normal symbol `probe_1143'
   1934503:	binding file /tmp/tmp.6DDiLFbZd0/experiment-work/lazy [0] to /tmp/tmp.6DDiLFbZd0/experiment-work/libmany.so [0]: normal symbol `probe_1144'
   1934503:	binding file /tmp/tmp.6DDiLFbZd0/experiment-work/lazy [0] to /tmp/tmp.6DDiLFbZd0/experiment-work/libmany.so [0]: normal symbol `probe_1145'
   1934503:	binding file /tmp/tmp.6DDiLFbZd0/experiment-work/lazy [0] to /tmp/tmp.6DDiLFbZd0/experiment-work/libmany.so [0]: normal symbol `probe_1146'
   1934503:	binding file /tmp/tmp.6DDiLFbZd0/experiment-work/lazy [0] to /tmp/tmp.6DDiLFbZd0/experiment-work/libmany.so [0]: normal symbol `probe_1147'
   1934503:	binding file /tmp/tmp.6DDiLFbZd0/experiment-work/lazy [0] to /tmp/tmp.6DDiLFbZd0/experiment-work/libmany.so [0]: normal symbol `probe_1148'
   1934503:	binding file /tmp/tmp.6DDiLFbZd0/experiment-work/lazy [0] to /tmp/tmp.6DDiLFbZd0/experiment-work/libmany.so [0]: normal symbol `probe_1149'
   1934503:	binding file /tmp/tmp.6DDiLFbZd0/experiment-work/lazy [0] to /tmp/tmp.6DDiLFbZd0/experiment-work/libmany.so [0]: normal symbol `probe_1150'
   1934503:	binding file /tmp/tmp.6DDiLFbZd0/experiment-work/lazy [0] to /tmp/tmp.6DDiLFbZd0/experiment-work/libmany.so [0]: normal symbol `probe_1151'
   1934503:	binding file /tmp/tmp.6DDiLFbZd0/experiment-work/lazy [0] to /tmp/tmp.6DDiLFbZd0/experiment-work/libmany.so [0]: normal symbol `probe_1152'
   1934503:	binding file /tmp/tmp.6DDiLFbZd0/experiment-work/lazy [0] to /tmp/tmp.6DDiLFbZd0/experiment-work/libmany.so [0]: normal symbol `probe_1153'
   1934503:	binding file /tmp/tmp.6DDiLFbZd0/experiment-work/lazy [0] to /tmp/tmp.6DDiLFbZd0/experiment-work/libmany.so [0]: normal symbol `probe_1154'
   1934503:	binding file /tmp/tmp.6DDiLFbZd0/experiment-work/lazy [0] to /tmp/tmp.6DDiLFbZd0/experiment-work/libmany.so [0]: normal symbol `probe_1155'
   1934503:	binding file /tmp/tmp.6DDiLFbZd0/experiment-work/lazy [0] to /tmp/tmp.6DDiLFbZd0/experiment-work/libmany.so [0]: normal symbol `probe_1156'
   1934503:	binding file /tmp/tmp.6DDiLFbZd0/experiment-work/lazy [0] to /tmp/tmp.6DDiLFbZd0/experiment-work/libmany.so [0]: normal symbol `probe_1157'
   1934503:	binding file /tmp/tmp.6DDiLFbZd0/experiment-work/lazy [0] to /tmp/tmp.6DDiLFbZd0/experiment-work/libmany.so [0]: normal symbol `probe_1158'
   1934503:	binding file /tmp/tmp.6DDiLFbZd0/experiment-work/lazy [0] to /tmp/tmp.6DDiLFbZd0/experiment-work/libmany.so [0]: normal symbol `probe_1159'
   1934503:	binding file /tmp/tmp.6DDiLFbZd0/experiment-work/lazy [0] to /tmp/tmp.6DDiLFbZd0/experiment-work/libmany.so [0]: normal symbol `probe_1160'
   1934503:	binding file /tmp/tmp.6DDiLFbZd0/experiment-work/lazy [0] to /tmp/tmp.6DDiLFbZd0/experiment-work/libmany.so [0]: normal symbol `probe_1161'
   1934503:	binding file /tmp/tmp.6DDiLFbZd0/experiment-work/lazy [0] to /tmp/tmp.6DDiLFbZd0/experiment-work/libmany.so [0]: normal symbol `probe_1162'
   1934503:	binding file /tmp/tmp.6DDiLFbZd0/experiment-work/lazy [0] to /tmp/tmp.6DDiLFbZd0/experiment-work/libmany.so [0]: normal symbol `probe_1163'
   1934503:	binding file /tmp/tmp.6DDiLFbZd0/experiment-work/lazy [0] to /tmp/tmp.6DDiLFbZd0/experiment-work/libmany.so [0]: normal symbol `probe_1164'
   1934503:	binding file /tmp/tmp.6DDiLFbZd0/experiment-work/lazy [0] to /tmp/tmp.6DDiLFbZd0/experiment-work/libmany.so [0]: normal symbol `probe_1165'
   1934503:	binding file /tmp/tmp.6DDiLFbZd0/experiment-work/lazy [0] to /tmp/tmp.6DDiLFbZd0/experiment-work/libmany.so [0]: normal symbol `probe_1166'
   1934503:	binding file /tmp/tmp.6DDiLFbZd0/experiment-work/lazy [0] to /tmp/tmp.6DDiLFbZd0/experiment-work/libmany.so [0]: normal symbol `probe_1167'
   1934503:	binding file /tmp/tmp.6DDiLFbZd0/experiment-work/lazy [0] to /tmp/tmp.6DDiLFbZd0/experiment-work/libmany.so [0]: normal symbol `probe_1168'
   1934503:	binding file /tmp/tmp.6DDiLFbZd0/experiment-work/lazy [0] to /tmp/tmp.6DDiLFbZd0/experiment-work/libmany.so [0]: normal symbol `probe_1169'
   1934503:	binding file /tmp/tmp.6DDiLFbZd0/experiment-work/lazy [0] to /tmp/tmp.6DDiLFbZd0/experiment-work/libmany.so [0]: normal symbol `probe_1170'
   1934503:	binding file /tmp/tmp.6DDiLFbZd0/experiment-work/lazy [0] to /tmp/tmp.6DDiLFbZd0/experiment-work/libmany.so [0]: normal symbol `probe_1171'
   1934503:	binding file /tmp/tmp.6DDiLFbZd0/experiment-work/lazy [0] to /tmp/tmp.6DDiLFbZd0/experiment-work/libmany.so [0]: normal symbol `probe_1172'
   1934503:	binding file /tmp/tmp.6DDiLFbZd0/experiment-work/lazy [0] to /tmp/tmp.6DDiLFbZd0/experiment-work/libmany.so [0]: normal symbol `probe_1173'
   1934503:	binding file /tmp/tmp.6DDiLFbZd0/experiment-work/lazy [0] to /tmp/tmp.6DDiLFbZd0/experiment-work/libmany.so [0]: normal symbol `probe_1174'
   1934503:	binding file /tmp/tmp.6DDiLFbZd0/experiment-work/lazy [0] to /tmp/tmp.6DDiLFbZd0/experiment-work/libmany.so [0]: normal symbol `probe_1175'
   1934503:	binding file /tmp/tmp.6DDiLFbZd0/experiment-work/lazy [0] to /tmp/tmp.6DDiLFbZd0/experiment-work/libmany.so [0]: normal symbol `probe_1176'
   1934503:	binding file /tmp/tmp.6DDiLFbZd0/experiment-work/lazy [0] to /tmp/tmp.6DDiLFbZd0/experiment-work/libmany.so [0]: normal symbol `probe_1177'
   1934503:	binding file /tmp/tmp.6DDiLFbZd0/experiment-work/lazy [0] to /tmp/tmp.6DDiLFbZd0/experiment-work/libmany.so [0]: normal symbol `probe_1178'
   1934503:	binding file /tmp/tmp.6DDiLFbZd0/experiment-work/lazy [0] to /tmp/tmp.6DDiLFbZd0/experiment-work/libmany.so [0]: normal symbol `probe_1179'
   1934503:	binding file /tmp/tmp.6DDiLFbZd0/experiment-work/lazy [0] to /tmp/tmp.6DDiLFbZd0/experiment-work/libmany.so [0]: normal symbol `probe_1180'
   1934503:	binding file /tmp/tmp.6DDiLFbZd0/experiment-work/lazy [0] to /tmp/tmp.6DDiLFbZd0/experiment-work/libmany.so [0]: normal symbol `probe_1181'
   1934503:	binding file /tmp/tmp.6DDiLFbZd0/experiment-work/lazy [0] to /tmp/tmp.6DDiLFbZd0/experiment-work/libmany.so [0]: normal symbol `probe_1182'
   1934503:	binding file /tmp/tmp.6DDiLFbZd0/experiment-work/lazy [0] to /tmp/tmp.6DDiLFbZd0/experiment-work/libmany.so [0]: normal symbol `probe_1183'
   1934503:	binding file /tmp/tmp.6DDiLFbZd0/experiment-work/lazy [0] to /tmp/tmp.6DDiLFbZd0/experiment-work/libmany.so [0]: normal symbol `probe_1184'
   1934503:	binding file /tmp/tmp.6DDiLFbZd0/experiment-work/lazy [0] to /tmp/tmp.6DDiLFbZd0/experiment-work/libmany.so [0]: normal symbol `probe_1185'
   1934503:	binding file /tmp/tmp.6DDiLFbZd0/experiment-work/lazy [0] to /tmp/tmp.6DDiLFbZd0/experiment-work/libmany.so [0]: normal symbol `probe_1186'
   1934503:	binding file /tmp/tmp.6DDiLFbZd0/experiment-work/lazy [0] to /tmp/tmp.6DDiLFbZd0/experiment-work/libmany.so [0]: normal symbol `probe_1187'
   1934503:	binding file /tmp/tmp.6DDiLFbZd0/experiment-work/lazy [0] to /tmp/tmp.6DDiLFbZd0/experiment-work/libmany.so [0]: normal symbol `probe_1188'
   1934503:	binding file /tmp/tmp.6DDiLFbZd0/experiment-work/lazy [0] to /tmp/tmp.6DDiLFbZd0/experiment-work/libmany.so [0]: normal symbol `probe_1189'
   1934503:	binding file /tmp/tmp.6DDiLFbZd0/experiment-work/lazy [0] to /tmp/tmp.6DDiLFbZd0/experiment-work/libmany.so [0]: normal symbol `probe_1190'
   1934503:	binding file /tmp/tmp.6DDiLFbZd0/experiment-work/lazy [0] to /tmp/tmp.6DDiLFbZd0/experiment-work/libmany.so [0]: normal symbol `probe_1191'
   1934503:	binding file /tmp/tmp.6DDiLFbZd0/experiment-work/lazy [0] to /tmp/tmp.6DDiLFbZd0/experiment-work/libmany.so [0]: normal symbol `probe_1192'
   1934503:	binding file /tmp/tmp.6DDiLFbZd0/experiment-work/lazy [0] to /tmp/tmp.6DDiLFbZd0/experiment-work/libmany.so [0]: normal symbol `probe_1193'
   1934503:	binding file /tmp/tmp.6DDiLFbZd0/experiment-work/lazy [0] to /tmp/tmp.6DDiLFbZd0/experiment-work/libmany.so [0]: normal symbol `probe_1194'
   1934503:	binding file /tmp/tmp.6DDiLFbZd0/experiment-work/lazy [0] to /tmp/tmp.6DDiLFbZd0/experiment-work/libmany.so [0]: normal symbol `probe_1195'
   1934503:	binding file /tmp/tmp.6DDiLFbZd0/experiment-work/lazy [0] to /tmp/tmp.6DDiLFbZd0/experiment-work/libmany.so [0]: normal symbol `probe_1196'
   1934503:	binding file /tmp/tmp.6DDiLFbZd0/experiment-work/lazy [0] to /tmp/tmp.6DDiLFbZd0/experiment-work/libmany.so [0]: normal symbol `probe_1197'
   1934503:	binding file /tmp/tmp.6DDiLFbZd0/experiment-work/lazy [0] to /tmp/tmp.6DDiLFbZd0/experiment-work/libmany.so [0]: normal symbol `probe_1198'
   1934503:	binding file /tmp/tmp.6DDiLFbZd0/experiment-work/lazy [0] to /tmp/tmp.6DDiLFbZd0/experiment-work/libmany.so [0]: normal symbol `probe_1199'
   1934503:	binding file /tmp/tmp.6DDiLFbZd0/experiment-work/lazy [0] to /tmp/tmp.6DDiLFbZd0/experiment-work/libmany.so [0]: normal symbol `probe_1200'
   1934503:	binding file /tmp/tmp.6DDiLFbZd0/experiment-work/lazy [0] to /tmp/tmp.6DDiLFbZd0/experiment-work/libmany.so [0]: normal symbol `probe_1201'
   1934503:	binding file /tmp/tmp.6DDiLFbZd0/experiment-work/lazy [0] to /tmp/tmp.6DDiLFbZd0/experiment-work/libmany.so [0]: normal symbol `probe_1202'
   1934503:	binding file /tmp/tmp.6DDiLFbZd0/experiment-work/lazy [0] to /tmp/tmp.6DDiLFbZd0/experiment-work/libmany.so [0]: normal symbol `probe_1203'
   1934503:	binding file /tmp/tmp.6DDiLFbZd0/experiment-work/lazy [0] to /tmp/tmp.6DDiLFbZd0/experiment-work/libmany.so [0]: normal symbol `probe_1204'
   1934503:	binding file /tmp/tmp.6DDiLFbZd0/experiment-work/lazy [0] to /tmp/tmp.6DDiLFbZd0/experiment-work/libmany.so [0]: normal symbol `probe_1205'
   1934503:	binding file /tmp/tmp.6DDiLFbZd0/experiment-work/lazy [0] to /tmp/tmp.6DDiLFbZd0/experiment-work/libmany.so [0]: normal symbol `probe_1206'
   1934503:	binding file /tmp/tmp.6DDiLFbZd0/experiment-work/lazy [0] to /tmp/tmp.6DDiLFbZd0/experiment-work/libmany.so [0]: normal symbol `probe_1207'
   1934503:	binding file /tmp/tmp.6DDiLFbZd0/experiment-work/lazy [0] to /tmp/tmp.6DDiLFbZd0/experiment-work/libmany.so [0]: normal symbol `probe_1208'
   1934503:	binding file /tmp/tmp.6DDiLFbZd0/experiment-work/lazy [0] to /tmp/tmp.6DDiLFbZd0/experiment-work/libmany.so [0]: normal symbol `probe_1209'
   1934503:	binding file /tmp/tmp.6DDiLFbZd0/experiment-work/lazy [0] to /tmp/tmp.6DDiLFbZd0/experiment-work/libmany.so [0]: normal symbol `probe_1210'
   1934503:	binding file /tmp/tmp.6DDiLFbZd0/experiment-work/lazy [0] to /tmp/tmp.6DDiLFbZd0/experiment-work/libmany.so [0]: normal symbol `probe_1211'
   1934503:	binding file /tmp/tmp.6DDiLFbZd0/experiment-work/lazy [0] to /tmp/tmp.6DDiLFbZd0/experiment-work/libmany.so [0]: normal symbol `probe_1212'
   1934503:	binding file /tmp/tmp.6DDiLFbZd0/experiment-work/lazy [0] to /tmp/tmp.6DDiLFbZd0/experiment-work/libmany.so [0]: normal symbol `probe_1213'
   1934503:	binding file /tmp/tmp.6DDiLFbZd0/experiment-work/lazy [0] to /tmp/tmp.6DDiLFbZd0/experiment-work/libmany.so [0]: normal symbol `probe_1214'
   1934503:	binding file /tmp/tmp.6DDiLFbZd0/experiment-work/lazy [0] to /tmp/tmp.6DDiLFbZd0/experiment-work/libmany.so [0]: normal symbol `probe_1215'
   1934503:	binding file /tmp/tmp.6DDiLFbZd0/experiment-work/lazy [0] to /tmp/tmp.6DDiLFbZd0/experiment-work/libmany.so [0]: normal symbol `probe_1216'
   1934503:	binding file /tmp/tmp.6DDiLFbZd0/experiment-work/lazy [0] to /tmp/tmp.6DDiLFbZd0/experiment-work/libmany.so [0]: normal symbol `probe_1217'
   1934503:	binding file /tmp/tmp.6DDiLFbZd0/experiment-work/lazy [0] to /tmp/tmp.6DDiLFbZd0/experiment-work/libmany.so [0]: normal symbol `probe_1218'
   1934503:	binding file /tmp/tmp.6DDiLFbZd0/experiment-work/lazy [0] to /tmp/tmp.6DDiLFbZd0/experiment-work/libmany.so [0]: normal symbol `probe_1219'
   1934503:	binding file /tmp/tmp.6DDiLFbZd0/experiment-work/lazy [0] to /tmp/tmp.6DDiLFbZd0/experiment-work/libmany.so [0]: normal symbol `probe_1220'
   1934503:	binding file /tmp/tmp.6DDiLFbZd0/experiment-work/lazy [0] to /tmp/tmp.6DDiLFbZd0/experiment-work/libmany.so [0]: normal symbol `probe_1221'
   1934503:	binding file /tmp/tmp.6DDiLFbZd0/experiment-work/lazy [0] to /tmp/tmp.6DDiLFbZd0/experiment-work/libmany.so [0]: normal symbol `probe_1222'
   1934503:	binding file /tmp/tmp.6DDiLFbZd0/experiment-work/lazy [0] to /tmp/tmp.6DDiLFbZd0/experiment-work/libmany.so [0]: normal symbol `probe_1223'
   1934503:	binding file /tmp/tmp.6DDiLFbZd0/experiment-work/lazy [0] to /tmp/tmp.6DDiLFbZd0/experiment-work/libmany.so [0]: normal symbol `probe_1224'
   1934503:	binding file /tmp/tmp.6DDiLFbZd0/experiment-work/lazy [0] to /tmp/tmp.6DDiLFbZd0/experiment-work/libmany.so [0]: normal symbol `probe_1225'
   1934503:	binding file /tmp/tmp.6DDiLFbZd0/experiment-work/lazy [0] to /tmp/tmp.6DDiLFbZd0/experiment-work/libmany.so [0]: normal symbol `probe_1226'
   1934503:	binding file /tmp/tmp.6DDiLFbZd0/experiment-work/lazy [0] to /tmp/tmp.6DDiLFbZd0/experiment-work/libmany.so [0]: normal symbol `probe_1227'
   1934503:	binding file /tmp/tmp.6DDiLFbZd0/experiment-work/lazy [0] to /tmp/tmp.6DDiLFbZd0/experiment-work/libmany.so [0]: normal symbol `probe_1228'
   1934503:	binding file /tmp/tmp.6DDiLFbZd0/experiment-work/lazy [0] to /tmp/tmp.6DDiLFbZd0/experiment-work/libmany.so [0]: normal symbol `probe_1229'
   1934503:	binding file /tmp/tmp.6DDiLFbZd0/experiment-work/lazy [0] to /tmp/tmp.6DDiLFbZd0/experiment-work/libmany.so [0]: normal symbol `probe_1230'
   1934503:	binding file /tmp/tmp.6DDiLFbZd0/experiment-work/lazy [0] to /tmp/tmp.6DDiLFbZd0/experiment-work/libmany.so [0]: normal symbol `probe_1231'
   1934503:	binding file /tmp/tmp.6DDiLFbZd0/experiment-work/lazy [0] to /tmp/tmp.6DDiLFbZd0/experiment-work/libmany.so [0]: normal symbol `probe_1232'
   1934503:	binding file /tmp/tmp.6DDiLFbZd0/experiment-work/lazy [0] to /tmp/tmp.6DDiLFbZd0/experiment-work/libmany.so [0]: normal symbol `probe_1233'
   1934503:	binding file /tmp/tmp.6DDiLFbZd0/experiment-work/lazy [0] to /tmp/tmp.6DDiLFbZd0/experiment-work/libmany.so [0]: normal symbol `probe_1234'
   1934503:	binding file /tmp/tmp.6DDiLFbZd0/experiment-work/lazy [0] to /tmp/tmp.6DDiLFbZd0/experiment-work/libmany.so [0]: normal symbol `probe_1235'
   1934503:	binding file /tmp/tmp.6DDiLFbZd0/experiment-work/lazy [0] to /tmp/tmp.6DDiLFbZd0/experiment-work/libmany.so [0]: normal symbol `probe_1236'
   1934503:	binding file /tmp/tmp.6DDiLFbZd0/experiment-work/lazy [0] to /tmp/tmp.6DDiLFbZd0/experiment-work/libmany.so [0]: normal symbol `probe_1237'
   1934503:	binding file /tmp/tmp.6DDiLFbZd0/experiment-work/lazy [0] to /tmp/tmp.6DDiLFbZd0/experiment-work/libmany.so [0]: normal symbol `probe_1238'
   1934503:	binding file /tmp/tmp.6DDiLFbZd0/experiment-work/lazy [0] to /tmp/tmp.6DDiLFbZd0/experiment-work/libmany.so [0]: normal symbol `probe_1239'
   1934503:	binding file /tmp/tmp.6DDiLFbZd0/experiment-work/lazy [0] to /tmp/tmp.6DDiLFbZd0/experiment-work/libmany.so [0]: normal symbol `probe_1240'
   1934503:	binding file /tmp/tmp.6DDiLFbZd0/experiment-work/lazy [0] to /tmp/tmp.6DDiLFbZd0/experiment-work/libmany.so [0]: normal symbol `probe_1241'
   1934503:	binding file /tmp/tmp.6DDiLFbZd0/experiment-work/lazy [0] to /tmp/tmp.6DDiLFbZd0/experiment-work/libmany.so [0]: normal symbol `probe_1242'
   1934503:	binding file /tmp/tmp.6DDiLFbZd0/experiment-work/lazy [0] to /tmp/tmp.6DDiLFbZd0/experiment-work/libmany.so [0]: normal symbol `probe_1243'
   1934503:	binding file /tmp/tmp.6DDiLFbZd0/experiment-work/lazy [0] to /tmp/tmp.6DDiLFbZd0/experiment-work/libmany.so [0]: normal symbol `probe_1244'
   1934503:	binding file /tmp/tmp.6DDiLFbZd0/experiment-work/lazy [0] to /tmp/tmp.6DDiLFbZd0/experiment-work/libmany.so [0]: normal symbol `probe_1245'
   1934503:	binding file /tmp/tmp.6DDiLFbZd0/experiment-work/lazy [0] to /tmp/tmp.6DDiLFbZd0/experiment-work/libmany.so [0]: normal symbol `probe_1246'
   1934503:	binding file /tmp/tmp.6DDiLFbZd0/experiment-work/lazy [0] to /tmp/tmp.6DDiLFbZd0/experiment-work/libmany.so [0]: normal symbol `probe_1247'
   1934503:	binding file /tmp/tmp.6DDiLFbZd0/experiment-work/lazy [0] to /tmp/tmp.6DDiLFbZd0/experiment-work/libmany.so [0]: normal symbol `probe_1248'
   1934503:	binding file /tmp/tmp.6DDiLFbZd0/experiment-work/lazy [0] to /tmp/tmp.6DDiLFbZd0/experiment-work/libmany.so [0]: normal symbol `probe_1249'
   1934503:	binding file /tmp/tmp.6DDiLFbZd0/experiment-work/lazy [0] to /tmp/tmp.6DDiLFbZd0/experiment-work/libmany.so [0]: normal symbol `probe_1250'
   1934503:	binding file /tmp/tmp.6DDiLFbZd0/experiment-work/lazy [0] to /tmp/tmp.6DDiLFbZd0/experiment-work/libmany.so [0]: normal symbol `probe_1251'
   1934503:	binding file /tmp/tmp.6DDiLFbZd0/experiment-work/lazy [0] to /tmp/tmp.6DDiLFbZd0/experiment-work/libmany.so [0]: normal symbol `probe_1252'
   1934503:	binding file /tmp/tmp.6DDiLFbZd0/experiment-work/lazy [0] to /tmp/tmp.6DDiLFbZd0/experiment-work/libmany.so [0]: normal symbol `probe_1253'
   1934503:	binding file /tmp/tmp.6DDiLFbZd0/experiment-work/lazy [0] to /tmp/tmp.6DDiLFbZd0/experiment-work/libmany.so [0]: normal symbol `probe_1254'
   1934503:	binding file /tmp/tmp.6DDiLFbZd0/experiment-work/lazy [0] to /tmp/tmp.6DDiLFbZd0/experiment-work/libmany.so [0]: normal symbol `probe_1255'
   1934503:	binding file /tmp/tmp.6DDiLFbZd0/experiment-work/lazy [0] to /tmp/tmp.6DDiLFbZd0/experiment-work/libmany.so [0]: normal symbol `probe_1256'
   1934503:	binding file /tmp/tmp.6DDiLFbZd0/experiment-work/lazy [0] to /tmp/tmp.6DDiLFbZd0/experiment-work/libmany.so [0]: normal symbol `probe_1257'
   1934503:	binding file /tmp/tmp.6DDiLFbZd0/experiment-work/lazy [0] to /tmp/tmp.6DDiLFbZd0/experiment-work/libmany.so [0]: normal symbol `probe_1258'
   1934503:	binding file /tmp/tmp.6DDiLFbZd0/experiment-work/lazy [0] to /tmp/tmp.6DDiLFbZd0/experiment-work/libmany.so [0]: normal symbol `probe_1259'
   1934503:	binding file /tmp/tmp.6DDiLFbZd0/experiment-work/lazy [0] to /tmp/tmp.6DDiLFbZd0/experiment-work/libmany.so [0]: normal symbol `probe_1260'
   1934503:	binding file /tmp/tmp.6DDiLFbZd0/experiment-work/lazy [0] to /tmp/tmp.6DDiLFbZd0/experiment-work/libmany.so [0]: normal symbol `probe_1261'
   1934503:	binding file /tmp/tmp.6DDiLFbZd0/experiment-work/lazy [0] to /tmp/tmp.6DDiLFbZd0/experiment-work/libmany.so [0]: normal symbol `probe_1262'
   1934503:	binding file /tmp/tmp.6DDiLFbZd0/experiment-work/lazy [0] to /tmp/tmp.6DDiLFbZd0/experiment-work/libmany.so [0]: normal symbol `probe_1263'
   1934503:	binding file /tmp/tmp.6DDiLFbZd0/experiment-work/lazy [0] to /tmp/tmp.6DDiLFbZd0/experiment-work/libmany.so [0]: normal symbol `probe_1264'
   1934503:	binding file /tmp/tmp.6DDiLFbZd0/experiment-work/lazy [0] to /tmp/tmp.6DDiLFbZd0/experiment-work/libmany.so [0]: normal symbol `probe_1265'
   1934503:	binding file /tmp/tmp.6DDiLFbZd0/experiment-work/lazy [0] to /tmp/tmp.6DDiLFbZd0/experiment-work/libmany.so [0]: normal symbol `probe_1266'
   1934503:	binding file /tmp/tmp.6DDiLFbZd0/experiment-work/lazy [0] to /tmp/tmp.6DDiLFbZd0/experiment-work/libmany.so [0]: normal symbol `probe_1267'
   1934503:	binding file /tmp/tmp.6DDiLFbZd0/experiment-work/lazy [0] to /tmp/tmp.6DDiLFbZd0/experiment-work/libmany.so [0]: normal symbol `probe_1268'
   1934503:	binding file /tmp/tmp.6DDiLFbZd0/experiment-work/lazy [0] to /tmp/tmp.6DDiLFbZd0/experiment-work/libmany.so [0]: normal symbol `probe_1269'
   1934503:	binding file /tmp/tmp.6DDiLFbZd0/experiment-work/lazy [0] to /tmp/tmp.6DDiLFbZd0/experiment-work/libmany.so [0]: normal symbol `probe_1270'
   1934503:	binding file /tmp/tmp.6DDiLFbZd0/experiment-work/lazy [0] to /tmp/tmp.6DDiLFbZd0/experiment-work/libmany.so [0]: normal symbol `probe_1271'
   1934503:	binding file /tmp/tmp.6DDiLFbZd0/experiment-work/lazy [0] to /tmp/tmp.6DDiLFbZd0/experiment-work/libmany.so [0]: normal symbol `probe_1272'
   1934503:	binding file /tmp/tmp.6DDiLFbZd0/experiment-work/lazy [0] to /tmp/tmp.6DDiLFbZd0/experiment-work/libmany.so [0]: normal symbol `probe_1273'
   1934503:	binding file /tmp/tmp.6DDiLFbZd0/experiment-work/lazy [0] to /tmp/tmp.6DDiLFbZd0/experiment-work/libmany.so [0]: normal symbol `probe_1274'
   1934503:	binding file /tmp/tmp.6DDiLFbZd0/experiment-work/lazy [0] to /tmp/tmp.6DDiLFbZd0/experiment-work/libmany.so [0]: normal symbol `probe_1275'
   1934503:	binding file /tmp/tmp.6DDiLFbZd0/experiment-work/lazy [0] to /tmp/tmp.6DDiLFbZd0/experiment-work/libmany.so [0]: normal symbol `probe_1276'
   1934503:	binding file /tmp/tmp.6DDiLFbZd0/experiment-work/lazy [0] to /tmp/tmp.6DDiLFbZd0/experiment-work/libmany.so [0]: normal symbol `probe_1277'
   1934503:	binding file /tmp/tmp.6DDiLFbZd0/experiment-work/lazy [0] to /tmp/tmp.6DDiLFbZd0/experiment-work/libmany.so [0]: normal symbol `probe_1278'
   1934503:	binding file /tmp/tmp.6DDiLFbZd0/experiment-work/lazy [0] to /tmp/tmp.6DDiLFbZd0/experiment-work/libmany.so [0]: normal symbol `probe_1279'
   1934503:	binding file /tmp/tmp.6DDiLFbZd0/experiment-work/lazy [0] to /tmp/tmp.6DDiLFbZd0/experiment-work/libmany.so [0]: normal symbol `probe_1280'
   1934503:	binding file /tmp/tmp.6DDiLFbZd0/experiment-work/lazy [0] to /tmp/tmp.6DDiLFbZd0/experiment-work/libmany.so [0]: normal symbol `probe_1281'
   1934503:	binding file /tmp/tmp.6DDiLFbZd0/experiment-work/lazy [0] to /tmp/tmp.6DDiLFbZd0/experiment-work/libmany.so [0]: normal symbol `probe_1282'
   1934503:	binding file /tmp/tmp.6DDiLFbZd0/experiment-work/lazy [0] to /tmp/tmp.6DDiLFbZd0/experiment-work/libmany.so [0]: normal symbol `probe_1283'
   1934503:	binding file /tmp/tmp.6DDiLFbZd0/experiment-work/lazy [0] to /tmp/tmp.6DDiLFbZd0/experiment-work/libmany.so [0]: normal symbol `probe_1284'
   1934503:	binding file /tmp/tmp.6DDiLFbZd0/experiment-work/lazy [0] to /tmp/tmp.6DDiLFbZd0/experiment-work/libmany.so [0]: normal symbol `probe_1285'
   1934503:	binding file /tmp/tmp.6DDiLFbZd0/experiment-work/lazy [0] to /tmp/tmp.6DDiLFbZd0/experiment-work/libmany.so [0]: normal symbol `probe_1286'
   1934503:	binding file /tmp/tmp.6DDiLFbZd0/experiment-work/lazy [0] to /tmp/tmp.6DDiLFbZd0/experiment-work/libmany.so [0]: normal symbol `probe_1287'
   1934503:	binding file /tmp/tmp.6DDiLFbZd0/experiment-work/lazy [0] to /tmp/tmp.6DDiLFbZd0/experiment-work/libmany.so [0]: normal symbol `probe_1288'
   1934503:	binding file /tmp/tmp.6DDiLFbZd0/experiment-work/lazy [0] to /tmp/tmp.6DDiLFbZd0/experiment-work/libmany.so [0]: normal symbol `probe_1289'
   1934503:	binding file /tmp/tmp.6DDiLFbZd0/experiment-work/lazy [0] to /tmp/tmp.6DDiLFbZd0/experiment-work/libmany.so [0]: normal symbol `probe_1290'
   1934503:	binding file /tmp/tmp.6DDiLFbZd0/experiment-work/lazy [0] to /tmp/tmp.6DDiLFbZd0/experiment-work/libmany.so [0]: normal symbol `probe_1291'
   1934503:	binding file /tmp/tmp.6DDiLFbZd0/experiment-work/lazy [0] to /tmp/tmp.6DDiLFbZd0/experiment-work/libmany.so [0]: normal symbol `probe_1292'
   1934503:	binding file /tmp/tmp.6DDiLFbZd0/experiment-work/lazy [0] to /tmp/tmp.6DDiLFbZd0/experiment-work/libmany.so [0]: normal symbol `probe_1293'
   1934503:	binding file /tmp/tmp.6DDiLFbZd0/experiment-work/lazy [0] to /tmp/tmp.6DDiLFbZd0/experiment-work/libmany.so [0]: normal symbol `probe_1294'
   1934503:	binding file /tmp/tmp.6DDiLFbZd0/experiment-work/lazy [0] to /tmp/tmp.6DDiLFbZd0/experiment-work/libmany.so [0]: normal symbol `probe_1295'
   1934503:	binding file /tmp/tmp.6DDiLFbZd0/experiment-work/lazy [0] to /tmp/tmp.6DDiLFbZd0/experiment-work/libmany.so [0]: normal symbol `probe_1296'
   1934503:	binding file /tmp/tmp.6DDiLFbZd0/experiment-work/lazy [0] to /tmp/tmp.6DDiLFbZd0/experiment-work/libmany.so [0]: normal symbol `probe_1297'
   1934503:	binding file /tmp/tmp.6DDiLFbZd0/experiment-work/lazy [0] to /tmp/tmp.6DDiLFbZd0/experiment-work/libmany.so [0]: normal symbol `probe_1298'
   1934503:	binding file /tmp/tmp.6DDiLFbZd0/experiment-work/lazy [0] to /tmp/tmp.6DDiLFbZd0/experiment-work/libmany.so [0]: normal symbol `probe_1299'
   1934503:	binding file /tmp/tmp.6DDiLFbZd0/experiment-work/lazy [0] to /tmp/tmp.6DDiLFbZd0/experiment-work/libmany.so [0]: normal symbol `probe_1300'
   1934503:	binding file /tmp/tmp.6DDiLFbZd0/experiment-work/lazy [0] to /tmp/tmp.6DDiLFbZd0/experiment-work/libmany.so [0]: normal symbol `probe_1301'
   1934503:	binding file /tmp/tmp.6DDiLFbZd0/experiment-work/lazy [0] to /tmp/tmp.6DDiLFbZd0/experiment-work/libmany.so [0]: normal symbol `probe_1302'
   1934503:	binding file /tmp/tmp.6DDiLFbZd0/experiment-work/lazy [0] to /tmp/tmp.6DDiLFbZd0/experiment-work/libmany.so [0]: normal symbol `probe_1303'
   1934503:	binding file /tmp/tmp.6DDiLFbZd0/experiment-work/lazy [0] to /tmp/tmp.6DDiLFbZd0/experiment-work/libmany.so [0]: normal symbol `probe_1304'
   1934503:	binding file /tmp/tmp.6DDiLFbZd0/experiment-work/lazy [0] to /tmp/tmp.6DDiLFbZd0/experiment-work/libmany.so [0]: normal symbol `probe_1305'
   1934503:	binding file /tmp/tmp.6DDiLFbZd0/experiment-work/lazy [0] to /tmp/tmp.6DDiLFbZd0/experiment-work/libmany.so [0]: normal symbol `probe_1306'
   1934503:	binding file /tmp/tmp.6DDiLFbZd0/experiment-work/lazy [0] to /tmp/tmp.6DDiLFbZd0/experiment-work/libmany.so [0]: normal symbol `probe_1307'
   1934503:	binding file /tmp/tmp.6DDiLFbZd0/experiment-work/lazy [0] to /tmp/tmp.6DDiLFbZd0/experiment-work/libmany.so [0]: normal symbol `probe_1308'
   1934503:	binding file /tmp/tmp.6DDiLFbZd0/experiment-work/lazy [0] to /tmp/tmp.6DDiLFbZd0/experiment-work/libmany.so [0]: normal symbol `probe_1309'
   1934503:	binding file /tmp/tmp.6DDiLFbZd0/experiment-work/lazy [0] to /tmp/tmp.6DDiLFbZd0/experiment-work/libmany.so [0]: normal symbol `probe_1310'
   1934503:	binding file /tmp/tmp.6DDiLFbZd0/experiment-work/lazy [0] to /tmp/tmp.6DDiLFbZd0/experiment-work/libmany.so [0]: normal symbol `probe_1311'
   1934503:	binding file /tmp/tmp.6DDiLFbZd0/experiment-work/lazy [0] to /tmp/tmp.6DDiLFbZd0/experiment-work/libmany.so [0]: normal symbol `probe_1312'
   1934503:	binding file /tmp/tmp.6DDiLFbZd0/experiment-work/lazy [0] to /tmp/tmp.6DDiLFbZd0/experiment-work/libmany.so [0]: normal symbol `probe_1313'
   1934503:	binding file /tmp/tmp.6DDiLFbZd0/experiment-work/lazy [0] to /tmp/tmp.6DDiLFbZd0/experiment-work/libmany.so [0]: normal symbol `probe_1314'
   1934503:	binding file /tmp/tmp.6DDiLFbZd0/experiment-work/lazy [0] to /tmp/tmp.6DDiLFbZd0/experiment-work/libmany.so [0]: normal symbol `probe_1315'
   1934503:	binding file /tmp/tmp.6DDiLFbZd0/experiment-work/lazy [0] to /tmp/tmp.6DDiLFbZd0/experiment-work/libmany.so [0]: normal symbol `probe_1316'
   1934503:	binding file /tmp/tmp.6DDiLFbZd0/experiment-work/lazy [0] to /tmp/tmp.6DDiLFbZd0/experiment-work/libmany.so [0]: normal symbol `probe_1317'
   1934503:	binding file /tmp/tmp.6DDiLFbZd0/experiment-work/lazy [0] to /tmp/tmp.6DDiLFbZd0/experiment-work/libmany.so [0]: normal symbol `probe_1318'
   1934503:	binding file /tmp/tmp.6DDiLFbZd0/experiment-work/lazy [0] to /tmp/tmp.6DDiLFbZd0/experiment-work/libmany.so [0]: normal symbol `probe_1319'
   1934503:	binding file /tmp/tmp.6DDiLFbZd0/experiment-work/lazy [0] to /tmp/tmp.6DDiLFbZd0/experiment-work/libmany.so [0]: normal symbol `probe_1320'
   1934503:	binding file /tmp/tmp.6DDiLFbZd0/experiment-work/lazy [0] to /tmp/tmp.6DDiLFbZd0/experiment-work/libmany.so [0]: normal symbol `probe_1321'
   1934503:	binding file /tmp/tmp.6DDiLFbZd0/experiment-work/lazy [0] to /tmp/tmp.6DDiLFbZd0/experiment-work/libmany.so [0]: normal symbol `probe_1322'
   1934503:	binding file /tmp/tmp.6DDiLFbZd0/experiment-work/lazy [0] to /tmp/tmp.6DDiLFbZd0/experiment-work/libmany.so [0]: normal symbol `probe_1323'
   1934503:	binding file /tmp/tmp.6DDiLFbZd0/experiment-work/lazy [0] to /tmp/tmp.6DDiLFbZd0/experiment-work/libmany.so [0]: normal symbol `probe_1324'
   1934503:	binding file /tmp/tmp.6DDiLFbZd0/experiment-work/lazy [0] to /tmp/tmp.6DDiLFbZd0/experiment-work/libmany.so [0]: normal symbol `probe_1325'
   1934503:	binding file /tmp/tmp.6DDiLFbZd0/experiment-work/lazy [0] to /tmp/tmp.6DDiLFbZd0/experiment-work/libmany.so [0]: normal symbol `probe_1326'
   1934503:	binding file /tmp/tmp.6DDiLFbZd0/experiment-work/lazy [0] to /tmp/tmp.6DDiLFbZd0/experiment-work/libmany.so [0]: normal symbol `probe_1327'
   1934503:	binding file /tmp/tmp.6DDiLFbZd0/experiment-work/lazy [0] to /tmp/tmp.6DDiLFbZd0/experiment-work/libmany.so [0]: normal symbol `probe_1328'
   1934503:	binding file /tmp/tmp.6DDiLFbZd0/experiment-work/lazy [0] to /tmp/tmp.6DDiLFbZd0/experiment-work/libmany.so [0]: normal symbol `probe_1329'
   1934503:	binding file /tmp/tmp.6DDiLFbZd0/experiment-work/lazy [0] to /tmp/tmp.6DDiLFbZd0/experiment-work/libmany.so [0]: normal symbol `probe_1330'
   1934503:	binding file /tmp/tmp.6DDiLFbZd0/experiment-work/lazy [0] to /tmp/tmp.6DDiLFbZd0/experiment-work/libmany.so [0]: normal symbol `probe_1331'
   1934503:	binding file /tmp/tmp.6DDiLFbZd0/experiment-work/lazy [0] to /tmp/tmp.6DDiLFbZd0/experiment-work/libmany.so [0]: normal symbol `probe_1332'
   1934503:	binding file /tmp/tmp.6DDiLFbZd0/experiment-work/lazy [0] to /tmp/tmp.6DDiLFbZd0/experiment-work/libmany.so [0]: normal symbol `probe_1333'
   1934503:	binding file /tmp/tmp.6DDiLFbZd0/experiment-work/lazy [0] to /tmp/tmp.6DDiLFbZd0/experiment-work/libmany.so [0]: normal symbol `probe_1334'
   1934503:	binding file /tmp/tmp.6DDiLFbZd0/experiment-work/lazy [0] to /tmp/tmp.6DDiLFbZd0/experiment-work/libmany.so [0]: normal symbol `probe_1335'
   1934503:	binding file /tmp/tmp.6DDiLFbZd0/experiment-work/lazy [0] to /tmp/tmp.6DDiLFbZd0/experiment-work/libmany.so [0]: normal symbol `probe_1336'
   1934503:	binding file /tmp/tmp.6DDiLFbZd0/experiment-work/lazy [0] to /tmp/tmp.6DDiLFbZd0/experiment-work/libmany.so [0]: normal symbol `probe_1337'
   1934503:	binding file /tmp/tmp.6DDiLFbZd0/experiment-work/lazy [0] to /tmp/tmp.6DDiLFbZd0/experiment-work/libmany.so [0]: normal symbol `probe_1338'
   1934503:	binding file /tmp/tmp.6DDiLFbZd0/experiment-work/lazy [0] to /tmp/tmp.6DDiLFbZd0/experiment-work/libmany.so [0]: normal symbol `probe_1339'
   1934503:	binding file /tmp/tmp.6DDiLFbZd0/experiment-work/lazy [0] to /tmp/tmp.6DDiLFbZd0/experiment-work/libmany.so [0]: normal symbol `probe_1340'
   1934503:	binding file /tmp/tmp.6DDiLFbZd0/experiment-work/lazy [0] to /tmp/tmp.6DDiLFbZd0/experiment-work/libmany.so [0]: normal symbol `probe_1341'
   1934503:	binding file /tmp/tmp.6DDiLFbZd0/experiment-work/lazy [0] to /tmp/tmp.6DDiLFbZd0/experiment-work/libmany.so [0]: normal symbol `probe_1342'
   1934503:	binding file /tmp/tmp.6DDiLFbZd0/experiment-work/lazy [0] to /tmp/tmp.6DDiLFbZd0/experiment-work/libmany.so [0]: normal symbol `probe_1343'
   1934503:	binding file /tmp/tmp.6DDiLFbZd0/experiment-work/lazy [0] to /tmp/tmp.6DDiLFbZd0/experiment-work/libmany.so [0]: normal symbol `probe_1344'
   1934503:	binding file /tmp/tmp.6DDiLFbZd0/experiment-work/lazy [0] to /tmp/tmp.6DDiLFbZd0/experiment-work/libmany.so [0]: normal symbol `probe_1345'
   1934503:	binding file /tmp/tmp.6DDiLFbZd0/experiment-work/lazy [0] to /tmp/tmp.6DDiLFbZd0/experiment-work/libmany.so [0]: normal symbol `probe_1346'
   1934503:	binding file /tmp/tmp.6DDiLFbZd0/experiment-work/lazy [0] to /tmp/tmp.6DDiLFbZd0/experiment-work/libmany.so [0]: normal symbol `probe_1347'
   1934503:	binding file /tmp/tmp.6DDiLFbZd0/experiment-work/lazy [0] to /tmp/tmp.6DDiLFbZd0/experiment-work/libmany.so [0]: normal symbol `probe_1348'
   1934503:	binding file /tmp/tmp.6DDiLFbZd0/experiment-work/lazy [0] to /tmp/tmp.6DDiLFbZd0/experiment-work/libmany.so [0]: normal symbol `probe_1349'
   1934503:	binding file /tmp/tmp.6DDiLFbZd0/experiment-work/lazy [0] to /tmp/tmp.6DDiLFbZd0/experiment-work/libmany.so [0]: normal symbol `probe_1350'
   1934503:	binding file /tmp/tmp.6DDiLFbZd0/experiment-work/lazy [0] to /tmp/tmp.6DDiLFbZd0/experiment-work/libmany.so [0]: normal symbol `probe_1351'
   1934503:	binding file /tmp/tmp.6DDiLFbZd0/experiment-work/lazy [0] to /tmp/tmp.6DDiLFbZd0/experiment-work/libmany.so [0]: normal symbol `probe_1352'
   1934503:	binding file /tmp/tmp.6DDiLFbZd0/experiment-work/lazy [0] to /tmp/tmp.6DDiLFbZd0/experiment-work/libmany.so [0]: normal symbol `probe_1353'
   1934503:	binding file /tmp/tmp.6DDiLFbZd0/experiment-work/lazy [0] to /tmp/tmp.6DDiLFbZd0/experiment-work/libmany.so [0]: normal symbol `probe_1354'
   1934503:	binding file /tmp/tmp.6DDiLFbZd0/experiment-work/lazy [0] to /tmp/tmp.6DDiLFbZd0/experiment-work/libmany.so [0]: normal symbol `probe_1355'
   1934503:	binding file /tmp/tmp.6DDiLFbZd0/experiment-work/lazy [0] to /tmp/tmp.6DDiLFbZd0/experiment-work/libmany.so [0]: normal symbol `probe_1356'
   1934503:	binding file /tmp/tmp.6DDiLFbZd0/experiment-work/lazy [0] to /tmp/tmp.6DDiLFbZd0/experiment-work/libmany.so [0]: normal symbol `probe_1357'
   1934503:	binding file /tmp/tmp.6DDiLFbZd0/experiment-work/lazy [0] to /tmp/tmp.6DDiLFbZd0/experiment-work/libmany.so [0]: normal symbol `probe_1358'
   1934503:	binding file /tmp/tmp.6DDiLFbZd0/experiment-work/lazy [0] to /tmp/tmp.6DDiLFbZd0/experiment-work/libmany.so [0]: normal symbol `probe_1359'
   1934503:	binding file /tmp/tmp.6DDiLFbZd0/experiment-work/lazy [0] to /tmp/tmp.6DDiLFbZd0/experiment-work/libmany.so [0]: normal symbol `probe_1360'
   1934503:	binding file /tmp/tmp.6DDiLFbZd0/experiment-work/lazy [0] to /tmp/tmp.6DDiLFbZd0/experiment-work/libmany.so [0]: normal symbol `probe_1361'
   1934503:	binding file /tmp/tmp.6DDiLFbZd0/experiment-work/lazy [0] to /tmp/tmp.6DDiLFbZd0/experiment-work/libmany.so [0]: normal symbol `probe_1362'
   1934503:	binding file /tmp/tmp.6DDiLFbZd0/experiment-work/lazy [0] to /tmp/tmp.6DDiLFbZd0/experiment-work/libmany.so [0]: normal symbol `probe_1363'
   1934503:	binding file /tmp/tmp.6DDiLFbZd0/experiment-work/lazy [0] to /tmp/tmp.6DDiLFbZd0/experiment-work/libmany.so [0]: normal symbol `probe_1364'
   1934503:	binding file /tmp/tmp.6DDiLFbZd0/experiment-work/lazy [0] to /tmp/tmp.6DDiLFbZd0/experiment-work/libmany.so [0]: normal symbol `probe_1365'
   1934503:	binding file /tmp/tmp.6DDiLFbZd0/experiment-work/lazy [0] to /tmp/tmp.6DDiLFbZd0/experiment-work/libmany.so [0]: normal symbol `probe_1366'
   1934503:	binding file /tmp/tmp.6DDiLFbZd0/experiment-work/lazy [0] to /tmp/tmp.6DDiLFbZd0/experiment-work/libmany.so [0]: normal symbol `probe_1367'
   1934503:	binding file /tmp/tmp.6DDiLFbZd0/experiment-work/lazy [0] to /tmp/tmp.6DDiLFbZd0/experiment-work/libmany.so [0]: normal symbol `probe_1368'
   1934503:	binding file /tmp/tmp.6DDiLFbZd0/experiment-work/lazy [0] to /tmp/tmp.6DDiLFbZd0/experiment-work/libmany.so [0]: normal symbol `probe_1369'
   1934503:	binding file /tmp/tmp.6DDiLFbZd0/experiment-work/lazy [0] to /tmp/tmp.6DDiLFbZd0/experiment-work/libmany.so [0]: normal symbol `probe_1370'
   1934503:	binding file /tmp/tmp.6DDiLFbZd0/experiment-work/lazy [0] to /tmp/tmp.6DDiLFbZd0/experiment-work/libmany.so [0]: normal symbol `probe_1371'
   1934503:	binding file /tmp/tmp.6DDiLFbZd0/experiment-work/lazy [0] to /tmp/tmp.6DDiLFbZd0/experiment-work/libmany.so [0]: normal symbol `probe_1372'
   1934503:	binding file /tmp/tmp.6DDiLFbZd0/experiment-work/lazy [0] to /tmp/tmp.6DDiLFbZd0/experiment-work/libmany.so [0]: normal symbol `probe_1373'
   1934503:	binding file /tmp/tmp.6DDiLFbZd0/experiment-work/lazy [0] to /tmp/tmp.6DDiLFbZd0/experiment-work/libmany.so [0]: normal symbol `probe_1374'
   1934503:	binding file /tmp/tmp.6DDiLFbZd0/experiment-work/lazy [0] to /tmp/tmp.6DDiLFbZd0/experiment-work/libmany.so [0]: normal symbol `probe_1375'
   1934503:	binding file /tmp/tmp.6DDiLFbZd0/experiment-work/lazy [0] to /tmp/tmp.6DDiLFbZd0/experiment-work/libmany.so [0]: normal symbol `probe_1376'
   1934503:	binding file /tmp/tmp.6DDiLFbZd0/experiment-work/lazy [0] to /tmp/tmp.6DDiLFbZd0/experiment-work/libmany.so [0]: normal symbol `probe_1377'
   1934503:	binding file /tmp/tmp.6DDiLFbZd0/experiment-work/lazy [0] to /tmp/tmp.6DDiLFbZd0/experiment-work/libmany.so [0]: normal symbol `probe_1378'
   1934503:	binding file /tmp/tmp.6DDiLFbZd0/experiment-work/lazy [0] to /tmp/tmp.6DDiLFbZd0/experiment-work/libmany.so [0]: normal symbol `probe_1379'
   1934503:	binding file /tmp/tmp.6DDiLFbZd0/experiment-work/lazy [0] to /tmp/tmp.6DDiLFbZd0/experiment-work/libmany.so [0]: normal symbol `probe_1380'
   1934503:	binding file /tmp/tmp.6DDiLFbZd0/experiment-work/lazy [0] to /tmp/tmp.6DDiLFbZd0/experiment-work/libmany.so [0]: normal symbol `probe_1381'
   1934503:	binding file /tmp/tmp.6DDiLFbZd0/experiment-work/lazy [0] to /tmp/tmp.6DDiLFbZd0/experiment-work/libmany.so [0]: normal symbol `probe_1382'
   1934503:	binding file /tmp/tmp.6DDiLFbZd0/experiment-work/lazy [0] to /tmp/tmp.6DDiLFbZd0/experiment-work/libmany.so [0]: normal symbol `probe_1383'
   1934503:	binding file /tmp/tmp.6DDiLFbZd0/experiment-work/lazy [0] to /tmp/tmp.6DDiLFbZd0/experiment-work/libmany.so [0]: normal symbol `probe_1384'
   1934503:	binding file /tmp/tmp.6DDiLFbZd0/experiment-work/lazy [0] to /tmp/tmp.6DDiLFbZd0/experiment-work/libmany.so [0]: normal symbol `probe_1385'
   1934503:	binding file /tmp/tmp.6DDiLFbZd0/experiment-work/lazy [0] to /tmp/tmp.6DDiLFbZd0/experiment-work/libmany.so [0]: normal symbol `probe_1386'
   1934503:	binding file /tmp/tmp.6DDiLFbZd0/experiment-work/lazy [0] to /tmp/tmp.6DDiLFbZd0/experiment-work/libmany.so [0]: normal symbol `probe_1387'
   1934503:	binding file /tmp/tmp.6DDiLFbZd0/experiment-work/lazy [0] to /tmp/tmp.6DDiLFbZd0/experiment-work/libmany.so [0]: normal symbol `probe_1388'
   1934503:	binding file /tmp/tmp.6DDiLFbZd0/experiment-work/lazy [0] to /tmp/tmp.6DDiLFbZd0/experiment-work/libmany.so [0]: normal symbol `probe_1389'
   1934503:	binding file /tmp/tmp.6DDiLFbZd0/experiment-work/lazy [0] to /tmp/tmp.6DDiLFbZd0/experiment-work/libmany.so [0]: normal symbol `probe_1390'
   1934503:	binding file /tmp/tmp.6DDiLFbZd0/experiment-work/lazy [0] to /tmp/tmp.6DDiLFbZd0/experiment-work/libmany.so [0]: normal symbol `probe_1391'
   1934503:	binding file /tmp/tmp.6DDiLFbZd0/experiment-work/lazy [0] to /tmp/tmp.6DDiLFbZd0/experiment-work/libmany.so [0]: normal symbol `probe_1392'
   1934503:	binding file /tmp/tmp.6DDiLFbZd0/experiment-work/lazy [0] to /tmp/tmp.6DDiLFbZd0/experiment-work/libmany.so [0]: normal symbol `probe_1393'
   1934503:	binding file /tmp/tmp.6DDiLFbZd0/experiment-work/lazy [0] to /tmp/tmp.6DDiLFbZd0/experiment-work/libmany.so [0]: normal symbol `probe_1394'
   1934503:	binding file /tmp/tmp.6DDiLFbZd0/experiment-work/lazy [0] to /tmp/tmp.6DDiLFbZd0/experiment-work/libmany.so [0]: normal symbol `probe_1395'
   1934503:	binding file /tmp/tmp.6DDiLFbZd0/experiment-work/lazy [0] to /tmp/tmp.6DDiLFbZd0/experiment-work/libmany.so [0]: normal symbol `probe_1396'
   1934503:	binding file /tmp/tmp.6DDiLFbZd0/experiment-work/lazy [0] to /tmp/tmp.6DDiLFbZd0/experiment-work/libmany.so [0]: normal symbol `probe_1397'
   1934503:	binding file /tmp/tmp.6DDiLFbZd0/experiment-work/lazy [0] to /tmp/tmp.6DDiLFbZd0/experiment-work/libmany.so [0]: normal symbol `probe_1398'
   1934503:	binding file /tmp/tmp.6DDiLFbZd0/experiment-work/lazy [0] to /tmp/tmp.6DDiLFbZd0/experiment-work/libmany.so [0]: normal symbol `probe_1399'
   1934503:	binding file /tmp/tmp.6DDiLFbZd0/experiment-work/lazy [0] to /tmp/tmp.6DDiLFbZd0/experiment-work/libmany.so [0]: normal symbol `probe_1400'
   1934503:	binding file /tmp/tmp.6DDiLFbZd0/experiment-work/lazy [0] to /tmp/tmp.6DDiLFbZd0/experiment-work/libmany.so [0]: normal symbol `probe_1401'
   1934503:	binding file /tmp/tmp.6DDiLFbZd0/experiment-work/lazy [0] to /tmp/tmp.6DDiLFbZd0/experiment-work/libmany.so [0]: normal symbol `probe_1402'
   1934503:	binding file /tmp/tmp.6DDiLFbZd0/experiment-work/lazy [0] to /tmp/tmp.6DDiLFbZd0/experiment-work/libmany.so [0]: normal symbol `probe_1403'
   1934503:	binding file /tmp/tmp.6DDiLFbZd0/experiment-work/lazy [0] to /tmp/tmp.6DDiLFbZd0/experiment-work/libmany.so [0]: normal symbol `probe_1404'
   1934503:	binding file /tmp/tmp.6DDiLFbZd0/experiment-work/lazy [0] to /tmp/tmp.6DDiLFbZd0/experiment-work/libmany.so [0]: normal symbol `probe_1405'
   1934503:	binding file /tmp/tmp.6DDiLFbZd0/experiment-work/lazy [0] to /tmp/tmp.6DDiLFbZd0/experiment-work/libmany.so [0]: normal symbol `probe_1406'
   1934503:	binding file /tmp/tmp.6DDiLFbZd0/experiment-work/lazy [0] to /tmp/tmp.6DDiLFbZd0/experiment-work/libmany.so [0]: normal symbol `probe_1407'
   1934503:	binding file /tmp/tmp.6DDiLFbZd0/experiment-work/lazy [0] to /tmp/tmp.6DDiLFbZd0/experiment-work/libmany.so [0]: normal symbol `probe_1408'
   1934503:	binding file /tmp/tmp.6DDiLFbZd0/experiment-work/lazy [0] to /tmp/tmp.6DDiLFbZd0/experiment-work/libmany.so [0]: normal symbol `probe_1409'
   1934503:	binding file /tmp/tmp.6DDiLFbZd0/experiment-work/lazy [0] to /tmp/tmp.6DDiLFbZd0/experiment-work/libmany.so [0]: normal symbol `probe_1410'
   1934503:	binding file /tmp/tmp.6DDiLFbZd0/experiment-work/lazy [0] to /tmp/tmp.6DDiLFbZd0/experiment-work/libmany.so [0]: normal symbol `probe_1411'
   1934503:	binding file /tmp/tmp.6DDiLFbZd0/experiment-work/lazy [0] to /tmp/tmp.6DDiLFbZd0/experiment-work/libmany.so [0]: normal symbol `probe_1412'
   1934503:	binding file /tmp/tmp.6DDiLFbZd0/experiment-work/lazy [0] to /tmp/tmp.6DDiLFbZd0/experiment-work/libmany.so [0]: normal symbol `probe_1413'
   1934503:	binding file /tmp/tmp.6DDiLFbZd0/experiment-work/lazy [0] to /tmp/tmp.6DDiLFbZd0/experiment-work/libmany.so [0]: normal symbol `probe_1414'
   1934503:	binding file /tmp/tmp.6DDiLFbZd0/experiment-work/lazy [0] to /tmp/tmp.6DDiLFbZd0/experiment-work/libmany.so [0]: normal symbol `probe_1415'
   1934503:	binding file /tmp/tmp.6DDiLFbZd0/experiment-work/lazy [0] to /tmp/tmp.6DDiLFbZd0/experiment-work/libmany.so [0]: normal symbol `probe_1416'
   1934503:	binding file /tmp/tmp.6DDiLFbZd0/experiment-work/lazy [0] to /tmp/tmp.6DDiLFbZd0/experiment-work/libmany.so [0]: normal symbol `probe_1417'
   1934503:	binding file /tmp/tmp.6DDiLFbZd0/experiment-work/lazy [0] to /tmp/tmp.6DDiLFbZd0/experiment-work/libmany.so [0]: normal symbol `probe_1418'
   1934503:	binding file /tmp/tmp.6DDiLFbZd0/experiment-work/lazy [0] to /tmp/tmp.6DDiLFbZd0/experiment-work/libmany.so [0]: normal symbol `probe_1419'
   1934503:	binding file /tmp/tmp.6DDiLFbZd0/experiment-work/lazy [0] to /tmp/tmp.6DDiLFbZd0/experiment-work/libmany.so [0]: normal symbol `probe_1420'
   1934503:	binding file /tmp/tmp.6DDiLFbZd0/experiment-work/lazy [0] to /tmp/tmp.6DDiLFbZd0/experiment-work/libmany.so [0]: normal symbol `probe_1421'
   1934503:	binding file /tmp/tmp.6DDiLFbZd0/experiment-work/lazy [0] to /tmp/tmp.6DDiLFbZd0/experiment-work/libmany.so [0]: normal symbol `probe_1422'
   1934503:	binding file /tmp/tmp.6DDiLFbZd0/experiment-work/lazy [0] to /tmp/tmp.6DDiLFbZd0/experiment-work/libmany.so [0]: normal symbol `probe_1423'
   1934503:	binding file /tmp/tmp.6DDiLFbZd0/experiment-work/lazy [0] to /tmp/tmp.6DDiLFbZd0/experiment-work/libmany.so [0]: normal symbol `probe_1424'
   1934503:	binding file /tmp/tmp.6DDiLFbZd0/experiment-work/lazy [0] to /tmp/tmp.6DDiLFbZd0/experiment-work/libmany.so [0]: normal symbol `probe_1425'
   1934503:	binding file /tmp/tmp.6DDiLFbZd0/experiment-work/lazy [0] to /tmp/tmp.6DDiLFbZd0/experiment-work/libmany.so [0]: normal symbol `probe_1426'
   1934503:	binding file /tmp/tmp.6DDiLFbZd0/experiment-work/lazy [0] to /tmp/tmp.6DDiLFbZd0/experiment-work/libmany.so [0]: normal symbol `probe_1427'
   1934503:	binding file /tmp/tmp.6DDiLFbZd0/experiment-work/lazy [0] to /tmp/tmp.6DDiLFbZd0/experiment-work/libmany.so [0]: normal symbol `probe_1428'
   1934503:	binding file /tmp/tmp.6DDiLFbZd0/experiment-work/lazy [0] to /tmp/tmp.6DDiLFbZd0/experiment-work/libmany.so [0]: normal symbol `probe_1429'
   1934503:	binding file /tmp/tmp.6DDiLFbZd0/experiment-work/lazy [0] to /tmp/tmp.6DDiLFbZd0/experiment-work/libmany.so [0]: normal symbol `probe_1430'
   1934503:	binding file /tmp/tmp.6DDiLFbZd0/experiment-work/lazy [0] to /tmp/tmp.6DDiLFbZd0/experiment-work/libmany.so [0]: normal symbol `probe_1431'
   1934503:	binding file /tmp/tmp.6DDiLFbZd0/experiment-work/lazy [0] to /tmp/tmp.6DDiLFbZd0/experiment-work/libmany.so [0]: normal symbol `probe_1432'
   1934503:	binding file /tmp/tmp.6DDiLFbZd0/experiment-work/lazy [0] to /tmp/tmp.6DDiLFbZd0/experiment-work/libmany.so [0]: normal symbol `probe_1433'
   1934503:	binding file /tmp/tmp.6DDiLFbZd0/experiment-work/lazy [0] to /tmp/tmp.6DDiLFbZd0/experiment-work/libmany.so [0]: normal symbol `probe_1434'
   1934503:	binding file /tmp/tmp.6DDiLFbZd0/experiment-work/lazy [0] to /tmp/tmp.6DDiLFbZd0/experiment-work/libmany.so [0]: normal symbol `probe_1435'
   1934503:	binding file /tmp/tmp.6DDiLFbZd0/experiment-work/lazy [0] to /tmp/tmp.6DDiLFbZd0/experiment-work/libmany.so [0]: normal symbol `probe_1436'
   1934503:	binding file /tmp/tmp.6DDiLFbZd0/experiment-work/lazy [0] to /tmp/tmp.6DDiLFbZd0/experiment-work/libmany.so [0]: normal symbol `probe_1437'
   1934503:	binding file /tmp/tmp.6DDiLFbZd0/experiment-work/lazy [0] to /tmp/tmp.6DDiLFbZd0/experiment-work/libmany.so [0]: normal symbol `probe_1438'
   1934503:	binding file /tmp/tmp.6DDiLFbZd0/experiment-work/lazy [0] to /tmp/tmp.6DDiLFbZd0/experiment-work/libmany.so [0]: normal symbol `probe_1439'
   1934503:	binding file /tmp/tmp.6DDiLFbZd0/experiment-work/lazy [0] to /tmp/tmp.6DDiLFbZd0/experiment-work/libmany.so [0]: normal symbol `probe_1440'
   1934503:	binding file /tmp/tmp.6DDiLFbZd0/experiment-work/lazy [0] to /tmp/tmp.6DDiLFbZd0/experiment-work/libmany.so [0]: normal symbol `probe_1441'
   1934503:	binding file /tmp/tmp.6DDiLFbZd0/experiment-work/lazy [0] to /tmp/tmp.6DDiLFbZd0/experiment-work/libmany.so [0]: normal symbol `probe_1442'
   1934503:	binding file /tmp/tmp.6DDiLFbZd0/experiment-work/lazy [0] to /tmp/tmp.6DDiLFbZd0/experiment-work/libmany.so [0]: normal symbol `probe_1443'
   1934503:	binding file /tmp/tmp.6DDiLFbZd0/experiment-work/lazy [0] to /tmp/tmp.6DDiLFbZd0/experiment-work/libmany.so [0]: normal symbol `probe_1444'
   1934503:	binding file /tmp/tmp.6DDiLFbZd0/experiment-work/lazy [0] to /tmp/tmp.6DDiLFbZd0/experiment-work/libmany.so [0]: normal symbol `probe_1445'
   1934503:	binding file /tmp/tmp.6DDiLFbZd0/experiment-work/lazy [0] to /tmp/tmp.6DDiLFbZd0/experiment-work/libmany.so [0]: normal symbol `probe_1446'
   1934503:	binding file /tmp/tmp.6DDiLFbZd0/experiment-work/lazy [0] to /tmp/tmp.6DDiLFbZd0/experiment-work/libmany.so [0]: normal symbol `probe_1447'
   1934503:	binding file /tmp/tmp.6DDiLFbZd0/experiment-work/lazy [0] to /tmp/tmp.6DDiLFbZd0/experiment-work/libmany.so [0]: normal symbol `probe_1448'
   1934503:	binding file /tmp/tmp.6DDiLFbZd0/experiment-work/lazy [0] to /tmp/tmp.6DDiLFbZd0/experiment-work/libmany.so [0]: normal symbol `probe_1449'
   1934503:	binding file /tmp/tmp.6DDiLFbZd0/experiment-work/lazy [0] to /tmp/tmp.6DDiLFbZd0/experiment-work/libmany.so [0]: normal symbol `probe_1450'
   1934503:	binding file /tmp/tmp.6DDiLFbZd0/experiment-work/lazy [0] to /tmp/tmp.6DDiLFbZd0/experiment-work/libmany.so [0]: normal symbol `probe_1451'
   1934503:	binding file /tmp/tmp.6DDiLFbZd0/experiment-work/lazy [0] to /tmp/tmp.6DDiLFbZd0/experiment-work/libmany.so [0]: normal symbol `probe_1452'
   1934503:	binding file /tmp/tmp.6DDiLFbZd0/experiment-work/lazy [0] to /tmp/tmp.6DDiLFbZd0/experiment-work/libmany.so [0]: normal symbol `probe_1453'
   1934503:	binding file /tmp/tmp.6DDiLFbZd0/experiment-work/lazy [0] to /tmp/tmp.6DDiLFbZd0/experiment-work/libmany.so [0]: normal symbol `probe_1454'
   1934503:	binding file /tmp/tmp.6DDiLFbZd0/experiment-work/lazy [0] to /tmp/tmp.6DDiLFbZd0/experiment-work/libmany.so [0]: normal symbol `probe_1455'
   1934503:	binding file /tmp/tmp.6DDiLFbZd0/experiment-work/lazy [0] to /tmp/tmp.6DDiLFbZd0/experiment-work/libmany.so [0]: normal symbol `probe_1456'
   1934503:	binding file /tmp/tmp.6DDiLFbZd0/experiment-work/lazy [0] to /tmp/tmp.6DDiLFbZd0/experiment-work/libmany.so [0]: normal symbol `probe_1457'
   1934503:	binding file /tmp/tmp.6DDiLFbZd0/experiment-work/lazy [0] to /tmp/tmp.6DDiLFbZd0/experiment-work/libmany.so [0]: normal symbol `probe_1458'
   1934503:	binding file /tmp/tmp.6DDiLFbZd0/experiment-work/lazy [0] to /tmp/tmp.6DDiLFbZd0/experiment-work/libmany.so [0]: normal symbol `probe_1459'
   1934503:	binding file /tmp/tmp.6DDiLFbZd0/experiment-work/lazy [0] to /tmp/tmp.6DDiLFbZd0/experiment-work/libmany.so [0]: normal symbol `probe_1460'
   1934503:	binding file /tmp/tmp.6DDiLFbZd0/experiment-work/lazy [0] to /tmp/tmp.6DDiLFbZd0/experiment-work/libmany.so [0]: normal symbol `probe_1461'
   1934503:	binding file /tmp/tmp.6DDiLFbZd0/experiment-work/lazy [0] to /tmp/tmp.6DDiLFbZd0/experiment-work/libmany.so [0]: normal symbol `probe_1462'
   1934503:	binding file /tmp/tmp.6DDiLFbZd0/experiment-work/lazy [0] to /tmp/tmp.6DDiLFbZd0/experiment-work/libmany.so [0]: normal symbol `probe_1463'
   1934503:	binding file /tmp/tmp.6DDiLFbZd0/experiment-work/lazy [0] to /tmp/tmp.6DDiLFbZd0/experiment-work/libmany.so [0]: normal symbol `probe_1464'
   1934503:	binding file /tmp/tmp.6DDiLFbZd0/experiment-work/lazy [0] to /tmp/tmp.6DDiLFbZd0/experiment-work/libmany.so [0]: normal symbol `probe_1465'
   1934503:	binding file /tmp/tmp.6DDiLFbZd0/experiment-work/lazy [0] to /tmp/tmp.6DDiLFbZd0/experiment-work/libmany.so [0]: normal symbol `probe_1466'
   1934503:	binding file /tmp/tmp.6DDiLFbZd0/experiment-work/lazy [0] to /tmp/tmp.6DDiLFbZd0/experiment-work/libmany.so [0]: normal symbol `probe_1467'
   1934503:	binding file /tmp/tmp.6DDiLFbZd0/experiment-work/lazy [0] to /tmp/tmp.6DDiLFbZd0/experiment-work/libmany.so [0]: normal symbol `probe_1468'
   1934503:	binding file /tmp/tmp.6DDiLFbZd0/experiment-work/lazy [0] to /tmp/tmp.6DDiLFbZd0/experiment-work/libmany.so [0]: normal symbol `probe_1469'
   1934503:	binding file /tmp/tmp.6DDiLFbZd0/experiment-work/lazy [0] to /tmp/tmp.6DDiLFbZd0/experiment-work/libmany.so [0]: normal symbol `probe_1470'
   1934503:	binding file /tmp/tmp.6DDiLFbZd0/experiment-work/lazy [0] to /tmp/tmp.6DDiLFbZd0/experiment-work/libmany.so [0]: normal symbol `probe_1471'
   1934503:	binding file /tmp/tmp.6DDiLFbZd0/experiment-work/lazy [0] to /tmp/tmp.6DDiLFbZd0/experiment-work/libmany.so [0]: normal symbol `probe_1472'
   1934503:	binding file /tmp/tmp.6DDiLFbZd0/experiment-work/lazy [0] to /tmp/tmp.6DDiLFbZd0/experiment-work/libmany.so [0]: normal symbol `probe_1473'
   1934503:	binding file /tmp/tmp.6DDiLFbZd0/experiment-work/lazy [0] to /tmp/tmp.6DDiLFbZd0/experiment-work/libmany.so [0]: normal symbol `probe_1474'
   1934503:	binding file /tmp/tmp.6DDiLFbZd0/experiment-work/lazy [0] to /tmp/tmp.6DDiLFbZd0/experiment-work/libmany.so [0]: normal symbol `probe_1475'
   1934503:	binding file /tmp/tmp.6DDiLFbZd0/experiment-work/lazy [0] to /tmp/tmp.6DDiLFbZd0/experiment-work/libmany.so [0]: normal symbol `probe_1476'
   1934503:	binding file /tmp/tmp.6DDiLFbZd0/experiment-work/lazy [0] to /tmp/tmp.6DDiLFbZd0/experiment-work/libmany.so [0]: normal symbol `probe_1477'
   1934503:	binding file /tmp/tmp.6DDiLFbZd0/experiment-work/lazy [0] to /tmp/tmp.6DDiLFbZd0/experiment-work/libmany.so [0]: normal symbol `probe_1478'
   1934503:	binding file /tmp/tmp.6DDiLFbZd0/experiment-work/lazy [0] to /tmp/tmp.6DDiLFbZd0/experiment-work/libmany.so [0]: normal symbol `probe_1479'
   1934503:	binding file /tmp/tmp.6DDiLFbZd0/experiment-work/lazy [0] to /tmp/tmp.6DDiLFbZd0/experiment-work/libmany.so [0]: normal symbol `probe_1480'
   1934503:	binding file /tmp/tmp.6DDiLFbZd0/experiment-work/lazy [0] to /tmp/tmp.6DDiLFbZd0/experiment-work/libmany.so [0]: normal symbol `probe_1481'
   1934503:	binding file /tmp/tmp.6DDiLFbZd0/experiment-work/lazy [0] to /tmp/tmp.6DDiLFbZd0/experiment-work/libmany.so [0]: normal symbol `probe_1482'
   1934503:	binding file /tmp/tmp.6DDiLFbZd0/experiment-work/lazy [0] to /tmp/tmp.6DDiLFbZd0/experiment-work/libmany.so [0]: normal symbol `probe_1483'
   1934503:	binding file /tmp/tmp.6DDiLFbZd0/experiment-work/lazy [0] to /tmp/tmp.6DDiLFbZd0/experiment-work/libmany.so [0]: normal symbol `probe_1484'
   1934503:	binding file /tmp/tmp.6DDiLFbZd0/experiment-work/lazy [0] to /tmp/tmp.6DDiLFbZd0/experiment-work/libmany.so [0]: normal symbol `probe_1485'
   1934503:	binding file /tmp/tmp.6DDiLFbZd0/experiment-work/lazy [0] to /tmp/tmp.6DDiLFbZd0/experiment-work/libmany.so [0]: normal symbol `probe_1486'
   1934503:	binding file /tmp/tmp.6DDiLFbZd0/experiment-work/lazy [0] to /tmp/tmp.6DDiLFbZd0/experiment-work/libmany.so [0]: normal symbol `probe_1487'
   1934503:	binding file /tmp/tmp.6DDiLFbZd0/experiment-work/lazy [0] to /tmp/tmp.6DDiLFbZd0/experiment-work/libmany.so [0]: normal symbol `probe_1488'
   1934503:	binding file /tmp/tmp.6DDiLFbZd0/experiment-work/lazy [0] to /tmp/tmp.6DDiLFbZd0/experiment-work/libmany.so [0]: normal symbol `probe_1489'
   1934503:	binding file /tmp/tmp.6DDiLFbZd0/experiment-work/lazy [0] to /tmp/tmp.6DDiLFbZd0/experiment-work/libmany.so [0]: normal symbol `probe_1490'
   1934503:	binding file /tmp/tmp.6DDiLFbZd0/experiment-work/lazy [0] to /tmp/tmp.6DDiLFbZd0/experiment-work/libmany.so [0]: normal symbol `probe_1491'
   1934503:	binding file /tmp/tmp.6DDiLFbZd0/experiment-work/lazy [0] to /tmp/tmp.6DDiLFbZd0/experiment-work/libmany.so [0]: normal symbol `probe_1492'
   1934503:	binding file /tmp/tmp.6DDiLFbZd0/experiment-work/lazy [0] to /tmp/tmp.6DDiLFbZd0/experiment-work/libmany.so [0]: normal symbol `probe_1493'
   1934503:	binding file /tmp/tmp.6DDiLFbZd0/experiment-work/lazy [0] to /tmp/tmp.6DDiLFbZd0/experiment-work/libmany.so [0]: normal symbol `probe_1494'
   1934503:	binding file /tmp/tmp.6DDiLFbZd0/experiment-work/lazy [0] to /tmp/tmp.6DDiLFbZd0/experiment-work/libmany.so [0]: normal symbol `probe_1495'
   1934503:	binding file /tmp/tmp.6DDiLFbZd0/experiment-work/lazy [0] to /tmp/tmp.6DDiLFbZd0/experiment-work/libmany.so [0]: normal symbol `probe_1496'
   1934503:	binding file /tmp/tmp.6DDiLFbZd0/experiment-work/lazy [0] to /tmp/tmp.6DDiLFbZd0/experiment-work/libmany.so [0]: normal symbol `probe_1497'
   1934503:	binding file /tmp/tmp.6DDiLFbZd0/experiment-work/lazy [0] to /tmp/tmp.6DDiLFbZd0/experiment-work/libmany.so [0]: normal symbol `probe_1498'
   1934503:	binding file /tmp/tmp.6DDiLFbZd0/experiment-work/lazy [0] to /tmp/tmp.6DDiLFbZd0/experiment-work/libmany.so [0]: normal symbol `probe_1499'
   1934503:	binding file /tmp/tmp.6DDiLFbZd0/experiment-work/lazy [0] to /tmp/tmp.6DDiLFbZd0/experiment-work/libmany.so [0]: normal symbol `probe_1500'
   1934503:	binding file /tmp/tmp.6DDiLFbZd0/experiment-work/lazy [0] to /tmp/tmp.6DDiLFbZd0/experiment-work/libmany.so [0]: normal symbol `probe_1501'
   1934503:	binding file /tmp/tmp.6DDiLFbZd0/experiment-work/lazy [0] to /tmp/tmp.6DDiLFbZd0/experiment-work/libmany.so [0]: normal symbol `probe_1502'
   1934503:	binding file /tmp/tmp.6DDiLFbZd0/experiment-work/lazy [0] to /tmp/tmp.6DDiLFbZd0/experiment-work/libmany.so [0]: normal symbol `probe_1503'
   1934503:	binding file /tmp/tmp.6DDiLFbZd0/experiment-work/lazy [0] to /tmp/tmp.6DDiLFbZd0/experiment-work/libmany.so [0]: normal symbol `probe_1504'
   1934503:	binding file /tmp/tmp.6DDiLFbZd0/experiment-work/lazy [0] to /tmp/tmp.6DDiLFbZd0/experiment-work/libmany.so [0]: normal symbol `probe_1505'
   1934503:	binding file /tmp/tmp.6DDiLFbZd0/experiment-work/lazy [0] to /tmp/tmp.6DDiLFbZd0/experiment-work/libmany.so [0]: normal symbol `probe_1506'
   1934503:	binding file /tmp/tmp.6DDiLFbZd0/experiment-work/lazy [0] to /tmp/tmp.6DDiLFbZd0/experiment-work/libmany.so [0]: normal symbol `probe_1507'
   1934503:	binding file /tmp/tmp.6DDiLFbZd0/experiment-work/lazy [0] to /tmp/tmp.6DDiLFbZd0/experiment-work/libmany.so [0]: normal symbol `probe_1508'
   1934503:	binding file /tmp/tmp.6DDiLFbZd0/experiment-work/lazy [0] to /tmp/tmp.6DDiLFbZd0/experiment-work/libmany.so [0]: normal symbol `probe_1509'
   1934503:	binding file /tmp/tmp.6DDiLFbZd0/experiment-work/lazy [0] to /tmp/tmp.6DDiLFbZd0/experiment-work/libmany.so [0]: normal symbol `probe_1510'
   1934503:	binding file /tmp/tmp.6DDiLFbZd0/experiment-work/lazy [0] to /tmp/tmp.6DDiLFbZd0/experiment-work/libmany.so [0]: normal symbol `probe_1511'
   1934503:	binding file /tmp/tmp.6DDiLFbZd0/experiment-work/lazy [0] to /tmp/tmp.6DDiLFbZd0/experiment-work/libmany.so [0]: normal symbol `probe_1512'
   1934503:	binding file /tmp/tmp.6DDiLFbZd0/experiment-work/lazy [0] to /tmp/tmp.6DDiLFbZd0/experiment-work/libmany.so [0]: normal symbol `probe_1513'
   1934503:	binding file /tmp/tmp.6DDiLFbZd0/experiment-work/lazy [0] to /tmp/tmp.6DDiLFbZd0/experiment-work/libmany.so [0]: normal symbol `probe_1514'
   1934503:	binding file /tmp/tmp.6DDiLFbZd0/experiment-work/lazy [0] to /tmp/tmp.6DDiLFbZd0/experiment-work/libmany.so [0]: normal symbol `probe_1515'
   1934503:	binding file /tmp/tmp.6DDiLFbZd0/experiment-work/lazy [0] to /tmp/tmp.6DDiLFbZd0/experiment-work/libmany.so [0]: normal symbol `probe_1516'
   1934503:	binding file /tmp/tmp.6DDiLFbZd0/experiment-work/lazy [0] to /tmp/tmp.6DDiLFbZd0/experiment-work/libmany.so [0]: normal symbol `probe_1517'
   1934503:	binding file /tmp/tmp.6DDiLFbZd0/experiment-work/lazy [0] to /tmp/tmp.6DDiLFbZd0/experiment-work/libmany.so [0]: normal symbol `probe_1518'
   1934503:	binding file /tmp/tmp.6DDiLFbZd0/experiment-work/lazy [0] to /tmp/tmp.6DDiLFbZd0/experiment-work/libmany.so [0]: normal symbol `probe_1519'
   1934503:	binding file /tmp/tmp.6DDiLFbZd0/experiment-work/lazy [0] to /tmp/tmp.6DDiLFbZd0/experiment-work/libmany.so [0]: normal symbol `probe_1520'
   1934503:	binding file /tmp/tmp.6DDiLFbZd0/experiment-work/lazy [0] to /tmp/tmp.6DDiLFbZd0/experiment-work/libmany.so [0]: normal symbol `probe_1521'
   1934503:	binding file /tmp/tmp.6DDiLFbZd0/experiment-work/lazy [0] to /tmp/tmp.6DDiLFbZd0/experiment-work/libmany.so [0]: normal symbol `probe_1522'
   1934503:	binding file /tmp/tmp.6DDiLFbZd0/experiment-work/lazy [0] to /tmp/tmp.6DDiLFbZd0/experiment-work/libmany.so [0]: normal symbol `probe_1523'
   1934503:	binding file /tmp/tmp.6DDiLFbZd0/experiment-work/lazy [0] to /tmp/tmp.6DDiLFbZd0/experiment-work/libmany.so [0]: normal symbol `probe_1524'
   1934503:	binding file /tmp/tmp.6DDiLFbZd0/experiment-work/lazy [0] to /tmp/tmp.6DDiLFbZd0/experiment-work/libmany.so [0]: normal symbol `probe_1525'
   1934503:	binding file /tmp/tmp.6DDiLFbZd0/experiment-work/lazy [0] to /tmp/tmp.6DDiLFbZd0/experiment-work/libmany.so [0]: normal symbol `probe_1526'
   1934503:	binding file /tmp/tmp.6DDiLFbZd0/experiment-work/lazy [0] to /tmp/tmp.6DDiLFbZd0/experiment-work/libmany.so [0]: normal symbol `probe_1527'
   1934503:	binding file /tmp/tmp.6DDiLFbZd0/experiment-work/lazy [0] to /tmp/tmp.6DDiLFbZd0/experiment-work/libmany.so [0]: normal symbol `probe_1528'
   1934503:	binding file /tmp/tmp.6DDiLFbZd0/experiment-work/lazy [0] to /tmp/tmp.6DDiLFbZd0/experiment-work/libmany.so [0]: normal symbol `probe_1529'
   1934503:	binding file /tmp/tmp.6DDiLFbZd0/experiment-work/lazy [0] to /tmp/tmp.6DDiLFbZd0/experiment-work/libmany.so [0]: normal symbol `probe_1530'
   1934503:	binding file /tmp/tmp.6DDiLFbZd0/experiment-work/lazy [0] to /tmp/tmp.6DDiLFbZd0/experiment-work/libmany.so [0]: normal symbol `probe_1531'
   1934503:	binding file /tmp/tmp.6DDiLFbZd0/experiment-work/lazy [0] to /tmp/tmp.6DDiLFbZd0/experiment-work/libmany.so [0]: normal symbol `probe_1532'
   1934503:	binding file /tmp/tmp.6DDiLFbZd0/experiment-work/lazy [0] to /tmp/tmp.6DDiLFbZd0/experiment-work/libmany.so [0]: normal symbol `probe_1533'
   1934503:	binding file /tmp/tmp.6DDiLFbZd0/experiment-work/lazy [0] to /tmp/tmp.6DDiLFbZd0/experiment-work/libmany.so [0]: normal symbol `probe_1534'
   1934503:	binding file /tmp/tmp.6DDiLFbZd0/experiment-work/lazy [0] to /tmp/tmp.6DDiLFbZd0/experiment-work/libmany.so [0]: normal symbol `probe_1535'
   1934503:	binding file /tmp/tmp.6DDiLFbZd0/experiment-work/lazy [0] to /tmp/tmp.6DDiLFbZd0/experiment-work/libmany.so [0]: normal symbol `probe_1536'
   1934503:	binding file /tmp/tmp.6DDiLFbZd0/experiment-work/lazy [0] to /tmp/tmp.6DDiLFbZd0/experiment-work/libmany.so [0]: normal symbol `probe_1537'
   1934503:	binding file /tmp/tmp.6DDiLFbZd0/experiment-work/lazy [0] to /tmp/tmp.6DDiLFbZd0/experiment-work/libmany.so [0]: normal symbol `probe_1538'
   1934503:	binding file /tmp/tmp.6DDiLFbZd0/experiment-work/lazy [0] to /tmp/tmp.6DDiLFbZd0/experiment-work/libmany.so [0]: normal symbol `probe_1539'
   1934503:	binding file /tmp/tmp.6DDiLFbZd0/experiment-work/lazy [0] to /tmp/tmp.6DDiLFbZd0/experiment-work/libmany.so [0]: normal symbol `probe_1540'
   1934503:	binding file /tmp/tmp.6DDiLFbZd0/experiment-work/lazy [0] to /tmp/tmp.6DDiLFbZd0/experiment-work/libmany.so [0]: normal symbol `probe_1541'
   1934503:	binding file /tmp/tmp.6DDiLFbZd0/experiment-work/lazy [0] to /tmp/tmp.6DDiLFbZd0/experiment-work/libmany.so [0]: normal symbol `probe_1542'
   1934503:	binding file /tmp/tmp.6DDiLFbZd0/experiment-work/lazy [0] to /tmp/tmp.6DDiLFbZd0/experiment-work/libmany.so [0]: normal symbol `probe_1543'
   1934503:	binding file /tmp/tmp.6DDiLFbZd0/experiment-work/lazy [0] to /tmp/tmp.6DDiLFbZd0/experiment-work/libmany.so [0]: normal symbol `probe_1544'
   1934503:	binding file /tmp/tmp.6DDiLFbZd0/experiment-work/lazy [0] to /tmp/tmp.6DDiLFbZd0/experiment-work/libmany.so [0]: normal symbol `probe_1545'
   1934503:	binding file /tmp/tmp.6DDiLFbZd0/experiment-work/lazy [0] to /tmp/tmp.6DDiLFbZd0/experiment-work/libmany.so [0]: normal symbol `probe_1546'
   1934503:	binding file /tmp/tmp.6DDiLFbZd0/experiment-work/lazy [0] to /tmp/tmp.6DDiLFbZd0/experiment-work/libmany.so [0]: normal symbol `probe_1547'
   1934503:	binding file /tmp/tmp.6DDiLFbZd0/experiment-work/lazy [0] to /tmp/tmp.6DDiLFbZd0/experiment-work/libmany.so [0]: normal symbol `probe_1548'
   1934503:	binding file /tmp/tmp.6DDiLFbZd0/experiment-work/lazy [0] to /tmp/tmp.6DDiLFbZd0/experiment-work/libmany.so [0]: normal symbol `probe_1549'
   1934503:	binding file /tmp/tmp.6DDiLFbZd0/experiment-work/lazy [0] to /tmp/tmp.6DDiLFbZd0/experiment-work/libmany.so [0]: normal symbol `probe_1550'
   1934503:	binding file /tmp/tmp.6DDiLFbZd0/experiment-work/lazy [0] to /tmp/tmp.6DDiLFbZd0/experiment-work/libmany.so [0]: normal symbol `probe_1551'
   1934503:	binding file /tmp/tmp.6DDiLFbZd0/experiment-work/lazy [0] to /tmp/tmp.6DDiLFbZd0/experiment-work/libmany.so [0]: normal symbol `probe_1552'
   1934503:	binding file /tmp/tmp.6DDiLFbZd0/experiment-work/lazy [0] to /tmp/tmp.6DDiLFbZd0/experiment-work/libmany.so [0]: normal symbol `probe_1553'
   1934503:	binding file /tmp/tmp.6DDiLFbZd0/experiment-work/lazy [0] to /tmp/tmp.6DDiLFbZd0/experiment-work/libmany.so [0]: normal symbol `probe_1554'
   1934503:	binding file /tmp/tmp.6DDiLFbZd0/experiment-work/lazy [0] to /tmp/tmp.6DDiLFbZd0/experiment-work/libmany.so [0]: normal symbol `probe_1555'
   1934503:	binding file /tmp/tmp.6DDiLFbZd0/experiment-work/lazy [0] to /tmp/tmp.6DDiLFbZd0/experiment-work/libmany.so [0]: normal symbol `probe_1556'
   1934503:	binding file /tmp/tmp.6DDiLFbZd0/experiment-work/lazy [0] to /tmp/tmp.6DDiLFbZd0/experiment-work/libmany.so [0]: normal symbol `probe_1557'
   1934503:	binding file /tmp/tmp.6DDiLFbZd0/experiment-work/lazy [0] to /tmp/tmp.6DDiLFbZd0/experiment-work/libmany.so [0]: normal symbol `probe_1558'
   1934503:	binding file /tmp/tmp.6DDiLFbZd0/experiment-work/lazy [0] to /tmp/tmp.6DDiLFbZd0/experiment-work/libmany.so [0]: normal symbol `probe_1559'
   1934503:	binding file /tmp/tmp.6DDiLFbZd0/experiment-work/lazy [0] to /tmp/tmp.6DDiLFbZd0/experiment-work/libmany.so [0]: normal symbol `probe_1560'
   1934503:	binding file /tmp/tmp.6DDiLFbZd0/experiment-work/lazy [0] to /tmp/tmp.6DDiLFbZd0/experiment-work/libmany.so [0]: normal symbol `probe_1561'
   1934503:	binding file /tmp/tmp.6DDiLFbZd0/experiment-work/lazy [0] to /tmp/tmp.6DDiLFbZd0/experiment-work/libmany.so [0]: normal symbol `probe_1562'
   1934503:	binding file /tmp/tmp.6DDiLFbZd0/experiment-work/lazy [0] to /tmp/tmp.6DDiLFbZd0/experiment-work/libmany.so [0]: normal symbol `probe_1563'
   1934503:	binding file /tmp/tmp.6DDiLFbZd0/experiment-work/lazy [0] to /tmp/tmp.6DDiLFbZd0/experiment-work/libmany.so [0]: normal symbol `probe_1564'
   1934503:	binding file /tmp/tmp.6DDiLFbZd0/experiment-work/lazy [0] to /tmp/tmp.6DDiLFbZd0/experiment-work/libmany.so [0]: normal symbol `probe_1565'
   1934503:	binding file /tmp/tmp.6DDiLFbZd0/experiment-work/lazy [0] to /tmp/tmp.6DDiLFbZd0/experiment-work/libmany.so [0]: normal symbol `probe_1566'
   1934503:	binding file /tmp/tmp.6DDiLFbZd0/experiment-work/lazy [0] to /tmp/tmp.6DDiLFbZd0/experiment-work/libmany.so [0]: normal symbol `probe_1567'
   1934503:	binding file /tmp/tmp.6DDiLFbZd0/experiment-work/lazy [0] to /tmp/tmp.6DDiLFbZd0/experiment-work/libmany.so [0]: normal symbol `probe_1568'
   1934503:	binding file /tmp/tmp.6DDiLFbZd0/experiment-work/lazy [0] to /tmp/tmp.6DDiLFbZd0/experiment-work/libmany.so [0]: normal symbol `probe_1569'
   1934503:	binding file /tmp/tmp.6DDiLFbZd0/experiment-work/lazy [0] to /tmp/tmp.6DDiLFbZd0/experiment-work/libmany.so [0]: normal symbol `probe_1570'
   1934503:	binding file /tmp/tmp.6DDiLFbZd0/experiment-work/lazy [0] to /tmp/tmp.6DDiLFbZd0/experiment-work/libmany.so [0]: normal symbol `probe_1571'
   1934503:	binding file /tmp/tmp.6DDiLFbZd0/experiment-work/lazy [0] to /tmp/tmp.6DDiLFbZd0/experiment-work/libmany.so [0]: normal symbol `probe_1572'
   1934503:	binding file /tmp/tmp.6DDiLFbZd0/experiment-work/lazy [0] to /tmp/tmp.6DDiLFbZd0/experiment-work/libmany.so [0]: normal symbol `probe_1573'
   1934503:	binding file /tmp/tmp.6DDiLFbZd0/experiment-work/lazy [0] to /tmp/tmp.6DDiLFbZd0/experiment-work/libmany.so [0]: normal symbol `probe_1574'
   1934503:	binding file /tmp/tmp.6DDiLFbZd0/experiment-work/lazy [0] to /tmp/tmp.6DDiLFbZd0/experiment-work/libmany.so [0]: normal symbol `probe_1575'
   1934503:	binding file /tmp/tmp.6DDiLFbZd0/experiment-work/lazy [0] to /tmp/tmp.6DDiLFbZd0/experiment-work/libmany.so [0]: normal symbol `probe_1576'
   1934503:	binding file /tmp/tmp.6DDiLFbZd0/experiment-work/lazy [0] to /tmp/tmp.6DDiLFbZd0/experiment-work/libmany.so [0]: normal symbol `probe_1577'
   1934503:	binding file /tmp/tmp.6DDiLFbZd0/experiment-work/lazy [0] to /tmp/tmp.6DDiLFbZd0/experiment-work/libmany.so [0]: normal symbol `probe_1578'
   1934503:	binding file /tmp/tmp.6DDiLFbZd0/experiment-work/lazy [0] to /tmp/tmp.6DDiLFbZd0/experiment-work/libmany.so [0]: normal symbol `probe_1579'
   1934503:	binding file /tmp/tmp.6DDiLFbZd0/experiment-work/lazy [0] to /tmp/tmp.6DDiLFbZd0/experiment-work/libmany.so [0]: normal symbol `probe_1580'
   1934503:	binding file /tmp/tmp.6DDiLFbZd0/experiment-work/lazy [0] to /tmp/tmp.6DDiLFbZd0/experiment-work/libmany.so [0]: normal symbol `probe_1581'
   1934503:	binding file /tmp/tmp.6DDiLFbZd0/experiment-work/lazy [0] to /tmp/tmp.6DDiLFbZd0/experiment-work/libmany.so [0]: normal symbol `probe_1582'
   1934503:	binding file /tmp/tmp.6DDiLFbZd0/experiment-work/lazy [0] to /tmp/tmp.6DDiLFbZd0/experiment-work/libmany.so [0]: normal symbol `probe_1583'
   1934503:	binding file /tmp/tmp.6DDiLFbZd0/experiment-work/lazy [0] to /tmp/tmp.6DDiLFbZd0/experiment-work/libmany.so [0]: normal symbol `probe_1584'
   1934503:	binding file /tmp/tmp.6DDiLFbZd0/experiment-work/lazy [0] to /tmp/tmp.6DDiLFbZd0/experiment-work/libmany.so [0]: normal symbol `probe_1585'
   1934503:	binding file /tmp/tmp.6DDiLFbZd0/experiment-work/lazy [0] to /tmp/tmp.6DDiLFbZd0/experiment-work/libmany.so [0]: normal symbol `probe_1586'
   1934503:	binding file /tmp/tmp.6DDiLFbZd0/experiment-work/lazy [0] to /tmp/tmp.6DDiLFbZd0/experiment-work/libmany.so [0]: normal symbol `probe_1587'
   1934503:	binding file /tmp/tmp.6DDiLFbZd0/experiment-work/lazy [0] to /tmp/tmp.6DDiLFbZd0/experiment-work/libmany.so [0]: normal symbol `probe_1588'
   1934503:	binding file /tmp/tmp.6DDiLFbZd0/experiment-work/lazy [0] to /tmp/tmp.6DDiLFbZd0/experiment-work/libmany.so [0]: normal symbol `probe_1589'
   1934503:	binding file /tmp/tmp.6DDiLFbZd0/experiment-work/lazy [0] to /tmp/tmp.6DDiLFbZd0/experiment-work/libmany.so [0]: normal symbol `probe_1590'
   1934503:	binding file /tmp/tmp.6DDiLFbZd0/experiment-work/lazy [0] to /tmp/tmp.6DDiLFbZd0/experiment-work/libmany.so [0]: normal symbol `probe_1591'
   1934503:	binding file /tmp/tmp.6DDiLFbZd0/experiment-work/lazy [0] to /tmp/tmp.6DDiLFbZd0/experiment-work/libmany.so [0]: normal symbol `probe_1592'
   1934503:	binding file /tmp/tmp.6DDiLFbZd0/experiment-work/lazy [0] to /tmp/tmp.6DDiLFbZd0/experiment-work/libmany.so [0]: normal symbol `probe_1593'
   1934503:	binding file /tmp/tmp.6DDiLFbZd0/experiment-work/lazy [0] to /tmp/tmp.6DDiLFbZd0/experiment-work/libmany.so [0]: normal symbol `probe_1594'
   1934503:	binding file /tmp/tmp.6DDiLFbZd0/experiment-work/lazy [0] to /tmp/tmp.6DDiLFbZd0/experiment-work/libmany.so [0]: normal symbol `probe_1595'
   1934503:	binding file /tmp/tmp.6DDiLFbZd0/experiment-work/lazy [0] to /tmp/tmp.6DDiLFbZd0/experiment-work/libmany.so [0]: normal symbol `probe_1596'
   1934503:	binding file /tmp/tmp.6DDiLFbZd0/experiment-work/lazy [0] to /tmp/tmp.6DDiLFbZd0/experiment-work/libmany.so [0]: normal symbol `probe_1597'
   1934503:	binding file /tmp/tmp.6DDiLFbZd0/experiment-work/lazy [0] to /tmp/tmp.6DDiLFbZd0/experiment-work/libmany.so [0]: normal symbol `probe_1598'
   1934503:	binding file /tmp/tmp.6DDiLFbZd0/experiment-work/lazy [0] to /tmp/tmp.6DDiLFbZd0/experiment-work/libmany.so [0]: normal symbol `probe_1599'
   1934503:	binding file /tmp/tmp.6DDiLFbZd0/experiment-work/lazy [0] to /tmp/tmp.6DDiLFbZd0/experiment-work/libmany.so [0]: normal symbol `probe_1600'
   1934503:	binding file /tmp/tmp.6DDiLFbZd0/experiment-work/lazy [0] to /tmp/tmp.6DDiLFbZd0/experiment-work/libmany.so [0]: normal symbol `probe_1601'
   1934503:	binding file /tmp/tmp.6DDiLFbZd0/experiment-work/lazy [0] to /tmp/tmp.6DDiLFbZd0/experiment-work/libmany.so [0]: normal symbol `probe_1602'
   1934503:	binding file /tmp/tmp.6DDiLFbZd0/experiment-work/lazy [0] to /tmp/tmp.6DDiLFbZd0/experiment-work/libmany.so [0]: normal symbol `probe_1603'
   1934503:	binding file /tmp/tmp.6DDiLFbZd0/experiment-work/lazy [0] to /tmp/tmp.6DDiLFbZd0/experiment-work/libmany.so [0]: normal symbol `probe_1604'
   1934503:	binding file /tmp/tmp.6DDiLFbZd0/experiment-work/lazy [0] to /tmp/tmp.6DDiLFbZd0/experiment-work/libmany.so [0]: normal symbol `probe_1605'
   1934503:	binding file /tmp/tmp.6DDiLFbZd0/experiment-work/lazy [0] to /tmp/tmp.6DDiLFbZd0/experiment-work/libmany.so [0]: normal symbol `probe_1606'
   1934503:	binding file /tmp/tmp.6DDiLFbZd0/experiment-work/lazy [0] to /tmp/tmp.6DDiLFbZd0/experiment-work/libmany.so [0]: normal symbol `probe_1607'
   1934503:	binding file /tmp/tmp.6DDiLFbZd0/experiment-work/lazy [0] to /tmp/tmp.6DDiLFbZd0/experiment-work/libmany.so [0]: normal symbol `probe_1608'
   1934503:	binding file /tmp/tmp.6DDiLFbZd0/experiment-work/lazy [0] to /tmp/tmp.6DDiLFbZd0/experiment-work/libmany.so [0]: normal symbol `probe_1609'
   1934503:	binding file /tmp/tmp.6DDiLFbZd0/experiment-work/lazy [0] to /tmp/tmp.6DDiLFbZd0/experiment-work/libmany.so [0]: normal symbol `probe_1610'
   1934503:	binding file /tmp/tmp.6DDiLFbZd0/experiment-work/lazy [0] to /tmp/tmp.6DDiLFbZd0/experiment-work/libmany.so [0]: normal symbol `probe_1611'
   1934503:	binding file /tmp/tmp.6DDiLFbZd0/experiment-work/lazy [0] to /tmp/tmp.6DDiLFbZd0/experiment-work/libmany.so [0]: normal symbol `probe_1612'
   1934503:	binding file /tmp/tmp.6DDiLFbZd0/experiment-work/lazy [0] to /tmp/tmp.6DDiLFbZd0/experiment-work/libmany.so [0]: normal symbol `probe_1613'
   1934503:	binding file /tmp/tmp.6DDiLFbZd0/experiment-work/lazy [0] to /tmp/tmp.6DDiLFbZd0/experiment-work/libmany.so [0]: normal symbol `probe_1614'
   1934503:	binding file /tmp/tmp.6DDiLFbZd0/experiment-work/lazy [0] to /tmp/tmp.6DDiLFbZd0/experiment-work/libmany.so [0]: normal symbol `probe_1615'
   1934503:	binding file /tmp/tmp.6DDiLFbZd0/experiment-work/lazy [0] to /tmp/tmp.6DDiLFbZd0/experiment-work/libmany.so [0]: normal symbol `probe_1616'
   1934503:	binding file /tmp/tmp.6DDiLFbZd0/experiment-work/lazy [0] to /tmp/tmp.6DDiLFbZd0/experiment-work/libmany.so [0]: normal symbol `probe_1617'
   1934503:	binding file /tmp/tmp.6DDiLFbZd0/experiment-work/lazy [0] to /tmp/tmp.6DDiLFbZd0/experiment-work/libmany.so [0]: normal symbol `probe_1618'
   1934503:	binding file /tmp/tmp.6DDiLFbZd0/experiment-work/lazy [0] to /tmp/tmp.6DDiLFbZd0/experiment-work/libmany.so [0]: normal symbol `probe_1619'
   1934503:	binding file /tmp/tmp.6DDiLFbZd0/experiment-work/lazy [0] to /tmp/tmp.6DDiLFbZd0/experiment-work/libmany.so [0]: normal symbol `probe_1620'
   1934503:	binding file /tmp/tmp.6DDiLFbZd0/experiment-work/lazy [0] to /tmp/tmp.6DDiLFbZd0/experiment-work/libmany.so [0]: normal symbol `probe_1621'
   1934503:	binding file /tmp/tmp.6DDiLFbZd0/experiment-work/lazy [0] to /tmp/tmp.6DDiLFbZd0/experiment-work/libmany.so [0]: normal symbol `probe_1622'
   1934503:	binding file /tmp/tmp.6DDiLFbZd0/experiment-work/lazy [0] to /tmp/tmp.6DDiLFbZd0/experiment-work/libmany.so [0]: normal symbol `probe_1623'
   1934503:	binding file /tmp/tmp.6DDiLFbZd0/experiment-work/lazy [0] to /tmp/tmp.6DDiLFbZd0/experiment-work/libmany.so [0]: normal symbol `probe_1624'
   1934503:	binding file /tmp/tmp.6DDiLFbZd0/experiment-work/lazy [0] to /tmp/tmp.6DDiLFbZd0/experiment-work/libmany.so [0]: normal symbol `probe_1625'
   1934503:	binding file /tmp/tmp.6DDiLFbZd0/experiment-work/lazy [0] to /tmp/tmp.6DDiLFbZd0/experiment-work/libmany.so [0]: normal symbol `probe_1626'
   1934503:	binding file /tmp/tmp.6DDiLFbZd0/experiment-work/lazy [0] to /tmp/tmp.6DDiLFbZd0/experiment-work/libmany.so [0]: normal symbol `probe_1627'
   1934503:	binding file /tmp/tmp.6DDiLFbZd0/experiment-work/lazy [0] to /tmp/tmp.6DDiLFbZd0/experiment-work/libmany.so [0]: normal symbol `probe_1628'
   1934503:	binding file /tmp/tmp.6DDiLFbZd0/experiment-work/lazy [0] to /tmp/tmp.6DDiLFbZd0/experiment-work/libmany.so [0]: normal symbol `probe_1629'
   1934503:	binding file /tmp/tmp.6DDiLFbZd0/experiment-work/lazy [0] to /tmp/tmp.6DDiLFbZd0/experiment-work/libmany.so [0]: normal symbol `probe_1630'
   1934503:	binding file /tmp/tmp.6DDiLFbZd0/experiment-work/lazy [0] to /tmp/tmp.6DDiLFbZd0/experiment-work/libmany.so [0]: normal symbol `probe_1631'
   1934503:	binding file /tmp/tmp.6DDiLFbZd0/experiment-work/lazy [0] to /tmp/tmp.6DDiLFbZd0/experiment-work/libmany.so [0]: normal symbol `probe_1632'
   1934503:	binding file /tmp/tmp.6DDiLFbZd0/experiment-work/lazy [0] to /tmp/tmp.6DDiLFbZd0/experiment-work/libmany.so [0]: normal symbol `probe_1633'
   1934503:	binding file /tmp/tmp.6DDiLFbZd0/experiment-work/lazy [0] to /tmp/tmp.6DDiLFbZd0/experiment-work/libmany.so [0]: normal symbol `probe_1634'
   1934503:	binding file /tmp/tmp.6DDiLFbZd0/experiment-work/lazy [0] to /tmp/tmp.6DDiLFbZd0/experiment-work/libmany.so [0]: normal symbol `probe_1635'
   1934503:	binding file /tmp/tmp.6DDiLFbZd0/experiment-work/lazy [0] to /tmp/tmp.6DDiLFbZd0/experiment-work/libmany.so [0]: normal symbol `probe_1636'
   1934503:	binding file /tmp/tmp.6DDiLFbZd0/experiment-work/lazy [0] to /tmp/tmp.6DDiLFbZd0/experiment-work/libmany.so [0]: normal symbol `probe_1637'
   1934503:	binding file /tmp/tmp.6DDiLFbZd0/experiment-work/lazy [0] to /tmp/tmp.6DDiLFbZd0/experiment-work/libmany.so [0]: normal symbol `probe_1638'
   1934503:	binding file /tmp/tmp.6DDiLFbZd0/experiment-work/lazy [0] to /tmp/tmp.6DDiLFbZd0/experiment-work/libmany.so [0]: normal symbol `probe_1639'
   1934503:	binding file /tmp/tmp.6DDiLFbZd0/experiment-work/lazy [0] to /tmp/tmp.6DDiLFbZd0/experiment-work/libmany.so [0]: normal symbol `probe_1640'
   1934503:	binding file /tmp/tmp.6DDiLFbZd0/experiment-work/lazy [0] to /tmp/tmp.6DDiLFbZd0/experiment-work/libmany.so [0]: normal symbol `probe_1641'
   1934503:	binding file /tmp/tmp.6DDiLFbZd0/experiment-work/lazy [0] to /tmp/tmp.6DDiLFbZd0/experiment-work/libmany.so [0]: normal symbol `probe_1642'
   1934503:	binding file /tmp/tmp.6DDiLFbZd0/experiment-work/lazy [0] to /tmp/tmp.6DDiLFbZd0/experiment-work/libmany.so [0]: normal symbol `probe_1643'
   1934503:	binding file /tmp/tmp.6DDiLFbZd0/experiment-work/lazy [0] to /tmp/tmp.6DDiLFbZd0/experiment-work/libmany.so [0]: normal symbol `probe_1644'
   1934503:	binding file /tmp/tmp.6DDiLFbZd0/experiment-work/lazy [0] to /tmp/tmp.6DDiLFbZd0/experiment-work/libmany.so [0]: normal symbol `probe_1645'
   1934503:	binding file /tmp/tmp.6DDiLFbZd0/experiment-work/lazy [0] to /tmp/tmp.6DDiLFbZd0/experiment-work/libmany.so [0]: normal symbol `probe_1646'
   1934503:	binding file /tmp/tmp.6DDiLFbZd0/experiment-work/lazy [0] to /tmp/tmp.6DDiLFbZd0/experiment-work/libmany.so [0]: normal symbol `probe_1647'
   1934503:	binding file /tmp/tmp.6DDiLFbZd0/experiment-work/lazy [0] to /tmp/tmp.6DDiLFbZd0/experiment-work/libmany.so [0]: normal symbol `probe_1648'
   1934503:	binding file /tmp/tmp.6DDiLFbZd0/experiment-work/lazy [0] to /tmp/tmp.6DDiLFbZd0/experiment-work/libmany.so [0]: normal symbol `probe_1649'
   1934503:	binding file /tmp/tmp.6DDiLFbZd0/experiment-work/lazy [0] to /tmp/tmp.6DDiLFbZd0/experiment-work/libmany.so [0]: normal symbol `probe_1650'
   1934503:	binding file /tmp/tmp.6DDiLFbZd0/experiment-work/lazy [0] to /tmp/tmp.6DDiLFbZd0/experiment-work/libmany.so [0]: normal symbol `probe_1651'
   1934503:	binding file /tmp/tmp.6DDiLFbZd0/experiment-work/lazy [0] to /tmp/tmp.6DDiLFbZd0/experiment-work/libmany.so [0]: normal symbol `probe_1652'
   1934503:	binding file /tmp/tmp.6DDiLFbZd0/experiment-work/lazy [0] to /tmp/tmp.6DDiLFbZd0/experiment-work/libmany.so [0]: normal symbol `probe_1653'
   1934503:	binding file /tmp/tmp.6DDiLFbZd0/experiment-work/lazy [0] to /tmp/tmp.6DDiLFbZd0/experiment-work/libmany.so [0]: normal symbol `probe_1654'
   1934503:	binding file /tmp/tmp.6DDiLFbZd0/experiment-work/lazy [0] to /tmp/tmp.6DDiLFbZd0/experiment-work/libmany.so [0]: normal symbol `probe_1655'
   1934503:	binding file /tmp/tmp.6DDiLFbZd0/experiment-work/lazy [0] to /tmp/tmp.6DDiLFbZd0/experiment-work/libmany.so [0]: normal symbol `probe_1656'
   1934503:	binding file /tmp/tmp.6DDiLFbZd0/experiment-work/lazy [0] to /tmp/tmp.6DDiLFbZd0/experiment-work/libmany.so [0]: normal symbol `probe_1657'
   1934503:	binding file /tmp/tmp.6DDiLFbZd0/experiment-work/lazy [0] to /tmp/tmp.6DDiLFbZd0/experiment-work/libmany.so [0]: normal symbol `probe_1658'
   1934503:	binding file /tmp/tmp.6DDiLFbZd0/experiment-work/lazy [0] to /tmp/tmp.6DDiLFbZd0/experiment-work/libmany.so [0]: normal symbol `probe_1659'
   1934503:	binding file /tmp/tmp.6DDiLFbZd0/experiment-work/lazy [0] to /tmp/tmp.6DDiLFbZd0/experiment-work/libmany.so [0]: normal symbol `probe_1660'
   1934503:	binding file /tmp/tmp.6DDiLFbZd0/experiment-work/lazy [0] to /tmp/tmp.6DDiLFbZd0/experiment-work/libmany.so [0]: normal symbol `probe_1661'
   1934503:	binding file /tmp/tmp.6DDiLFbZd0/experiment-work/lazy [0] to /tmp/tmp.6DDiLFbZd0/experiment-work/libmany.so [0]: normal symbol `probe_1662'
   1934503:	binding file /tmp/tmp.6DDiLFbZd0/experiment-work/lazy [0] to /tmp/tmp.6DDiLFbZd0/experiment-work/libmany.so [0]: normal symbol `probe_1663'
   1934503:	binding file /tmp/tmp.6DDiLFbZd0/experiment-work/lazy [0] to /tmp/tmp.6DDiLFbZd0/experiment-work/libmany.so [0]: normal symbol `probe_1664'
   1934503:	binding file /tmp/tmp.6DDiLFbZd0/experiment-work/lazy [0] to /tmp/tmp.6DDiLFbZd0/experiment-work/libmany.so [0]: normal symbol `probe_1665'
   1934503:	binding file /tmp/tmp.6DDiLFbZd0/experiment-work/lazy [0] to /tmp/tmp.6DDiLFbZd0/experiment-work/libmany.so [0]: normal symbol `probe_1666'
   1934503:	binding file /tmp/tmp.6DDiLFbZd0/experiment-work/lazy [0] to /tmp/tmp.6DDiLFbZd0/experiment-work/libmany.so [0]: normal symbol `probe_1667'
   1934503:	binding file /tmp/tmp.6DDiLFbZd0/experiment-work/lazy [0] to /tmp/tmp.6DDiLFbZd0/experiment-work/libmany.so [0]: normal symbol `probe_1668'
   1934503:	binding file /tmp/tmp.6DDiLFbZd0/experiment-work/lazy [0] to /tmp/tmp.6DDiLFbZd0/experiment-work/libmany.so [0]: normal symbol `probe_1669'
   1934503:	binding file /tmp/tmp.6DDiLFbZd0/experiment-work/lazy [0] to /tmp/tmp.6DDiLFbZd0/experiment-work/libmany.so [0]: normal symbol `probe_1670'
   1934503:	binding file /tmp/tmp.6DDiLFbZd0/experiment-work/lazy [0] to /tmp/tmp.6DDiLFbZd0/experiment-work/libmany.so [0]: normal symbol `probe_1671'
   1934503:	binding file /tmp/tmp.6DDiLFbZd0/experiment-work/lazy [0] to /tmp/tmp.6DDiLFbZd0/experiment-work/libmany.so [0]: normal symbol `probe_1672'
   1934503:	binding file /tmp/tmp.6DDiLFbZd0/experiment-work/lazy [0] to /tmp/tmp.6DDiLFbZd0/experiment-work/libmany.so [0]: normal symbol `probe_1673'
   1934503:	binding file /tmp/tmp.6DDiLFbZd0/experiment-work/lazy [0] to /tmp/tmp.6DDiLFbZd0/experiment-work/libmany.so [0]: normal symbol `probe_1674'
   1934503:	binding file /tmp/tmp.6DDiLFbZd0/experiment-work/lazy [0] to /tmp/tmp.6DDiLFbZd0/experiment-work/libmany.so [0]: normal symbol `probe_1675'
   1934503:	binding file /tmp/tmp.6DDiLFbZd0/experiment-work/lazy [0] to /tmp/tmp.6DDiLFbZd0/experiment-work/libmany.so [0]: normal symbol `probe_1676'
   1934503:	binding file /tmp/tmp.6DDiLFbZd0/experiment-work/lazy [0] to /tmp/tmp.6DDiLFbZd0/experiment-work/libmany.so [0]: normal symbol `probe_1677'
   1934503:	binding file /tmp/tmp.6DDiLFbZd0/experiment-work/lazy [0] to /tmp/tmp.6DDiLFbZd0/experiment-work/libmany.so [0]: normal symbol `probe_1678'
   1934503:	binding file /tmp/tmp.6DDiLFbZd0/experiment-work/lazy [0] to /tmp/tmp.6DDiLFbZd0/experiment-work/libmany.so [0]: normal symbol `probe_1679'
   1934503:	binding file /tmp/tmp.6DDiLFbZd0/experiment-work/lazy [0] to /tmp/tmp.6DDiLFbZd0/experiment-work/libmany.so [0]: normal symbol `probe_1680'
   1934503:	binding file /tmp/tmp.6DDiLFbZd0/experiment-work/lazy [0] to /tmp/tmp.6DDiLFbZd0/experiment-work/libmany.so [0]: normal symbol `probe_1681'
   1934503:	binding file /tmp/tmp.6DDiLFbZd0/experiment-work/lazy [0] to /tmp/tmp.6DDiLFbZd0/experiment-work/libmany.so [0]: normal symbol `probe_1682'
   1934503:	binding file /tmp/tmp.6DDiLFbZd0/experiment-work/lazy [0] to /tmp/tmp.6DDiLFbZd0/experiment-work/libmany.so [0]: normal symbol `probe_1683'
   1934503:	binding file /tmp/tmp.6DDiLFbZd0/experiment-work/lazy [0] to /tmp/tmp.6DDiLFbZd0/experiment-work/libmany.so [0]: normal symbol `probe_1684'
   1934503:	binding file /tmp/tmp.6DDiLFbZd0/experiment-work/lazy [0] to /tmp/tmp.6DDiLFbZd0/experiment-work/libmany.so [0]: normal symbol `probe_1685'
   1934503:	binding file /tmp/tmp.6DDiLFbZd0/experiment-work/lazy [0] to /tmp/tmp.6DDiLFbZd0/experiment-work/libmany.so [0]: normal symbol `probe_1686'
   1934503:	binding file /tmp/tmp.6DDiLFbZd0/experiment-work/lazy [0] to /tmp/tmp.6DDiLFbZd0/experiment-work/libmany.so [0]: normal symbol `probe_1687'
   1934503:	binding file /tmp/tmp.6DDiLFbZd0/experiment-work/lazy [0] to /tmp/tmp.6DDiLFbZd0/experiment-work/libmany.so [0]: normal symbol `probe_1688'
   1934503:	binding file /tmp/tmp.6DDiLFbZd0/experiment-work/lazy [0] to /tmp/tmp.6DDiLFbZd0/experiment-work/libmany.so [0]: normal symbol `probe_1689'
   1934503:	binding file /tmp/tmp.6DDiLFbZd0/experiment-work/lazy [0] to /tmp/tmp.6DDiLFbZd0/experiment-work/libmany.so [0]: normal symbol `probe_1690'
   1934503:	binding file /tmp/tmp.6DDiLFbZd0/experiment-work/lazy [0] to /tmp/tmp.6DDiLFbZd0/experiment-work/libmany.so [0]: normal symbol `probe_1691'
   1934503:	binding file /tmp/tmp.6DDiLFbZd0/experiment-work/lazy [0] to /tmp/tmp.6DDiLFbZd0/experiment-work/libmany.so [0]: normal symbol `probe_1692'
   1934503:	binding file /tmp/tmp.6DDiLFbZd0/experiment-work/lazy [0] to /tmp/tmp.6DDiLFbZd0/experiment-work/libmany.so [0]: normal symbol `probe_1693'
   1934503:	binding file /tmp/tmp.6DDiLFbZd0/experiment-work/lazy [0] to /tmp/tmp.6DDiLFbZd0/experiment-work/libmany.so [0]: normal symbol `probe_1694'
   1934503:	binding file /tmp/tmp.6DDiLFbZd0/experiment-work/lazy [0] to /tmp/tmp.6DDiLFbZd0/experiment-work/libmany.so [0]: normal symbol `probe_1695'
   1934503:	binding file /tmp/tmp.6DDiLFbZd0/experiment-work/lazy [0] to /tmp/tmp.6DDiLFbZd0/experiment-work/libmany.so [0]: normal symbol `probe_1696'
   1934503:	binding file /tmp/tmp.6DDiLFbZd0/experiment-work/lazy [0] to /tmp/tmp.6DDiLFbZd0/experiment-work/libmany.so [0]: normal symbol `probe_1697'
   1934503:	binding file /tmp/tmp.6DDiLFbZd0/experiment-work/lazy [0] to /tmp/tmp.6DDiLFbZd0/experiment-work/libmany.so [0]: normal symbol `probe_1698'
   1934503:	binding file /tmp/tmp.6DDiLFbZd0/experiment-work/lazy [0] to /tmp/tmp.6DDiLFbZd0/experiment-work/libmany.so [0]: normal symbol `probe_1699'
   1934503:	binding file /tmp/tmp.6DDiLFbZd0/experiment-work/lazy [0] to /tmp/tmp.6DDiLFbZd0/experiment-work/libmany.so [0]: normal symbol `probe_1700'
   1934503:	binding file /tmp/tmp.6DDiLFbZd0/experiment-work/lazy [0] to /tmp/tmp.6DDiLFbZd0/experiment-work/libmany.so [0]: normal symbol `probe_1701'
   1934503:	binding file /tmp/tmp.6DDiLFbZd0/experiment-work/lazy [0] to /tmp/tmp.6DDiLFbZd0/experiment-work/libmany.so [0]: normal symbol `probe_1702'
   1934503:	binding file /tmp/tmp.6DDiLFbZd0/experiment-work/lazy [0] to /tmp/tmp.6DDiLFbZd0/experiment-work/libmany.so [0]: normal symbol `probe_1703'
   1934503:	binding file /tmp/tmp.6DDiLFbZd0/experiment-work/lazy [0] to /tmp/tmp.6DDiLFbZd0/experiment-work/libmany.so [0]: normal symbol `probe_1704'
   1934503:	binding file /tmp/tmp.6DDiLFbZd0/experiment-work/lazy [0] to /tmp/tmp.6DDiLFbZd0/experiment-work/libmany.so [0]: normal symbol `probe_1705'
   1934503:	binding file /tmp/tmp.6DDiLFbZd0/experiment-work/lazy [0] to /tmp/tmp.6DDiLFbZd0/experiment-work/libmany.so [0]: normal symbol `probe_1706'
   1934503:	binding file /tmp/tmp.6DDiLFbZd0/experiment-work/lazy [0] to /tmp/tmp.6DDiLFbZd0/experiment-work/libmany.so [0]: normal symbol `probe_1707'
   1934503:	binding file /tmp/tmp.6DDiLFbZd0/experiment-work/lazy [0] to /tmp/tmp.6DDiLFbZd0/experiment-work/libmany.so [0]: normal symbol `probe_1708'
   1934503:	binding file /tmp/tmp.6DDiLFbZd0/experiment-work/lazy [0] to /tmp/tmp.6DDiLFbZd0/experiment-work/libmany.so [0]: normal symbol `probe_1709'
   1934503:	binding file /tmp/tmp.6DDiLFbZd0/experiment-work/lazy [0] to /tmp/tmp.6DDiLFbZd0/experiment-work/libmany.so [0]: normal symbol `probe_1710'
   1934503:	binding file /tmp/tmp.6DDiLFbZd0/experiment-work/lazy [0] to /tmp/tmp.6DDiLFbZd0/experiment-work/libmany.so [0]: normal symbol `probe_1711'
   1934503:	binding file /tmp/tmp.6DDiLFbZd0/experiment-work/lazy [0] to /tmp/tmp.6DDiLFbZd0/experiment-work/libmany.so [0]: normal symbol `probe_1712'
   1934503:	binding file /tmp/tmp.6DDiLFbZd0/experiment-work/lazy [0] to /tmp/tmp.6DDiLFbZd0/experiment-work/libmany.so [0]: normal symbol `probe_1713'
   1934503:	binding file /tmp/tmp.6DDiLFbZd0/experiment-work/lazy [0] to /tmp/tmp.6DDiLFbZd0/experiment-work/libmany.so [0]: normal symbol `probe_1714'
   1934503:	binding file /tmp/tmp.6DDiLFbZd0/experiment-work/lazy [0] to /tmp/tmp.6DDiLFbZd0/experiment-work/libmany.so [0]: normal symbol `probe_1715'
   1934503:	binding file /tmp/tmp.6DDiLFbZd0/experiment-work/lazy [0] to /tmp/tmp.6DDiLFbZd0/experiment-work/libmany.so [0]: normal symbol `probe_1716'
   1934503:	binding file /tmp/tmp.6DDiLFbZd0/experiment-work/lazy [0] to /tmp/tmp.6DDiLFbZd0/experiment-work/libmany.so [0]: normal symbol `probe_1717'
   1934503:	binding file /tmp/tmp.6DDiLFbZd0/experiment-work/lazy [0] to /tmp/tmp.6DDiLFbZd0/experiment-work/libmany.so [0]: normal symbol `probe_1718'
   1934503:	binding file /tmp/tmp.6DDiLFbZd0/experiment-work/lazy [0] to /tmp/tmp.6DDiLFbZd0/experiment-work/libmany.so [0]: normal symbol `probe_1719'
   1934503:	binding file /tmp/tmp.6DDiLFbZd0/experiment-work/lazy [0] to /tmp/tmp.6DDiLFbZd0/experiment-work/libmany.so [0]: normal symbol `probe_1720'
   1934503:	binding file /tmp/tmp.6DDiLFbZd0/experiment-work/lazy [0] to /tmp/tmp.6DDiLFbZd0/experiment-work/libmany.so [0]: normal symbol `probe_1721'
   1934503:	binding file /tmp/tmp.6DDiLFbZd0/experiment-work/lazy [0] to /tmp/tmp.6DDiLFbZd0/experiment-work/libmany.so [0]: normal symbol `probe_1722'
   1934503:	binding file /tmp/tmp.6DDiLFbZd0/experiment-work/lazy [0] to /tmp/tmp.6DDiLFbZd0/experiment-work/libmany.so [0]: normal symbol `probe_1723'
   1934503:	binding file /tmp/tmp.6DDiLFbZd0/experiment-work/lazy [0] to /tmp/tmp.6DDiLFbZd0/experiment-work/libmany.so [0]: normal symbol `probe_1724'
   1934503:	binding file /tmp/tmp.6DDiLFbZd0/experiment-work/lazy [0] to /tmp/tmp.6DDiLFbZd0/experiment-work/libmany.so [0]: normal symbol `probe_1725'
   1934503:	binding file /tmp/tmp.6DDiLFbZd0/experiment-work/lazy [0] to /tmp/tmp.6DDiLFbZd0/experiment-work/libmany.so [0]: normal symbol `probe_1726'
   1934503:	binding file /tmp/tmp.6DDiLFbZd0/experiment-work/lazy [0] to /tmp/tmp.6DDiLFbZd0/experiment-work/libmany.so [0]: normal symbol `probe_1727'
   1934503:	binding file /tmp/tmp.6DDiLFbZd0/experiment-work/lazy [0] to /tmp/tmp.6DDiLFbZd0/experiment-work/libmany.so [0]: normal symbol `probe_1728'
   1934503:	binding file /tmp/tmp.6DDiLFbZd0/experiment-work/lazy [0] to /tmp/tmp.6DDiLFbZd0/experiment-work/libmany.so [0]: normal symbol `probe_1729'
   1934503:	binding file /tmp/tmp.6DDiLFbZd0/experiment-work/lazy [0] to /tmp/tmp.6DDiLFbZd0/experiment-work/libmany.so [0]: normal symbol `probe_1730'
   1934503:	binding file /tmp/tmp.6DDiLFbZd0/experiment-work/lazy [0] to /tmp/tmp.6DDiLFbZd0/experiment-work/libmany.so [0]: normal symbol `probe_1731'
   1934503:	binding file /tmp/tmp.6DDiLFbZd0/experiment-work/lazy [0] to /tmp/tmp.6DDiLFbZd0/experiment-work/libmany.so [0]: normal symbol `probe_1732'
   1934503:	binding file /tmp/tmp.6DDiLFbZd0/experiment-work/lazy [0] to /tmp/tmp.6DDiLFbZd0/experiment-work/libmany.so [0]: normal symbol `probe_1733'
   1934503:	binding file /tmp/tmp.6DDiLFbZd0/experiment-work/lazy [0] to /tmp/tmp.6DDiLFbZd0/experiment-work/libmany.so [0]: normal symbol `probe_1734'
   1934503:	binding file /tmp/tmp.6DDiLFbZd0/experiment-work/lazy [0] to /tmp/tmp.6DDiLFbZd0/experiment-work/libmany.so [0]: normal symbol `probe_1735'
   1934503:	binding file /tmp/tmp.6DDiLFbZd0/experiment-work/lazy [0] to /tmp/tmp.6DDiLFbZd0/experiment-work/libmany.so [0]: normal symbol `probe_1736'
   1934503:	binding file /tmp/tmp.6DDiLFbZd0/experiment-work/lazy [0] to /tmp/tmp.6DDiLFbZd0/experiment-work/libmany.so [0]: normal symbol `probe_1737'
   1934503:	binding file /tmp/tmp.6DDiLFbZd0/experiment-work/lazy [0] to /tmp/tmp.6DDiLFbZd0/experiment-work/libmany.so [0]: normal symbol `probe_1738'
   1934503:	binding file /tmp/tmp.6DDiLFbZd0/experiment-work/lazy [0] to /tmp/tmp.6DDiLFbZd0/experiment-work/libmany.so [0]: normal symbol `probe_1739'
   1934503:	binding file /tmp/tmp.6DDiLFbZd0/experiment-work/lazy [0] to /tmp/tmp.6DDiLFbZd0/experiment-work/libmany.so [0]: normal symbol `probe_1740'
   1934503:	binding file /tmp/tmp.6DDiLFbZd0/experiment-work/lazy [0] to /tmp/tmp.6DDiLFbZd0/experiment-work/libmany.so [0]: normal symbol `probe_1741'
   1934503:	binding file /tmp/tmp.6DDiLFbZd0/experiment-work/lazy [0] to /tmp/tmp.6DDiLFbZd0/experiment-work/libmany.so [0]: normal symbol `probe_1742'
   1934503:	binding file /tmp/tmp.6DDiLFbZd0/experiment-work/lazy [0] to /tmp/tmp.6DDiLFbZd0/experiment-work/libmany.so [0]: normal symbol `probe_1743'
   1934503:	binding file /tmp/tmp.6DDiLFbZd0/experiment-work/lazy [0] to /tmp/tmp.6DDiLFbZd0/experiment-work/libmany.so [0]: normal symbol `probe_1744'
   1934503:	binding file /tmp/tmp.6DDiLFbZd0/experiment-work/lazy [0] to /tmp/tmp.6DDiLFbZd0/experiment-work/libmany.so [0]: normal symbol `probe_1745'
   1934503:	binding file /tmp/tmp.6DDiLFbZd0/experiment-work/lazy [0] to /tmp/tmp.6DDiLFbZd0/experiment-work/libmany.so [0]: normal symbol `probe_1746'
   1934503:	binding file /tmp/tmp.6DDiLFbZd0/experiment-work/lazy [0] to /tmp/tmp.6DDiLFbZd0/experiment-work/libmany.so [0]: normal symbol `probe_1747'
   1934503:	binding file /tmp/tmp.6DDiLFbZd0/experiment-work/lazy [0] to /tmp/tmp.6DDiLFbZd0/experiment-work/libmany.so [0]: normal symbol `probe_1748'
   1934503:	binding file /tmp/tmp.6DDiLFbZd0/experiment-work/lazy [0] to /tmp/tmp.6DDiLFbZd0/experiment-work/libmany.so [0]: normal symbol `probe_1749'
   1934503:	binding file /tmp/tmp.6DDiLFbZd0/experiment-work/lazy [0] to /tmp/tmp.6DDiLFbZd0/experiment-work/libmany.so [0]: normal symbol `probe_1750'
   1934503:	binding file /tmp/tmp.6DDiLFbZd0/experiment-work/lazy [0] to /tmp/tmp.6DDiLFbZd0/experiment-work/libmany.so [0]: normal symbol `probe_1751'
   1934503:	binding file /tmp/tmp.6DDiLFbZd0/experiment-work/lazy [0] to /tmp/tmp.6DDiLFbZd0/experiment-work/libmany.so [0]: normal symbol `probe_1752'
   1934503:	binding file /tmp/tmp.6DDiLFbZd0/experiment-work/lazy [0] to /tmp/tmp.6DDiLFbZd0/experiment-work/libmany.so [0]: normal symbol `probe_1753'
   1934503:	binding file /tmp/tmp.6DDiLFbZd0/experiment-work/lazy [0] to /tmp/tmp.6DDiLFbZd0/experiment-work/libmany.so [0]: normal symbol `probe_1754'
   1934503:	binding file /tmp/tmp.6DDiLFbZd0/experiment-work/lazy [0] to /tmp/tmp.6DDiLFbZd0/experiment-work/libmany.so [0]: normal symbol `probe_1755'
   1934503:	binding file /tmp/tmp.6DDiLFbZd0/experiment-work/lazy [0] to /tmp/tmp.6DDiLFbZd0/experiment-work/libmany.so [0]: normal symbol `probe_1756'
   1934503:	binding file /tmp/tmp.6DDiLFbZd0/experiment-work/lazy [0] to /tmp/tmp.6DDiLFbZd0/experiment-work/libmany.so [0]: normal symbol `probe_1757'
   1934503:	binding file /tmp/tmp.6DDiLFbZd0/experiment-work/lazy [0] to /tmp/tmp.6DDiLFbZd0/experiment-work/libmany.so [0]: normal symbol `probe_1758'
   1934503:	binding file /tmp/tmp.6DDiLFbZd0/experiment-work/lazy [0] to /tmp/tmp.6DDiLFbZd0/experiment-work/libmany.so [0]: normal symbol `probe_1759'
   1934503:	binding file /tmp/tmp.6DDiLFbZd0/experiment-work/lazy [0] to /tmp/tmp.6DDiLFbZd0/experiment-work/libmany.so [0]: normal symbol `probe_1760'
   1934503:	binding file /tmp/tmp.6DDiLFbZd0/experiment-work/lazy [0] to /tmp/tmp.6DDiLFbZd0/experiment-work/libmany.so [0]: normal symbol `probe_1761'
   1934503:	binding file /tmp/tmp.6DDiLFbZd0/experiment-work/lazy [0] to /tmp/tmp.6DDiLFbZd0/experiment-work/libmany.so [0]: normal symbol `probe_1762'
   1934503:	binding file /tmp/tmp.6DDiLFbZd0/experiment-work/lazy [0] to /tmp/tmp.6DDiLFbZd0/experiment-work/libmany.so [0]: normal symbol `probe_1763'
   1934503:	binding file /tmp/tmp.6DDiLFbZd0/experiment-work/lazy [0] to /tmp/tmp.6DDiLFbZd0/experiment-work/libmany.so [0]: normal symbol `probe_1764'
   1934503:	binding file /tmp/tmp.6DDiLFbZd0/experiment-work/lazy [0] to /tmp/tmp.6DDiLFbZd0/experiment-work/libmany.so [0]: normal symbol `probe_1765'
   1934503:	binding file /tmp/tmp.6DDiLFbZd0/experiment-work/lazy [0] to /tmp/tmp.6DDiLFbZd0/experiment-work/libmany.so [0]: normal symbol `probe_1766'
   1934503:	binding file /tmp/tmp.6DDiLFbZd0/experiment-work/lazy [0] to /tmp/tmp.6DDiLFbZd0/experiment-work/libmany.so [0]: normal symbol `probe_1767'
   1934503:	binding file /tmp/tmp.6DDiLFbZd0/experiment-work/lazy [0] to /tmp/tmp.6DDiLFbZd0/experiment-work/libmany.so [0]: normal symbol `probe_1768'
   1934503:	binding file /tmp/tmp.6DDiLFbZd0/experiment-work/lazy [0] to /tmp/tmp.6DDiLFbZd0/experiment-work/libmany.so [0]: normal symbol `probe_1769'
   1934503:	binding file /tmp/tmp.6DDiLFbZd0/experiment-work/lazy [0] to /tmp/tmp.6DDiLFbZd0/experiment-work/libmany.so [0]: normal symbol `probe_1770'
   1934503:	binding file /tmp/tmp.6DDiLFbZd0/experiment-work/lazy [0] to /tmp/tmp.6DDiLFbZd0/experiment-work/libmany.so [0]: normal symbol `probe_1771'
   1934503:	binding file /tmp/tmp.6DDiLFbZd0/experiment-work/lazy [0] to /tmp/tmp.6DDiLFbZd0/experiment-work/libmany.so [0]: normal symbol `probe_1772'
   1934503:	binding file /tmp/tmp.6DDiLFbZd0/experiment-work/lazy [0] to /tmp/tmp.6DDiLFbZd0/experiment-work/libmany.so [0]: normal symbol `probe_1773'
   1934503:	binding file /tmp/tmp.6DDiLFbZd0/experiment-work/lazy [0] to /tmp/tmp.6DDiLFbZd0/experiment-work/libmany.so [0]: normal symbol `probe_1774'
   1934503:	binding file /tmp/tmp.6DDiLFbZd0/experiment-work/lazy [0] to /tmp/tmp.6DDiLFbZd0/experiment-work/libmany.so [0]: normal symbol `probe_1775'
   1934503:	binding file /tmp/tmp.6DDiLFbZd0/experiment-work/lazy [0] to /tmp/tmp.6DDiLFbZd0/experiment-work/libmany.so [0]: normal symbol `probe_1776'
   1934503:	binding file /tmp/tmp.6DDiLFbZd0/experiment-work/lazy [0] to /tmp/tmp.6DDiLFbZd0/experiment-work/libmany.so [0]: normal symbol `probe_1777'
   1934503:	binding file /tmp/tmp.6DDiLFbZd0/experiment-work/lazy [0] to /tmp/tmp.6DDiLFbZd0/experiment-work/libmany.so [0]: normal symbol `probe_1778'
   1934503:	binding file /tmp/tmp.6DDiLFbZd0/experiment-work/lazy [0] to /tmp/tmp.6DDiLFbZd0/experiment-work/libmany.so [0]: normal symbol `probe_1779'
   1934503:	binding file /tmp/tmp.6DDiLFbZd0/experiment-work/lazy [0] to /tmp/tmp.6DDiLFbZd0/experiment-work/libmany.so [0]: normal symbol `probe_1780'
   1934503:	binding file /tmp/tmp.6DDiLFbZd0/experiment-work/lazy [0] to /tmp/tmp.6DDiLFbZd0/experiment-work/libmany.so [0]: normal symbol `probe_1781'
   1934503:	binding file /tmp/tmp.6DDiLFbZd0/experiment-work/lazy [0] to /tmp/tmp.6DDiLFbZd0/experiment-work/libmany.so [0]: normal symbol `probe_1782'
   1934503:	binding file /tmp/tmp.6DDiLFbZd0/experiment-work/lazy [0] to /tmp/tmp.6DDiLFbZd0/experiment-work/libmany.so [0]: normal symbol `probe_1783'
   1934503:	binding file /tmp/tmp.6DDiLFbZd0/experiment-work/lazy [0] to /tmp/tmp.6DDiLFbZd0/experiment-work/libmany.so [0]: normal symbol `probe_1784'
   1934503:	binding file /tmp/tmp.6DDiLFbZd0/experiment-work/lazy [0] to /tmp/tmp.6DDiLFbZd0/experiment-work/libmany.so [0]: normal symbol `probe_1785'
   1934503:	binding file /tmp/tmp.6DDiLFbZd0/experiment-work/lazy [0] to /tmp/tmp.6DDiLFbZd0/experiment-work/libmany.so [0]: normal symbol `probe_1786'
   1934503:	binding file /tmp/tmp.6DDiLFbZd0/experiment-work/lazy [0] to /tmp/tmp.6DDiLFbZd0/experiment-work/libmany.so [0]: normal symbol `probe_1787'
   1934503:	binding file /tmp/tmp.6DDiLFbZd0/experiment-work/lazy [0] to /tmp/tmp.6DDiLFbZd0/experiment-work/libmany.so [0]: normal symbol `probe_1788'
   1934503:	binding file /tmp/tmp.6DDiLFbZd0/experiment-work/lazy [0] to /tmp/tmp.6DDiLFbZd0/experiment-work/libmany.so [0]: normal symbol `probe_1789'
   1934503:	binding file /tmp/tmp.6DDiLFbZd0/experiment-work/lazy [0] to /tmp/tmp.6DDiLFbZd0/experiment-work/libmany.so [0]: normal symbol `probe_1790'
   1934503:	binding file /tmp/tmp.6DDiLFbZd0/experiment-work/lazy [0] to /tmp/tmp.6DDiLFbZd0/experiment-work/libmany.so [0]: normal symbol `probe_1791'
   1934503:	binding file /tmp/tmp.6DDiLFbZd0/experiment-work/lazy [0] to /tmp/tmp.6DDiLFbZd0/experiment-work/libmany.so [0]: normal symbol `probe_1792'
   1934503:	binding file /tmp/tmp.6DDiLFbZd0/experiment-work/lazy [0] to /tmp/tmp.6DDiLFbZd0/experiment-work/libmany.so [0]: normal symbol `probe_1793'
   1934503:	binding file /tmp/tmp.6DDiLFbZd0/experiment-work/lazy [0] to /tmp/tmp.6DDiLFbZd0/experiment-work/libmany.so [0]: normal symbol `probe_1794'
   1934503:	binding file /tmp/tmp.6DDiLFbZd0/experiment-work/lazy [0] to /tmp/tmp.6DDiLFbZd0/experiment-work/libmany.so [0]: normal symbol `probe_1795'
   1934503:	binding file /tmp/tmp.6DDiLFbZd0/experiment-work/lazy [0] to /tmp/tmp.6DDiLFbZd0/experiment-work/libmany.so [0]: normal symbol `probe_1796'
   1934503:	binding file /tmp/tmp.6DDiLFbZd0/experiment-work/lazy [0] to /tmp/tmp.6DDiLFbZd0/experiment-work/libmany.so [0]: normal symbol `probe_1797'
   1934503:	binding file /tmp/tmp.6DDiLFbZd0/experiment-work/lazy [0] to /tmp/tmp.6DDiLFbZd0/experiment-work/libmany.so [0]: normal symbol `probe_1798'
   1934503:	binding file /tmp/tmp.6DDiLFbZd0/experiment-work/lazy [0] to /tmp/tmp.6DDiLFbZd0/experiment-work/libmany.so [0]: normal symbol `probe_1799'
   1934503:	binding file /tmp/tmp.6DDiLFbZd0/experiment-work/lazy [0] to /tmp/tmp.6DDiLFbZd0/experiment-work/libmany.so [0]: normal symbol `probe_1800'
   1934503:	binding file /tmp/tmp.6DDiLFbZd0/experiment-work/lazy [0] to /tmp/tmp.6DDiLFbZd0/experiment-work/libmany.so [0]: normal symbol `probe_1801'
   1934503:	binding file /tmp/tmp.6DDiLFbZd0/experiment-work/lazy [0] to /tmp/tmp.6DDiLFbZd0/experiment-work/libmany.so [0]: normal symbol `probe_1802'
   1934503:	binding file /tmp/tmp.6DDiLFbZd0/experiment-work/lazy [0] to /tmp/tmp.6DDiLFbZd0/experiment-work/libmany.so [0]: normal symbol `probe_1803'
   1934503:	binding file /tmp/tmp.6DDiLFbZd0/experiment-work/lazy [0] to /tmp/tmp.6DDiLFbZd0/experiment-work/libmany.so [0]: normal symbol `probe_1804'
   1934503:	binding file /tmp/tmp.6DDiLFbZd0/experiment-work/lazy [0] to /tmp/tmp.6DDiLFbZd0/experiment-work/libmany.so [0]: normal symbol `probe_1805'
   1934503:	binding file /tmp/tmp.6DDiLFbZd0/experiment-work/lazy [0] to /tmp/tmp.6DDiLFbZd0/experiment-work/libmany.so [0]: normal symbol `probe_1806'
   1934503:	binding file /tmp/tmp.6DDiLFbZd0/experiment-work/lazy [0] to /tmp/tmp.6DDiLFbZd0/experiment-work/libmany.so [0]: normal symbol `probe_1807'
   1934503:	binding file /tmp/tmp.6DDiLFbZd0/experiment-work/lazy [0] to /tmp/tmp.6DDiLFbZd0/experiment-work/libmany.so [0]: normal symbol `probe_1808'
   1934503:	binding file /tmp/tmp.6DDiLFbZd0/experiment-work/lazy [0] to /tmp/tmp.6DDiLFbZd0/experiment-work/libmany.so [0]: normal symbol `probe_1809'
   1934503:	binding file /tmp/tmp.6DDiLFbZd0/experiment-work/lazy [0] to /tmp/tmp.6DDiLFbZd0/experiment-work/libmany.so [0]: normal symbol `probe_1810'
   1934503:	binding file /tmp/tmp.6DDiLFbZd0/experiment-work/lazy [0] to /tmp/tmp.6DDiLFbZd0/experiment-work/libmany.so [0]: normal symbol `probe_1811'
   1934503:	binding file /tmp/tmp.6DDiLFbZd0/experiment-work/lazy [0] to /tmp/tmp.6DDiLFbZd0/experiment-work/libmany.so [0]: normal symbol `probe_1812'
   1934503:	binding file /tmp/tmp.6DDiLFbZd0/experiment-work/lazy [0] to /tmp/tmp.6DDiLFbZd0/experiment-work/libmany.so [0]: normal symbol `probe_1813'
   1934503:	binding file /tmp/tmp.6DDiLFbZd0/experiment-work/lazy [0] to /tmp/tmp.6DDiLFbZd0/experiment-work/libmany.so [0]: normal symbol `probe_1814'
   1934503:	binding file /tmp/tmp.6DDiLFbZd0/experiment-work/lazy [0] to /tmp/tmp.6DDiLFbZd0/experiment-work/libmany.so [0]: normal symbol `probe_1815'
   1934503:	binding file /tmp/tmp.6DDiLFbZd0/experiment-work/lazy [0] to /tmp/tmp.6DDiLFbZd0/experiment-work/libmany.so [0]: normal symbol `probe_1816'
   1934503:	binding file /tmp/tmp.6DDiLFbZd0/experiment-work/lazy [0] to /tmp/tmp.6DDiLFbZd0/experiment-work/libmany.so [0]: normal symbol `probe_1817'
   1934503:	binding file /tmp/tmp.6DDiLFbZd0/experiment-work/lazy [0] to /tmp/tmp.6DDiLFbZd0/experiment-work/libmany.so [0]: normal symbol `probe_1818'
   1934503:	binding file /tmp/tmp.6DDiLFbZd0/experiment-work/lazy [0] to /tmp/tmp.6DDiLFbZd0/experiment-work/libmany.so [0]: normal symbol `probe_1819'
   1934503:	binding file /tmp/tmp.6DDiLFbZd0/experiment-work/lazy [0] to /tmp/tmp.6DDiLFbZd0/experiment-work/libmany.so [0]: normal symbol `probe_1820'
   1934503:	binding file /tmp/tmp.6DDiLFbZd0/experiment-work/lazy [0] to /tmp/tmp.6DDiLFbZd0/experiment-work/libmany.so [0]: normal symbol `probe_1821'
   1934503:	binding file /tmp/tmp.6DDiLFbZd0/experiment-work/lazy [0] to /tmp/tmp.6DDiLFbZd0/experiment-work/libmany.so [0]: normal symbol `probe_1822'
   1934503:	binding file /tmp/tmp.6DDiLFbZd0/experiment-work/lazy [0] to /tmp/tmp.6DDiLFbZd0/experiment-work/libmany.so [0]: normal symbol `probe_1823'
   1934503:	binding file /tmp/tmp.6DDiLFbZd0/experiment-work/lazy [0] to /tmp/tmp.6DDiLFbZd0/experiment-work/libmany.so [0]: normal symbol `probe_1824'
   1934503:	binding file /tmp/tmp.6DDiLFbZd0/experiment-work/lazy [0] to /tmp/tmp.6DDiLFbZd0/experiment-work/libmany.so [0]: normal symbol `probe_1825'
   1934503:	binding file /tmp/tmp.6DDiLFbZd0/experiment-work/lazy [0] to /tmp/tmp.6DDiLFbZd0/experiment-work/libmany.so [0]: normal symbol `probe_1826'
   1934503:	binding file /tmp/tmp.6DDiLFbZd0/experiment-work/lazy [0] to /tmp/tmp.6DDiLFbZd0/experiment-work/libmany.so [0]: normal symbol `probe_1827'
   1934503:	binding file /tmp/tmp.6DDiLFbZd0/experiment-work/lazy [0] to /tmp/tmp.6DDiLFbZd0/experiment-work/libmany.so [0]: normal symbol `probe_1828'
   1934503:	binding file /tmp/tmp.6DDiLFbZd0/experiment-work/lazy [0] to /tmp/tmp.6DDiLFbZd0/experiment-work/libmany.so [0]: normal symbol `probe_1829'
   1934503:	binding file /tmp/tmp.6DDiLFbZd0/experiment-work/lazy [0] to /tmp/tmp.6DDiLFbZd0/experiment-work/libmany.so [0]: normal symbol `probe_1830'
   1934503:	binding file /tmp/tmp.6DDiLFbZd0/experiment-work/lazy [0] to /tmp/tmp.6DDiLFbZd0/experiment-work/libmany.so [0]: normal symbol `probe_1831'
   1934503:	binding file /tmp/tmp.6DDiLFbZd0/experiment-work/lazy [0] to /tmp/tmp.6DDiLFbZd0/experiment-work/libmany.so [0]: normal symbol `probe_1832'
   1934503:	binding file /tmp/tmp.6DDiLFbZd0/experiment-work/lazy [0] to /tmp/tmp.6DDiLFbZd0/experiment-work/libmany.so [0]: normal symbol `probe_1833'
   1934503:	binding file /tmp/tmp.6DDiLFbZd0/experiment-work/lazy [0] to /tmp/tmp.6DDiLFbZd0/experiment-work/libmany.so [0]: normal symbol `probe_1834'
   1934503:	binding file /tmp/tmp.6DDiLFbZd0/experiment-work/lazy [0] to /tmp/tmp.6DDiLFbZd0/experiment-work/libmany.so [0]: normal symbol `probe_1835'
   1934503:	binding file /tmp/tmp.6DDiLFbZd0/experiment-work/lazy [0] to /tmp/tmp.6DDiLFbZd0/experiment-work/libmany.so [0]: normal symbol `probe_1836'
   1934503:	binding file /tmp/tmp.6DDiLFbZd0/experiment-work/lazy [0] to /tmp/tmp.6DDiLFbZd0/experiment-work/libmany.so [0]: normal symbol `probe_1837'
   1934503:	binding file /tmp/tmp.6DDiLFbZd0/experiment-work/lazy [0] to /tmp/tmp.6DDiLFbZd0/experiment-work/libmany.so [0]: normal symbol `probe_1838'
   1934503:	binding file /tmp/tmp.6DDiLFbZd0/experiment-work/lazy [0] to /tmp/tmp.6DDiLFbZd0/experiment-work/libmany.so [0]: normal symbol `probe_1839'
   1934503:	binding file /tmp/tmp.6DDiLFbZd0/experiment-work/lazy [0] to /tmp/tmp.6DDiLFbZd0/experiment-work/libmany.so [0]: normal symbol `probe_1840'
   1934503:	binding file /tmp/tmp.6DDiLFbZd0/experiment-work/lazy [0] to /tmp/tmp.6DDiLFbZd0/experiment-work/libmany.so [0]: normal symbol `probe_1841'
   1934503:	binding file /tmp/tmp.6DDiLFbZd0/experiment-work/lazy [0] to /tmp/tmp.6DDiLFbZd0/experiment-work/libmany.so [0]: normal symbol `probe_1842'
   1934503:	binding file /tmp/tmp.6DDiLFbZd0/experiment-work/lazy [0] to /tmp/tmp.6DDiLFbZd0/experiment-work/libmany.so [0]: normal symbol `probe_1843'
   1934503:	binding file /tmp/tmp.6DDiLFbZd0/experiment-work/lazy [0] to /tmp/tmp.6DDiLFbZd0/experiment-work/libmany.so [0]: normal symbol `probe_1844'
   1934503:	binding file /tmp/tmp.6DDiLFbZd0/experiment-work/lazy [0] to /tmp/tmp.6DDiLFbZd0/experiment-work/libmany.so [0]: normal symbol `probe_1845'
   1934503:	binding file /tmp/tmp.6DDiLFbZd0/experiment-work/lazy [0] to /tmp/tmp.6DDiLFbZd0/experiment-work/libmany.so [0]: normal symbol `probe_1846'
   1934503:	binding file /tmp/tmp.6DDiLFbZd0/experiment-work/lazy [0] to /tmp/tmp.6DDiLFbZd0/experiment-work/libmany.so [0]: normal symbol `probe_1847'
   1934503:	binding file /tmp/tmp.6DDiLFbZd0/experiment-work/lazy [0] to /tmp/tmp.6DDiLFbZd0/experiment-work/libmany.so [0]: normal symbol `probe_1848'
   1934503:	binding file /tmp/tmp.6DDiLFbZd0/experiment-work/lazy [0] to /tmp/tmp.6DDiLFbZd0/experiment-work/libmany.so [0]: normal symbol `probe_1849'
   1934503:	binding file /tmp/tmp.6DDiLFbZd0/experiment-work/lazy [0] to /tmp/tmp.6DDiLFbZd0/experiment-work/libmany.so [0]: normal symbol `probe_1850'
   1934503:	binding file /tmp/tmp.6DDiLFbZd0/experiment-work/lazy [0] to /tmp/tmp.6DDiLFbZd0/experiment-work/libmany.so [0]: normal symbol `probe_1851'
   1934503:	binding file /tmp/tmp.6DDiLFbZd0/experiment-work/lazy [0] to /tmp/tmp.6DDiLFbZd0/experiment-work/libmany.so [0]: normal symbol `probe_1852'
   1934503:	binding file /tmp/tmp.6DDiLFbZd0/experiment-work/lazy [0] to /tmp/tmp.6DDiLFbZd0/experiment-work/libmany.so [0]: normal symbol `probe_1853'
   1934503:	binding file /tmp/tmp.6DDiLFbZd0/experiment-work/lazy [0] to /tmp/tmp.6DDiLFbZd0/experiment-work/libmany.so [0]: normal symbol `probe_1854'
   1934503:	binding file /tmp/tmp.6DDiLFbZd0/experiment-work/lazy [0] to /tmp/tmp.6DDiLFbZd0/experiment-work/libmany.so [0]: normal symbol `probe_1855'
   1934503:	binding file /tmp/tmp.6DDiLFbZd0/experiment-work/lazy [0] to /tmp/tmp.6DDiLFbZd0/experiment-work/libmany.so [0]: normal symbol `probe_1856'
   1934503:	binding file /tmp/tmp.6DDiLFbZd0/experiment-work/lazy [0] to /tmp/tmp.6DDiLFbZd0/experiment-work/libmany.so [0]: normal symbol `probe_1857'
   1934503:	binding file /tmp/tmp.6DDiLFbZd0/experiment-work/lazy [0] to /tmp/tmp.6DDiLFbZd0/experiment-work/libmany.so [0]: normal symbol `probe_1858'
   1934503:	binding file /tmp/tmp.6DDiLFbZd0/experiment-work/lazy [0] to /tmp/tmp.6DDiLFbZd0/experiment-work/libmany.so [0]: normal symbol `probe_1859'
   1934503:	binding file /tmp/tmp.6DDiLFbZd0/experiment-work/lazy [0] to /tmp/tmp.6DDiLFbZd0/experiment-work/libmany.so [0]: normal symbol `probe_1860'
   1934503:	binding file /tmp/tmp.6DDiLFbZd0/experiment-work/lazy [0] to /tmp/tmp.6DDiLFbZd0/experiment-work/libmany.so [0]: normal symbol `probe_1861'
   1934503:	binding file /tmp/tmp.6DDiLFbZd0/experiment-work/lazy [0] to /tmp/tmp.6DDiLFbZd0/experiment-work/libmany.so [0]: normal symbol `probe_1862'
   1934503:	binding file /tmp/tmp.6DDiLFbZd0/experiment-work/lazy [0] to /tmp/tmp.6DDiLFbZd0/experiment-work/libmany.so [0]: normal symbol `probe_1863'
   1934503:	binding file /tmp/tmp.6DDiLFbZd0/experiment-work/lazy [0] to /tmp/tmp.6DDiLFbZd0/experiment-work/libmany.so [0]: normal symbol `probe_1864'
   1934503:	binding file /tmp/tmp.6DDiLFbZd0/experiment-work/lazy [0] to /tmp/tmp.6DDiLFbZd0/experiment-work/libmany.so [0]: normal symbol `probe_1865'
   1934503:	binding file /tmp/tmp.6DDiLFbZd0/experiment-work/lazy [0] to /tmp/tmp.6DDiLFbZd0/experiment-work/libmany.so [0]: normal symbol `probe_1866'
   1934503:	binding file /tmp/tmp.6DDiLFbZd0/experiment-work/lazy [0] to /tmp/tmp.6DDiLFbZd0/experiment-work/libmany.so [0]: normal symbol `probe_1867'
   1934503:	binding file /tmp/tmp.6DDiLFbZd0/experiment-work/lazy [0] to /tmp/tmp.6DDiLFbZd0/experiment-work/libmany.so [0]: normal symbol `probe_1868'
   1934503:	binding file /tmp/tmp.6DDiLFbZd0/experiment-work/lazy [0] to /tmp/tmp.6DDiLFbZd0/experiment-work/libmany.so [0]: normal symbol `probe_1869'
   1934503:	binding file /tmp/tmp.6DDiLFbZd0/experiment-work/lazy [0] to /tmp/tmp.6DDiLFbZd0/experiment-work/libmany.so [0]: normal symbol `probe_1870'
   1934503:	binding file /tmp/tmp.6DDiLFbZd0/experiment-work/lazy [0] to /tmp/tmp.6DDiLFbZd0/experiment-work/libmany.so [0]: normal symbol `probe_1871'
   1934503:	binding file /tmp/tmp.6DDiLFbZd0/experiment-work/lazy [0] to /tmp/tmp.6DDiLFbZd0/experiment-work/libmany.so [0]: normal symbol `probe_1872'
   1934503:	binding file /tmp/tmp.6DDiLFbZd0/experiment-work/lazy [0] to /tmp/tmp.6DDiLFbZd0/experiment-work/libmany.so [0]: normal symbol `probe_1873'
   1934503:	binding file /tmp/tmp.6DDiLFbZd0/experiment-work/lazy [0] to /tmp/tmp.6DDiLFbZd0/experiment-work/libmany.so [0]: normal symbol `probe_1874'
   1934503:	binding file /tmp/tmp.6DDiLFbZd0/experiment-work/lazy [0] to /tmp/tmp.6DDiLFbZd0/experiment-work/libmany.so [0]: normal symbol `probe_1875'
   1934503:	binding file /tmp/tmp.6DDiLFbZd0/experiment-work/lazy [0] to /tmp/tmp.6DDiLFbZd0/experiment-work/libmany.so [0]: normal symbol `probe_1876'
   1934503:	binding file /tmp/tmp.6DDiLFbZd0/experiment-work/lazy [0] to /tmp/tmp.6DDiLFbZd0/experiment-work/libmany.so [0]: normal symbol `probe_1877'
   1934503:	binding file /tmp/tmp.6DDiLFbZd0/experiment-work/lazy [0] to /tmp/tmp.6DDiLFbZd0/experiment-work/libmany.so [0]: normal symbol `probe_1878'
   1934503:	binding file /tmp/tmp.6DDiLFbZd0/experiment-work/lazy [0] to /tmp/tmp.6DDiLFbZd0/experiment-work/libmany.so [0]: normal symbol `probe_1879'
   1934503:	binding file /tmp/tmp.6DDiLFbZd0/experiment-work/lazy [0] to /tmp/tmp.6DDiLFbZd0/experiment-work/libmany.so [0]: normal symbol `probe_1880'
   1934503:	binding file /tmp/tmp.6DDiLFbZd0/experiment-work/lazy [0] to /tmp/tmp.6DDiLFbZd0/experiment-work/libmany.so [0]: normal symbol `probe_1881'
   1934503:	binding file /tmp/tmp.6DDiLFbZd0/experiment-work/lazy [0] to /tmp/tmp.6DDiLFbZd0/experiment-work/libmany.so [0]: normal symbol `probe_1882'
   1934503:	binding file /tmp/tmp.6DDiLFbZd0/experiment-work/lazy [0] to /tmp/tmp.6DDiLFbZd0/experiment-work/libmany.so [0]: normal symbol `probe_1883'
   1934503:	binding file /tmp/tmp.6DDiLFbZd0/experiment-work/lazy [0] to /tmp/tmp.6DDiLFbZd0/experiment-work/libmany.so [0]: normal symbol `probe_1884'
   1934503:	binding file /tmp/tmp.6DDiLFbZd0/experiment-work/lazy [0] to /tmp/tmp.6DDiLFbZd0/experiment-work/libmany.so [0]: normal symbol `probe_1885'
   1934503:	binding file /tmp/tmp.6DDiLFbZd0/experiment-work/lazy [0] to /tmp/tmp.6DDiLFbZd0/experiment-work/libmany.so [0]: normal symbol `probe_1886'
   1934503:	binding file /tmp/tmp.6DDiLFbZd0/experiment-work/lazy [0] to /tmp/tmp.6DDiLFbZd0/experiment-work/libmany.so [0]: normal symbol `probe_1887'
   1934503:	binding file /tmp/tmp.6DDiLFbZd0/experiment-work/lazy [0] to /tmp/tmp.6DDiLFbZd0/experiment-work/libmany.so [0]: normal symbol `probe_1888'
   1934503:	binding file /tmp/tmp.6DDiLFbZd0/experiment-work/lazy [0] to /tmp/tmp.6DDiLFbZd0/experiment-work/libmany.so [0]: normal symbol `probe_1889'
   1934503:	binding file /tmp/tmp.6DDiLFbZd0/experiment-work/lazy [0] to /tmp/tmp.6DDiLFbZd0/experiment-work/libmany.so [0]: normal symbol `probe_1890'
   1934503:	binding file /tmp/tmp.6DDiLFbZd0/experiment-work/lazy [0] to /tmp/tmp.6DDiLFbZd0/experiment-work/libmany.so [0]: normal symbol `probe_1891'
   1934503:	binding file /tmp/tmp.6DDiLFbZd0/experiment-work/lazy [0] to /tmp/tmp.6DDiLFbZd0/experiment-work/libmany.so [0]: normal symbol `probe_1892'
   1934503:	binding file /tmp/tmp.6DDiLFbZd0/experiment-work/lazy [0] to /tmp/tmp.6DDiLFbZd0/experiment-work/libmany.so [0]: normal symbol `probe_1893'
   1934503:	binding file /tmp/tmp.6DDiLFbZd0/experiment-work/lazy [0] to /tmp/tmp.6DDiLFbZd0/experiment-work/libmany.so [0]: normal symbol `probe_1894'
   1934503:	binding file /tmp/tmp.6DDiLFbZd0/experiment-work/lazy [0] to /tmp/tmp.6DDiLFbZd0/experiment-work/libmany.so [0]: normal symbol `probe_1895'
   1934503:	binding file /tmp/tmp.6DDiLFbZd0/experiment-work/lazy [0] to /tmp/tmp.6DDiLFbZd0/experiment-work/libmany.so [0]: normal symbol `probe_1896'
   1934503:	binding file /tmp/tmp.6DDiLFbZd0/experiment-work/lazy [0] to /tmp/tmp.6DDiLFbZd0/experiment-work/libmany.so [0]: normal symbol `probe_1897'
   1934503:	binding file /tmp/tmp.6DDiLFbZd0/experiment-work/lazy [0] to /tmp/tmp.6DDiLFbZd0/experiment-work/libmany.so [0]: normal symbol `probe_1898'
   1934503:	binding file /tmp/tmp.6DDiLFbZd0/experiment-work/lazy [0] to /tmp/tmp.6DDiLFbZd0/experiment-work/libmany.so [0]: normal symbol `probe_1899'
   1934503:	binding file /tmp/tmp.6DDiLFbZd0/experiment-work/lazy [0] to /tmp/tmp.6DDiLFbZd0/experiment-work/libmany.so [0]: normal symbol `probe_1900'
   1934503:	binding file /tmp/tmp.6DDiLFbZd0/experiment-work/lazy [0] to /tmp/tmp.6DDiLFbZd0/experiment-work/libmany.so [0]: normal symbol `probe_1901'
   1934503:	binding file /tmp/tmp.6DDiLFbZd0/experiment-work/lazy [0] to /tmp/tmp.6DDiLFbZd0/experiment-work/libmany.so [0]: normal symbol `probe_1902'
   1934503:	binding file /tmp/tmp.6DDiLFbZd0/experiment-work/lazy [0] to /tmp/tmp.6DDiLFbZd0/experiment-work/libmany.so [0]: normal symbol `probe_1903'
   1934503:	binding file /tmp/tmp.6DDiLFbZd0/experiment-work/lazy [0] to /tmp/tmp.6DDiLFbZd0/experiment-work/libmany.so [0]: normal symbol `probe_1904'
   1934503:	binding file /tmp/tmp.6DDiLFbZd0/experiment-work/lazy [0] to /tmp/tmp.6DDiLFbZd0/experiment-work/libmany.so [0]: normal symbol `probe_1905'
   1934503:	binding file /tmp/tmp.6DDiLFbZd0/experiment-work/lazy [0] to /tmp/tmp.6DDiLFbZd0/experiment-work/libmany.so [0]: normal symbol `probe_1906'
   1934503:	binding file /tmp/tmp.6DDiLFbZd0/experiment-work/lazy [0] to /tmp/tmp.6DDiLFbZd0/experiment-work/libmany.so [0]: normal symbol `probe_1907'
   1934503:	binding file /tmp/tmp.6DDiLFbZd0/experiment-work/lazy [0] to /tmp/tmp.6DDiLFbZd0/experiment-work/libmany.so [0]: normal symbol `probe_1908'
   1934503:	binding file /tmp/tmp.6DDiLFbZd0/experiment-work/lazy [0] to /tmp/tmp.6DDiLFbZd0/experiment-work/libmany.so [0]: normal symbol `probe_1909'
   1934503:	binding file /tmp/tmp.6DDiLFbZd0/experiment-work/lazy [0] to /tmp/tmp.6DDiLFbZd0/experiment-work/libmany.so [0]: normal symbol `probe_1910'
   1934503:	binding file /tmp/tmp.6DDiLFbZd0/experiment-work/lazy [0] to /tmp/tmp.6DDiLFbZd0/experiment-work/libmany.so [0]: normal symbol `probe_1911'
   1934503:	binding file /tmp/tmp.6DDiLFbZd0/experiment-work/lazy [0] to /tmp/tmp.6DDiLFbZd0/experiment-work/libmany.so [0]: normal symbol `probe_1912'
   1934503:	binding file /tmp/tmp.6DDiLFbZd0/experiment-work/lazy [0] to /tmp/tmp.6DDiLFbZd0/experiment-work/libmany.so [0]: normal symbol `probe_1913'
   1934503:	binding file /tmp/tmp.6DDiLFbZd0/experiment-work/lazy [0] to /tmp/tmp.6DDiLFbZd0/experiment-work/libmany.so [0]: normal symbol `probe_1914'
   1934503:	binding file /tmp/tmp.6DDiLFbZd0/experiment-work/lazy [0] to /tmp/tmp.6DDiLFbZd0/experiment-work/libmany.so [0]: normal symbol `probe_1915'
   1934503:	binding file /tmp/tmp.6DDiLFbZd0/experiment-work/lazy [0] to /tmp/tmp.6DDiLFbZd0/experiment-work/libmany.so [0]: normal symbol `probe_1916'
   1934503:	binding file /tmp/tmp.6DDiLFbZd0/experiment-work/lazy [0] to /tmp/tmp.6DDiLFbZd0/experiment-work/libmany.so [0]: normal symbol `probe_1917'
   1934503:	binding file /tmp/tmp.6DDiLFbZd0/experiment-work/lazy [0] to /tmp/tmp.6DDiLFbZd0/experiment-work/libmany.so [0]: normal symbol `probe_1918'
   1934503:	binding file /tmp/tmp.6DDiLFbZd0/experiment-work/lazy [0] to /tmp/tmp.6DDiLFbZd0/experiment-work/libmany.so [0]: normal symbol `probe_1919'
   1934503:	binding file /tmp/tmp.6DDiLFbZd0/experiment-work/lazy [0] to /tmp/tmp.6DDiLFbZd0/experiment-work/libmany.so [0]: normal symbol `probe_1920'
   1934503:	binding file /tmp/tmp.6DDiLFbZd0/experiment-work/lazy [0] to /tmp/tmp.6DDiLFbZd0/experiment-work/libmany.so [0]: normal symbol `probe_1921'
   1934503:	binding file /tmp/tmp.6DDiLFbZd0/experiment-work/lazy [0] to /tmp/tmp.6DDiLFbZd0/experiment-work/libmany.so [0]: normal symbol `probe_1922'
   1934503:	binding file /tmp/tmp.6DDiLFbZd0/experiment-work/lazy [0] to /tmp/tmp.6DDiLFbZd0/experiment-work/libmany.so [0]: normal symbol `probe_1923'
   1934503:	binding file /tmp/tmp.6DDiLFbZd0/experiment-work/lazy [0] to /tmp/tmp.6DDiLFbZd0/experiment-work/libmany.so [0]: normal symbol `probe_1924'
   1934503:	binding file /tmp/tmp.6DDiLFbZd0/experiment-work/lazy [0] to /tmp/tmp.6DDiLFbZd0/experiment-work/libmany.so [0]: normal symbol `probe_1925'
   1934503:	binding file /tmp/tmp.6DDiLFbZd0/experiment-work/lazy [0] to /tmp/tmp.6DDiLFbZd0/experiment-work/libmany.so [0]: normal symbol `probe_1926'
   1934503:	binding file /tmp/tmp.6DDiLFbZd0/experiment-work/lazy [0] to /tmp/tmp.6DDiLFbZd0/experiment-work/libmany.so [0]: normal symbol `probe_1927'
   1934503:	binding file /tmp/tmp.6DDiLFbZd0/experiment-work/lazy [0] to /tmp/tmp.6DDiLFbZd0/experiment-work/libmany.so [0]: normal symbol `probe_1928'
   1934503:	binding file /tmp/tmp.6DDiLFbZd0/experiment-work/lazy [0] to /tmp/tmp.6DDiLFbZd0/experiment-work/libmany.so [0]: normal symbol `probe_1929'
   1934503:	binding file /tmp/tmp.6DDiLFbZd0/experiment-work/lazy [0] to /tmp/tmp.6DDiLFbZd0/experiment-work/libmany.so [0]: normal symbol `probe_1930'
   1934503:	binding file /tmp/tmp.6DDiLFbZd0/experiment-work/lazy [0] to /tmp/tmp.6DDiLFbZd0/experiment-work/libmany.so [0]: normal symbol `probe_1931'
   1934503:	binding file /tmp/tmp.6DDiLFbZd0/experiment-work/lazy [0] to /tmp/tmp.6DDiLFbZd0/experiment-work/libmany.so [0]: normal symbol `probe_1932'
   1934503:	binding file /tmp/tmp.6DDiLFbZd0/experiment-work/lazy [0] to /tmp/tmp.6DDiLFbZd0/experiment-work/libmany.so [0]: normal symbol `probe_1933'
   1934503:	binding file /tmp/tmp.6DDiLFbZd0/experiment-work/lazy [0] to /tmp/tmp.6DDiLFbZd0/experiment-work/libmany.so [0]: normal symbol `probe_1934'
   1934503:	binding file /tmp/tmp.6DDiLFbZd0/experiment-work/lazy [0] to /tmp/tmp.6DDiLFbZd0/experiment-work/libmany.so [0]: normal symbol `probe_1935'
   1934503:	binding file /tmp/tmp.6DDiLFbZd0/experiment-work/lazy [0] to /tmp/tmp.6DDiLFbZd0/experiment-work/libmany.so [0]: normal symbol `probe_1936'
   1934503:	binding file /tmp/tmp.6DDiLFbZd0/experiment-work/lazy [0] to /tmp/tmp.6DDiLFbZd0/experiment-work/libmany.so [0]: normal symbol `probe_1937'
   1934503:	binding file /tmp/tmp.6DDiLFbZd0/experiment-work/lazy [0] to /tmp/tmp.6DDiLFbZd0/experiment-work/libmany.so [0]: normal symbol `probe_1938'
   1934503:	binding file /tmp/tmp.6DDiLFbZd0/experiment-work/lazy [0] to /tmp/tmp.6DDiLFbZd0/experiment-work/libmany.so [0]: normal symbol `probe_1939'
   1934503:	binding file /tmp/tmp.6DDiLFbZd0/experiment-work/lazy [0] to /tmp/tmp.6DDiLFbZd0/experiment-work/libmany.so [0]: normal symbol `probe_1940'
   1934503:	binding file /tmp/tmp.6DDiLFbZd0/experiment-work/lazy [0] to /tmp/tmp.6DDiLFbZd0/experiment-work/libmany.so [0]: normal symbol `probe_1941'
   1934503:	binding file /tmp/tmp.6DDiLFbZd0/experiment-work/lazy [0] to /tmp/tmp.6DDiLFbZd0/experiment-work/libmany.so [0]: normal symbol `probe_1942'
   1934503:	binding file /tmp/tmp.6DDiLFbZd0/experiment-work/lazy [0] to /tmp/tmp.6DDiLFbZd0/experiment-work/libmany.so [0]: normal symbol `probe_1943'
   1934503:	binding file /tmp/tmp.6DDiLFbZd0/experiment-work/lazy [0] to /tmp/tmp.6DDiLFbZd0/experiment-work/libmany.so [0]: normal symbol `probe_1944'
   1934503:	binding file /tmp/tmp.6DDiLFbZd0/experiment-work/lazy [0] to /tmp/tmp.6DDiLFbZd0/experiment-work/libmany.so [0]: normal symbol `probe_1945'
   1934503:	binding file /tmp/tmp.6DDiLFbZd0/experiment-work/lazy [0] to /tmp/tmp.6DDiLFbZd0/experiment-work/libmany.so [0]: normal symbol `probe_1946'
   1934503:	binding file /tmp/tmp.6DDiLFbZd0/experiment-work/lazy [0] to /tmp/tmp.6DDiLFbZd0/experiment-work/libmany.so [0]: normal symbol `probe_1947'
   1934503:	binding file /tmp/tmp.6DDiLFbZd0/experiment-work/lazy [0] to /tmp/tmp.6DDiLFbZd0/experiment-work/libmany.so [0]: normal symbol `probe_1948'
   1934503:	binding file /tmp/tmp.6DDiLFbZd0/experiment-work/lazy [0] to /tmp/tmp.6DDiLFbZd0/experiment-work/libmany.so [0]: normal symbol `probe_1949'
   1934503:	binding file /tmp/tmp.6DDiLFbZd0/experiment-work/lazy [0] to /tmp/tmp.6DDiLFbZd0/experiment-work/libmany.so [0]: normal symbol `probe_1950'
   1934503:	binding file /tmp/tmp.6DDiLFbZd0/experiment-work/lazy [0] to /tmp/tmp.6DDiLFbZd0/experiment-work/libmany.so [0]: normal symbol `probe_1951'
   1934503:	binding file /tmp/tmp.6DDiLFbZd0/experiment-work/lazy [0] to /tmp/tmp.6DDiLFbZd0/experiment-work/libmany.so [0]: normal symbol `probe_1952'
   1934503:	binding file /tmp/tmp.6DDiLFbZd0/experiment-work/lazy [0] to /tmp/tmp.6DDiLFbZd0/experiment-work/libmany.so [0]: normal symbol `probe_1953'
   1934503:	binding file /tmp/tmp.6DDiLFbZd0/experiment-work/lazy [0] to /tmp/tmp.6DDiLFbZd0/experiment-work/libmany.so [0]: normal symbol `probe_1954'
   1934503:	binding file /tmp/tmp.6DDiLFbZd0/experiment-work/lazy [0] to /tmp/tmp.6DDiLFbZd0/experiment-work/libmany.so [0]: normal symbol `probe_1955'
   1934503:	binding file /tmp/tmp.6DDiLFbZd0/experiment-work/lazy [0] to /tmp/tmp.6DDiLFbZd0/experiment-work/libmany.so [0]: normal symbol `probe_1956'
   1934503:	binding file /tmp/tmp.6DDiLFbZd0/experiment-work/lazy [0] to /tmp/tmp.6DDiLFbZd0/experiment-work/libmany.so [0]: normal symbol `probe_1957'
   1934503:	binding file /tmp/tmp.6DDiLFbZd0/experiment-work/lazy [0] to /tmp/tmp.6DDiLFbZd0/experiment-work/libmany.so [0]: normal symbol `probe_1958'
   1934503:	binding file /tmp/tmp.6DDiLFbZd0/experiment-work/lazy [0] to /tmp/tmp.6DDiLFbZd0/experiment-work/libmany.so [0]: normal symbol `probe_1959'
   1934503:	binding file /tmp/tmp.6DDiLFbZd0/experiment-work/lazy [0] to /tmp/tmp.6DDiLFbZd0/experiment-work/libmany.so [0]: normal symbol `probe_1960'
   1934503:	binding file /tmp/tmp.6DDiLFbZd0/experiment-work/lazy [0] to /tmp/tmp.6DDiLFbZd0/experiment-work/libmany.so [0]: normal symbol `probe_1961'
   1934503:	binding file /tmp/tmp.6DDiLFbZd0/experiment-work/lazy [0] to /tmp/tmp.6DDiLFbZd0/experiment-work/libmany.so [0]: normal symbol `probe_1962'
   1934503:	binding file /tmp/tmp.6DDiLFbZd0/experiment-work/lazy [0] to /tmp/tmp.6DDiLFbZd0/experiment-work/libmany.so [0]: normal symbol `probe_1963'
   1934503:	binding file /tmp/tmp.6DDiLFbZd0/experiment-work/lazy [0] to /tmp/tmp.6DDiLFbZd0/experiment-work/libmany.so [0]: normal symbol `probe_1964'
   1934503:	binding file /tmp/tmp.6DDiLFbZd0/experiment-work/lazy [0] to /tmp/tmp.6DDiLFbZd0/experiment-work/libmany.so [0]: normal symbol `probe_1965'
   1934503:	binding file /tmp/tmp.6DDiLFbZd0/experiment-work/lazy [0] to /tmp/tmp.6DDiLFbZd0/experiment-work/libmany.so [0]: normal symbol `probe_1966'
   1934503:	binding file /tmp/tmp.6DDiLFbZd0/experiment-work/lazy [0] to /tmp/tmp.6DDiLFbZd0/experiment-work/libmany.so [0]: normal symbol `probe_1967'
   1934503:	binding file /tmp/tmp.6DDiLFbZd0/experiment-work/lazy [0] to /tmp/tmp.6DDiLFbZd0/experiment-work/libmany.so [0]: normal symbol `probe_1968'
   1934503:	binding file /tmp/tmp.6DDiLFbZd0/experiment-work/lazy [0] to /tmp/tmp.6DDiLFbZd0/experiment-work/libmany.so [0]: normal symbol `probe_1969'
   1934503:	binding file /tmp/tmp.6DDiLFbZd0/experiment-work/lazy [0] to /tmp/tmp.6DDiLFbZd0/experiment-work/libmany.so [0]: normal symbol `probe_1970'
   1934503:	binding file /tmp/tmp.6DDiLFbZd0/experiment-work/lazy [0] to /tmp/tmp.6DDiLFbZd0/experiment-work/libmany.so [0]: normal symbol `probe_1971'
   1934503:	binding file /tmp/tmp.6DDiLFbZd0/experiment-work/lazy [0] to /tmp/tmp.6DDiLFbZd0/experiment-work/libmany.so [0]: normal symbol `probe_1972'
   1934503:	binding file /tmp/tmp.6DDiLFbZd0/experiment-work/lazy [0] to /tmp/tmp.6DDiLFbZd0/experiment-work/libmany.so [0]: normal symbol `probe_1973'
   1934503:	binding file /tmp/tmp.6DDiLFbZd0/experiment-work/lazy [0] to /tmp/tmp.6DDiLFbZd0/experiment-work/libmany.so [0]: normal symbol `probe_1974'
   1934503:	binding file /tmp/tmp.6DDiLFbZd0/experiment-work/lazy [0] to /tmp/tmp.6DDiLFbZd0/experiment-work/libmany.so [0]: normal symbol `probe_1975'
   1934503:	binding file /tmp/tmp.6DDiLFbZd0/experiment-work/lazy [0] to /tmp/tmp.6DDiLFbZd0/experiment-work/libmany.so [0]: normal symbol `probe_1976'
   1934503:	binding file /tmp/tmp.6DDiLFbZd0/experiment-work/lazy [0] to /tmp/tmp.6DDiLFbZd0/experiment-work/libmany.so [0]: normal symbol `probe_1977'
   1934503:	binding file /tmp/tmp.6DDiLFbZd0/experiment-work/lazy [0] to /tmp/tmp.6DDiLFbZd0/experiment-work/libmany.so [0]: normal symbol `probe_1978'
   1934503:	binding file /tmp/tmp.6DDiLFbZd0/experiment-work/lazy [0] to /tmp/tmp.6DDiLFbZd0/experiment-work/libmany.so [0]: normal symbol `probe_1979'
   1934503:	binding file /tmp/tmp.6DDiLFbZd0/experiment-work/lazy [0] to /tmp/tmp.6DDiLFbZd0/experiment-work/libmany.so [0]: normal symbol `probe_1980'
   1934503:	binding file /tmp/tmp.6DDiLFbZd0/experiment-work/lazy [0] to /tmp/tmp.6DDiLFbZd0/experiment-work/libmany.so [0]: normal symbol `probe_1981'
   1934503:	binding file /tmp/tmp.6DDiLFbZd0/experiment-work/lazy [0] to /tmp/tmp.6DDiLFbZd0/experiment-work/libmany.so [0]: normal symbol `probe_1982'
   1934503:	binding file /tmp/tmp.6DDiLFbZd0/experiment-work/lazy [0] to /tmp/tmp.6DDiLFbZd0/experiment-work/libmany.so [0]: normal symbol `probe_1983'
   1934503:	binding file /tmp/tmp.6DDiLFbZd0/experiment-work/lazy [0] to /tmp/tmp.6DDiLFbZd0/experiment-work/libmany.so [0]: normal symbol `probe_1984'
   1934503:	binding file /tmp/tmp.6DDiLFbZd0/experiment-work/lazy [0] to /tmp/tmp.6DDiLFbZd0/experiment-work/libmany.so [0]: normal symbol `probe_1985'
   1934503:	binding file /tmp/tmp.6DDiLFbZd0/experiment-work/lazy [0] to /tmp/tmp.6DDiLFbZd0/experiment-work/libmany.so [0]: normal symbol `probe_1986'
   1934503:	binding file /tmp/tmp.6DDiLFbZd0/experiment-work/lazy [0] to /tmp/tmp.6DDiLFbZd0/experiment-work/libmany.so [0]: normal symbol `probe_1987'
   1934503:	binding file /tmp/tmp.6DDiLFbZd0/experiment-work/lazy [0] to /tmp/tmp.6DDiLFbZd0/experiment-work/libmany.so [0]: normal symbol `probe_1988'
   1934503:	binding file /tmp/tmp.6DDiLFbZd0/experiment-work/lazy [0] to /tmp/tmp.6DDiLFbZd0/experiment-work/libmany.so [0]: normal symbol `probe_1989'
   1934503:	binding file /tmp/tmp.6DDiLFbZd0/experiment-work/lazy [0] to /tmp/tmp.6DDiLFbZd0/experiment-work/libmany.so [0]: normal symbol `probe_1990'
   1934503:	binding file /tmp/tmp.6DDiLFbZd0/experiment-work/lazy [0] to /tmp/tmp.6DDiLFbZd0/experiment-work/libmany.so [0]: normal symbol `probe_1991'
   1934503:	binding file /tmp/tmp.6DDiLFbZd0/experiment-work/lazy [0] to /tmp/tmp.6DDiLFbZd0/experiment-work/libmany.so [0]: normal symbol `probe_1992'
   1934503:	binding file /tmp/tmp.6DDiLFbZd0/experiment-work/lazy [0] to /tmp/tmp.6DDiLFbZd0/experiment-work/libmany.so [0]: normal symbol `probe_1993'
   1934503:	binding file /tmp/tmp.6DDiLFbZd0/experiment-work/lazy [0] to /tmp/tmp.6DDiLFbZd0/experiment-work/libmany.so [0]: normal symbol `probe_1994'
   1934503:	binding file /tmp/tmp.6DDiLFbZd0/experiment-work/lazy [0] to /tmp/tmp.6DDiLFbZd0/experiment-work/libmany.so [0]: normal symbol `probe_1995'
   1934503:	binding file /tmp/tmp.6DDiLFbZd0/experiment-work/lazy [0] to /tmp/tmp.6DDiLFbZd0/experiment-work/libmany.so [0]: normal symbol `probe_1996'
   1934503:	binding file /tmp/tmp.6DDiLFbZd0/experiment-work/lazy [0] to /tmp/tmp.6DDiLFbZd0/experiment-work/libmany.so [0]: normal symbol `probe_1997'
   1934503:	binding file /tmp/tmp.6DDiLFbZd0/experiment-work/lazy [0] to /tmp/tmp.6DDiLFbZd0/experiment-work/libmany.so [0]: normal symbol `probe_1998'
   1934503:	binding file /tmp/tmp.6DDiLFbZd0/experiment-work/lazy [0] to /tmp/tmp.6DDiLFbZd0/experiment-work/libmany.so [0]: normal symbol `probe_1999'
   1934503:	binding file /tmp/tmp.6DDiLFbZd0/experiment-work/lazy [0] to /tmp/tmp.6DDiLFbZd0/experiment-work/libmany.so [0]: normal symbol `probe_2000'
   1934503:	binding file /tmp/tmp.6DDiLFbZd0/experiment-work/lazy [0] to /tmp/tmp.6DDiLFbZd0/experiment-work/libmany.so [0]: normal symbol `probe_2001'
   1934503:	binding file /tmp/tmp.6DDiLFbZd0/experiment-work/lazy [0] to /tmp/tmp.6DDiLFbZd0/experiment-work/libmany.so [0]: normal symbol `probe_2002'
   1934503:	binding file /tmp/tmp.6DDiLFbZd0/experiment-work/lazy [0] to /tmp/tmp.6DDiLFbZd0/experiment-work/libmany.so [0]: normal symbol `probe_2003'
   1934503:	binding file /tmp/tmp.6DDiLFbZd0/experiment-work/lazy [0] to /tmp/tmp.6DDiLFbZd0/experiment-work/libmany.so [0]: normal symbol `probe_2004'
   1934503:	binding file /tmp/tmp.6DDiLFbZd0/experiment-work/lazy [0] to /tmp/tmp.6DDiLFbZd0/experiment-work/libmany.so [0]: normal symbol `probe_2005'
   1934503:	binding file /tmp/tmp.6DDiLFbZd0/experiment-work/lazy [0] to /tmp/tmp.6DDiLFbZd0/experiment-work/libmany.so [0]: normal symbol `probe_2006'
   1934503:	binding file /tmp/tmp.6DDiLFbZd0/experiment-work/lazy [0] to /tmp/tmp.6DDiLFbZd0/experiment-work/libmany.so [0]: normal symbol `probe_2007'
   1934503:	binding file /tmp/tmp.6DDiLFbZd0/experiment-work/lazy [0] to /tmp/tmp.6DDiLFbZd0/experiment-work/libmany.so [0]: normal symbol `probe_2008'
   1934503:	binding file /tmp/tmp.6DDiLFbZd0/experiment-work/lazy [0] to /tmp/tmp.6DDiLFbZd0/experiment-work/libmany.so [0]: normal symbol `probe_2009'
   1934503:	binding file /tmp/tmp.6DDiLFbZd0/experiment-work/lazy [0] to /tmp/tmp.6DDiLFbZd0/experiment-work/libmany.so [0]: normal symbol `probe_2010'
   1934503:	binding file /tmp/tmp.6DDiLFbZd0/experiment-work/lazy [0] to /tmp/tmp.6DDiLFbZd0/experiment-work/libmany.so [0]: normal symbol `probe_2011'
   1934503:	binding file /tmp/tmp.6DDiLFbZd0/experiment-work/lazy [0] to /tmp/tmp.6DDiLFbZd0/experiment-work/libmany.so [0]: normal symbol `probe_2012'
   1934503:	binding file /tmp/tmp.6DDiLFbZd0/experiment-work/lazy [0] to /tmp/tmp.6DDiLFbZd0/experiment-work/libmany.so [0]: normal symbol `probe_2013'
   1934503:	binding file /tmp/tmp.6DDiLFbZd0/experiment-work/lazy [0] to /tmp/tmp.6DDiLFbZd0/experiment-work/libmany.so [0]: normal symbol `probe_2014'
   1934503:	binding file /tmp/tmp.6DDiLFbZd0/experiment-work/lazy [0] to /tmp/tmp.6DDiLFbZd0/experiment-work/libmany.so [0]: normal symbol `probe_2015'
   1934503:	binding file /tmp/tmp.6DDiLFbZd0/experiment-work/lazy [0] to /tmp/tmp.6DDiLFbZd0/experiment-work/libmany.so [0]: normal symbol `probe_2016'
   1934503:	binding file /tmp/tmp.6DDiLFbZd0/experiment-work/lazy [0] to /tmp/tmp.6DDiLFbZd0/experiment-work/libmany.so [0]: normal symbol `probe_2017'
   1934503:	binding file /tmp/tmp.6DDiLFbZd0/experiment-work/lazy [0] to /tmp/tmp.6DDiLFbZd0/experiment-work/libmany.so [0]: normal symbol `probe_2018'
   1934503:	binding file /tmp/tmp.6DDiLFbZd0/experiment-work/lazy [0] to /tmp/tmp.6DDiLFbZd0/experiment-work/libmany.so [0]: normal symbol `probe_2019'
   1934503:	binding file /tmp/tmp.6DDiLFbZd0/experiment-work/lazy [0] to /tmp/tmp.6DDiLFbZd0/experiment-work/libmany.so [0]: normal symbol `probe_2020'
   1934503:	binding file /tmp/tmp.6DDiLFbZd0/experiment-work/lazy [0] to /tmp/tmp.6DDiLFbZd0/experiment-work/libmany.so [0]: normal symbol `probe_2021'
   1934503:	binding file /tmp/tmp.6DDiLFbZd0/experiment-work/lazy [0] to /tmp/tmp.6DDiLFbZd0/experiment-work/libmany.so [0]: normal symbol `probe_2022'
   1934503:	binding file /tmp/tmp.6DDiLFbZd0/experiment-work/lazy [0] to /tmp/tmp.6DDiLFbZd0/experiment-work/libmany.so [0]: normal symbol `probe_2023'
   1934503:	binding file /tmp/tmp.6DDiLFbZd0/experiment-work/lazy [0] to /tmp/tmp.6DDiLFbZd0/experiment-work/libmany.so [0]: normal symbol `probe_2024'
   1934503:	binding file /tmp/tmp.6DDiLFbZd0/experiment-work/lazy [0] to /tmp/tmp.6DDiLFbZd0/experiment-work/libmany.so [0]: normal symbol `probe_2025'
   1934503:	binding file /tmp/tmp.6DDiLFbZd0/experiment-work/lazy [0] to /tmp/tmp.6DDiLFbZd0/experiment-work/libmany.so [0]: normal symbol `probe_2026'
   1934503:	binding file /tmp/tmp.6DDiLFbZd0/experiment-work/lazy [0] to /tmp/tmp.6DDiLFbZd0/experiment-work/libmany.so [0]: normal symbol `probe_2027'
   1934503:	binding file /tmp/tmp.6DDiLFbZd0/experiment-work/lazy [0] to /tmp/tmp.6DDiLFbZd0/experiment-work/libmany.so [0]: normal symbol `probe_2028'
   1934503:	binding file /tmp/tmp.6DDiLFbZd0/experiment-work/lazy [0] to /tmp/tmp.6DDiLFbZd0/experiment-work/libmany.so [0]: normal symbol `probe_2029'
   1934503:	binding file /tmp/tmp.6DDiLFbZd0/experiment-work/lazy [0] to /tmp/tmp.6DDiLFbZd0/experiment-work/libmany.so [0]: normal symbol `probe_2030'
   1934503:	binding file /tmp/tmp.6DDiLFbZd0/experiment-work/lazy [0] to /tmp/tmp.6DDiLFbZd0/experiment-work/libmany.so [0]: normal symbol `probe_2031'
   1934503:	binding file /tmp/tmp.6DDiLFbZd0/experiment-work/lazy [0] to /tmp/tmp.6DDiLFbZd0/experiment-work/libmany.so [0]: normal symbol `probe_2032'
   1934503:	binding file /tmp/tmp.6DDiLFbZd0/experiment-work/lazy [0] to /tmp/tmp.6DDiLFbZd0/experiment-work/libmany.so [0]: normal symbol `probe_2033'
   1934503:	binding file /tmp/tmp.6DDiLFbZd0/experiment-work/lazy [0] to /tmp/tmp.6DDiLFbZd0/experiment-work/libmany.so [0]: normal symbol `probe_2034'
   1934503:	binding file /tmp/tmp.6DDiLFbZd0/experiment-work/lazy [0] to /tmp/tmp.6DDiLFbZd0/experiment-work/libmany.so [0]: normal symbol `probe_2035'
   1934503:	binding file /tmp/tmp.6DDiLFbZd0/experiment-work/lazy [0] to /tmp/tmp.6DDiLFbZd0/experiment-work/libmany.so [0]: normal symbol `probe_2036'
   1934503:	binding file /tmp/tmp.6DDiLFbZd0/experiment-work/lazy [0] to /tmp/tmp.6DDiLFbZd0/experiment-work/libmany.so [0]: normal symbol `probe_2037'
   1934503:	binding file /tmp/tmp.6DDiLFbZd0/experiment-work/lazy [0] to /tmp/tmp.6DDiLFbZd0/experiment-work/libmany.so [0]: normal symbol `probe_2038'
   1934503:	binding file /tmp/tmp.6DDiLFbZd0/experiment-work/lazy [0] to /tmp/tmp.6DDiLFbZd0/experiment-work/libmany.so [0]: normal symbol `probe_2039'
   1934503:	binding file /tmp/tmp.6DDiLFbZd0/experiment-work/lazy [0] to /tmp/tmp.6DDiLFbZd0/experiment-work/libmany.so [0]: normal symbol `probe_2040'
   1934503:	binding file /tmp/tmp.6DDiLFbZd0/experiment-work/lazy [0] to /tmp/tmp.6DDiLFbZd0/experiment-work/libmany.so [0]: normal symbol `probe_2041'
   1934503:	binding file /tmp/tmp.6DDiLFbZd0/experiment-work/lazy [0] to /tmp/tmp.6DDiLFbZd0/experiment-work/libmany.so [0]: normal symbol `probe_2042'
   1934503:	binding file /tmp/tmp.6DDiLFbZd0/experiment-work/lazy [0] to /tmp/tmp.6DDiLFbZd0/experiment-work/libmany.so [0]: normal symbol `probe_2043'
   1934503:	binding file /tmp/tmp.6DDiLFbZd0/experiment-work/lazy [0] to /tmp/tmp.6DDiLFbZd0/experiment-work/libmany.so [0]: normal symbol `probe_2044'
   1934503:	binding file /tmp/tmp.6DDiLFbZd0/experiment-work/lazy [0] to /tmp/tmp.6DDiLFbZd0/experiment-work/libmany.so [0]: normal symbol `probe_2045'
   1934503:	binding file /tmp/tmp.6DDiLFbZd0/experiment-work/lazy [0] to /tmp/tmp.6DDiLFbZd0/experiment-work/libmany.so [0]: normal symbol `probe_2046'
   1934503:	binding file /tmp/tmp.6DDiLFbZd0/experiment-work/lazy [0] to /tmp/tmp.6DDiLFbZd0/experiment-work/libmany.so [0]: normal symbol `probe_2047'
   1934503:	binding file /tmp/tmp.6DDiLFbZd0/experiment-work/lazy [0] to /tmp/tmp.6DDiLFbZd0/experiment-work/libmany.so [0]: normal symbol `probe_2048'
   1934503:	binding file /tmp/tmp.6DDiLFbZd0/experiment-work/lazy [0] to /tmp/tmp.6DDiLFbZd0/experiment-work/libmany.so [0]: normal symbol `probe_2049'
   1934503:	binding file /tmp/tmp.6DDiLFbZd0/experiment-work/lazy [0] to /tmp/tmp.6DDiLFbZd0/experiment-work/libmany.so [0]: normal symbol `probe_2050'
   1934503:	binding file /tmp/tmp.6DDiLFbZd0/experiment-work/lazy [0] to /tmp/tmp.6DDiLFbZd0/experiment-work/libmany.so [0]: normal symbol `probe_2051'
   1934503:	binding file /tmp/tmp.6DDiLFbZd0/experiment-work/lazy [0] to /tmp/tmp.6DDiLFbZd0/experiment-work/libmany.so [0]: normal symbol `probe_2052'
   1934503:	binding file /tmp/tmp.6DDiLFbZd0/experiment-work/lazy [0] to /tmp/tmp.6DDiLFbZd0/experiment-work/libmany.so [0]: normal symbol `probe_2053'
   1934503:	binding file /tmp/tmp.6DDiLFbZd0/experiment-work/lazy [0] to /tmp/tmp.6DDiLFbZd0/experiment-work/libmany.so [0]: normal symbol `probe_2054'
   1934503:	binding file /tmp/tmp.6DDiLFbZd0/experiment-work/lazy [0] to /tmp/tmp.6DDiLFbZd0/experiment-work/libmany.so [0]: normal symbol `probe_2055'
   1934503:	binding file /tmp/tmp.6DDiLFbZd0/experiment-work/lazy [0] to /tmp/tmp.6DDiLFbZd0/experiment-work/libmany.so [0]: normal symbol `probe_2056'
   1934503:	binding file /tmp/tmp.6DDiLFbZd0/experiment-work/lazy [0] to /tmp/tmp.6DDiLFbZd0/experiment-work/libmany.so [0]: normal symbol `probe_2057'
   1934503:	binding file /tmp/tmp.6DDiLFbZd0/experiment-work/lazy [0] to /tmp/tmp.6DDiLFbZd0/experiment-work/libmany.so [0]: normal symbol `probe_2058'
   1934503:	binding file /tmp/tmp.6DDiLFbZd0/experiment-work/lazy [0] to /tmp/tmp.6DDiLFbZd0/experiment-work/libmany.so [0]: normal symbol `probe_2059'
   1934503:	binding file /tmp/tmp.6DDiLFbZd0/experiment-work/lazy [0] to /tmp/tmp.6DDiLFbZd0/experiment-work/libmany.so [0]: normal symbol `probe_2060'
   1934503:	binding file /tmp/tmp.6DDiLFbZd0/experiment-work/lazy [0] to /tmp/tmp.6DDiLFbZd0/experiment-work/libmany.so [0]: normal symbol `probe_2061'
   1934503:	binding file /tmp/tmp.6DDiLFbZd0/experiment-work/lazy [0] to /tmp/tmp.6DDiLFbZd0/experiment-work/libmany.so [0]: normal symbol `probe_2062'
   1934503:	binding file /tmp/tmp.6DDiLFbZd0/experiment-work/lazy [0] to /tmp/tmp.6DDiLFbZd0/experiment-work/libmany.so [0]: normal symbol `probe_2063'
   1934503:	binding file /tmp/tmp.6DDiLFbZd0/experiment-work/lazy [0] to /tmp/tmp.6DDiLFbZd0/experiment-work/libmany.so [0]: normal symbol `probe_2064'
   1934503:	binding file /tmp/tmp.6DDiLFbZd0/experiment-work/lazy [0] to /tmp/tmp.6DDiLFbZd0/experiment-work/libmany.so [0]: normal symbol `probe_2065'
   1934503:	binding file /tmp/tmp.6DDiLFbZd0/experiment-work/lazy [0] to /tmp/tmp.6DDiLFbZd0/experiment-work/libmany.so [0]: normal symbol `probe_2066'
   1934503:	binding file /tmp/tmp.6DDiLFbZd0/experiment-work/lazy [0] to /tmp/tmp.6DDiLFbZd0/experiment-work/libmany.so [0]: normal symbol `probe_2067'
   1934503:	binding file /tmp/tmp.6DDiLFbZd0/experiment-work/lazy [0] to /tmp/tmp.6DDiLFbZd0/experiment-work/libmany.so [0]: normal symbol `probe_2068'
   1934503:	binding file /tmp/tmp.6DDiLFbZd0/experiment-work/lazy [0] to /tmp/tmp.6DDiLFbZd0/experiment-work/libmany.so [0]: normal symbol `probe_2069'
   1934503:	binding file /tmp/tmp.6DDiLFbZd0/experiment-work/lazy [0] to /tmp/tmp.6DDiLFbZd0/experiment-work/libmany.so [0]: normal symbol `probe_2070'
   1934503:	binding file /tmp/tmp.6DDiLFbZd0/experiment-work/lazy [0] to /tmp/tmp.6DDiLFbZd0/experiment-work/libmany.so [0]: normal symbol `probe_2071'
   1934503:	binding file /tmp/tmp.6DDiLFbZd0/experiment-work/lazy [0] to /tmp/tmp.6DDiLFbZd0/experiment-work/libmany.so [0]: normal symbol `probe_2072'
   1934503:	binding file /tmp/tmp.6DDiLFbZd0/experiment-work/lazy [0] to /tmp/tmp.6DDiLFbZd0/experiment-work/libmany.so [0]: normal symbol `probe_2073'
   1934503:	binding file /tmp/tmp.6DDiLFbZd0/experiment-work/lazy [0] to /tmp/tmp.6DDiLFbZd0/experiment-work/libmany.so [0]: normal symbol `probe_2074'
   1934503:	binding file /tmp/tmp.6DDiLFbZd0/experiment-work/lazy [0] to /tmp/tmp.6DDiLFbZd0/experiment-work/libmany.so [0]: normal symbol `probe_2075'
   1934503:	binding file /tmp/tmp.6DDiLFbZd0/experiment-work/lazy [0] to /tmp/tmp.6DDiLFbZd0/experiment-work/libmany.so [0]: normal symbol `probe_2076'
   1934503:	binding file /tmp/tmp.6DDiLFbZd0/experiment-work/lazy [0] to /tmp/tmp.6DDiLFbZd0/experiment-work/libmany.so [0]: normal symbol `probe_2077'
   1934503:	binding file /tmp/tmp.6DDiLFbZd0/experiment-work/lazy [0] to /tmp/tmp.6DDiLFbZd0/experiment-work/libmany.so [0]: normal symbol `probe_2078'
   1934503:	binding file /tmp/tmp.6DDiLFbZd0/experiment-work/lazy [0] to /tmp/tmp.6DDiLFbZd0/experiment-work/libmany.so [0]: normal symbol `probe_2079'
   1934503:	binding file /tmp/tmp.6DDiLFbZd0/experiment-work/lazy [0] to /tmp/tmp.6DDiLFbZd0/experiment-work/libmany.so [0]: normal symbol `probe_2080'
   1934503:	binding file /tmp/tmp.6DDiLFbZd0/experiment-work/lazy [0] to /tmp/tmp.6DDiLFbZd0/experiment-work/libmany.so [0]: normal symbol `probe_2081'
   1934503:	binding file /tmp/tmp.6DDiLFbZd0/experiment-work/lazy [0] to /tmp/tmp.6DDiLFbZd0/experiment-work/libmany.so [0]: normal symbol `probe_2082'
   1934503:	binding file /tmp/tmp.6DDiLFbZd0/experiment-work/lazy [0] to /tmp/tmp.6DDiLFbZd0/experiment-work/libmany.so [0]: normal symbol `probe_2083'
   1934503:	binding file /tmp/tmp.6DDiLFbZd0/experiment-work/lazy [0] to /tmp/tmp.6DDiLFbZd0/experiment-work/libmany.so [0]: normal symbol `probe_2084'
   1934503:	binding file /tmp/tmp.6DDiLFbZd0/experiment-work/lazy [0] to /tmp/tmp.6DDiLFbZd0/experiment-work/libmany.so [0]: normal symbol `probe_2085'
   1934503:	binding file /tmp/tmp.6DDiLFbZd0/experiment-work/lazy [0] to /tmp/tmp.6DDiLFbZd0/experiment-work/libmany.so [0]: normal symbol `probe_2086'
   1934503:	binding file /tmp/tmp.6DDiLFbZd0/experiment-work/lazy [0] to /tmp/tmp.6DDiLFbZd0/experiment-work/libmany.so [0]: normal symbol `probe_2087'
   1934503:	binding file /tmp/tmp.6DDiLFbZd0/experiment-work/lazy [0] to /tmp/tmp.6DDiLFbZd0/experiment-work/libmany.so [0]: normal symbol `probe_2088'
   1934503:	binding file /tmp/tmp.6DDiLFbZd0/experiment-work/lazy [0] to /tmp/tmp.6DDiLFbZd0/experiment-work/libmany.so [0]: normal symbol `probe_2089'
   1934503:	binding file /tmp/tmp.6DDiLFbZd0/experiment-work/lazy [0] to /tmp/tmp.6DDiLFbZd0/experiment-work/libmany.so [0]: normal symbol `probe_2090'
   1934503:	binding file /tmp/tmp.6DDiLFbZd0/experiment-work/lazy [0] to /tmp/tmp.6DDiLFbZd0/experiment-work/libmany.so [0]: normal symbol `probe_2091'
   1934503:	binding file /tmp/tmp.6DDiLFbZd0/experiment-work/lazy [0] to /tmp/tmp.6DDiLFbZd0/experiment-work/libmany.so [0]: normal symbol `probe_2092'
   1934503:	binding file /tmp/tmp.6DDiLFbZd0/experiment-work/lazy [0] to /tmp/tmp.6DDiLFbZd0/experiment-work/libmany.so [0]: normal symbol `probe_2093'
   1934503:	binding file /tmp/tmp.6DDiLFbZd0/experiment-work/lazy [0] to /tmp/tmp.6DDiLFbZd0/experiment-work/libmany.so [0]: normal symbol `probe_2094'
   1934503:	binding file /tmp/tmp.6DDiLFbZd0/experiment-work/lazy [0] to /tmp/tmp.6DDiLFbZd0/experiment-work/libmany.so [0]: normal symbol `probe_2095'
   1934503:	binding file /tmp/tmp.6DDiLFbZd0/experiment-work/lazy [0] to /tmp/tmp.6DDiLFbZd0/experiment-work/libmany.so [0]: normal symbol `probe_2096'
   1934503:	binding file /tmp/tmp.6DDiLFbZd0/experiment-work/lazy [0] to /tmp/tmp.6DDiLFbZd0/experiment-work/libmany.so [0]: normal symbol `probe_2097'
   1934503:	binding file /tmp/tmp.6DDiLFbZd0/experiment-work/lazy [0] to /tmp/tmp.6DDiLFbZd0/experiment-work/libmany.so [0]: normal symbol `probe_2098'
   1934503:	binding file /tmp/tmp.6DDiLFbZd0/experiment-work/lazy [0] to /tmp/tmp.6DDiLFbZd0/experiment-work/libmany.so [0]: normal symbol `probe_2099'
   1934503:	binding file /tmp/tmp.6DDiLFbZd0/experiment-work/lazy [0] to /tmp/tmp.6DDiLFbZd0/experiment-work/libmany.so [0]: normal symbol `probe_2100'
   1934503:	binding file /tmp/tmp.6DDiLFbZd0/experiment-work/lazy [0] to /tmp/tmp.6DDiLFbZd0/experiment-work/libmany.so [0]: normal symbol `probe_2101'
   1934503:	binding file /tmp/tmp.6DDiLFbZd0/experiment-work/lazy [0] to /tmp/tmp.6DDiLFbZd0/experiment-work/libmany.so [0]: normal symbol `probe_2102'
   1934503:	binding file /tmp/tmp.6DDiLFbZd0/experiment-work/lazy [0] to /tmp/tmp.6DDiLFbZd0/experiment-work/libmany.so [0]: normal symbol `probe_2103'
   1934503:	binding file /tmp/tmp.6DDiLFbZd0/experiment-work/lazy [0] to /tmp/tmp.6DDiLFbZd0/experiment-work/libmany.so [0]: normal symbol `probe_2104'
   1934503:	binding file /tmp/tmp.6DDiLFbZd0/experiment-work/lazy [0] to /tmp/tmp.6DDiLFbZd0/experiment-work/libmany.so [0]: normal symbol `probe_2105'
   1934503:	binding file /tmp/tmp.6DDiLFbZd0/experiment-work/lazy [0] to /tmp/tmp.6DDiLFbZd0/experiment-work/libmany.so [0]: normal symbol `probe_2106'
   1934503:	binding file /tmp/tmp.6DDiLFbZd0/experiment-work/lazy [0] to /tmp/tmp.6DDiLFbZd0/experiment-work/libmany.so [0]: normal symbol `probe_2107'
   1934503:	binding file /tmp/tmp.6DDiLFbZd0/experiment-work/lazy [0] to /tmp/tmp.6DDiLFbZd0/experiment-work/libmany.so [0]: normal symbol `probe_2108'
   1934503:	binding file /tmp/tmp.6DDiLFbZd0/experiment-work/lazy [0] to /tmp/tmp.6DDiLFbZd0/experiment-work/libmany.so [0]: normal symbol `probe_2109'
   1934503:	binding file /tmp/tmp.6DDiLFbZd0/experiment-work/lazy [0] to /tmp/tmp.6DDiLFbZd0/experiment-work/libmany.so [0]: normal symbol `probe_2110'
   1934503:	binding file /tmp/tmp.6DDiLFbZd0/experiment-work/lazy [0] to /tmp/tmp.6DDiLFbZd0/experiment-work/libmany.so [0]: normal symbol `probe_2111'
   1934503:	binding file /tmp/tmp.6DDiLFbZd0/experiment-work/lazy [0] to /tmp/tmp.6DDiLFbZd0/experiment-work/libmany.so [0]: normal symbol `probe_2112'
   1934503:	binding file /tmp/tmp.6DDiLFbZd0/experiment-work/lazy [0] to /tmp/tmp.6DDiLFbZd0/experiment-work/libmany.so [0]: normal symbol `probe_2113'
   1934503:	binding file /tmp/tmp.6DDiLFbZd0/experiment-work/lazy [0] to /tmp/tmp.6DDiLFbZd0/experiment-work/libmany.so [0]: normal symbol `probe_2114'
   1934503:	binding file /tmp/tmp.6DDiLFbZd0/experiment-work/lazy [0] to /tmp/tmp.6DDiLFbZd0/experiment-work/libmany.so [0]: normal symbol `probe_2115'
   1934503:	binding file /tmp/tmp.6DDiLFbZd0/experiment-work/lazy [0] to /tmp/tmp.6DDiLFbZd0/experiment-work/libmany.so [0]: normal symbol `probe_2116'
   1934503:	binding file /tmp/tmp.6DDiLFbZd0/experiment-work/lazy [0] to /tmp/tmp.6DDiLFbZd0/experiment-work/libmany.so [0]: normal symbol `probe_2117'
   1934503:	binding file /tmp/tmp.6DDiLFbZd0/experiment-work/lazy [0] to /tmp/tmp.6DDiLFbZd0/experiment-work/libmany.so [0]: normal symbol `probe_2118'
   1934503:	binding file /tmp/tmp.6DDiLFbZd0/experiment-work/lazy [0] to /tmp/tmp.6DDiLFbZd0/experiment-work/libmany.so [0]: normal symbol `probe_2119'
   1934503:	binding file /tmp/tmp.6DDiLFbZd0/experiment-work/lazy [0] to /tmp/tmp.6DDiLFbZd0/experiment-work/libmany.so [0]: normal symbol `probe_2120'
   1934503:	binding file /tmp/tmp.6DDiLFbZd0/experiment-work/lazy [0] to /tmp/tmp.6DDiLFbZd0/experiment-work/libmany.so [0]: normal symbol `probe_2121'
   1934503:	binding file /tmp/tmp.6DDiLFbZd0/experiment-work/lazy [0] to /tmp/tmp.6DDiLFbZd0/experiment-work/libmany.so [0]: normal symbol `probe_2122'
   1934503:	binding file /tmp/tmp.6DDiLFbZd0/experiment-work/lazy [0] to /tmp/tmp.6DDiLFbZd0/experiment-work/libmany.so [0]: normal symbol `probe_2123'
   1934503:	binding file /tmp/tmp.6DDiLFbZd0/experiment-work/lazy [0] to /tmp/tmp.6DDiLFbZd0/experiment-work/libmany.so [0]: normal symbol `probe_2124'
   1934503:	binding file /tmp/tmp.6DDiLFbZd0/experiment-work/lazy [0] to /tmp/tmp.6DDiLFbZd0/experiment-work/libmany.so [0]: normal symbol `probe_2125'
   1934503:	binding file /tmp/tmp.6DDiLFbZd0/experiment-work/lazy [0] to /tmp/tmp.6DDiLFbZd0/experiment-work/libmany.so [0]: normal symbol `probe_2126'
   1934503:	binding file /tmp/tmp.6DDiLFbZd0/experiment-work/lazy [0] to /tmp/tmp.6DDiLFbZd0/experiment-work/libmany.so [0]: normal symbol `probe_2127'
   1934503:	binding file /tmp/tmp.6DDiLFbZd0/experiment-work/lazy [0] to /tmp/tmp.6DDiLFbZd0/experiment-work/libmany.so [0]: normal symbol `probe_2128'
   1934503:	binding file /tmp/tmp.6DDiLFbZd0/experiment-work/lazy [0] to /tmp/tmp.6DDiLFbZd0/experiment-work/libmany.so [0]: normal symbol `probe_2129'
   1934503:	binding file /tmp/tmp.6DDiLFbZd0/experiment-work/lazy [0] to /tmp/tmp.6DDiLFbZd0/experiment-work/libmany.so [0]: normal symbol `probe_2130'
   1934503:	binding file /tmp/tmp.6DDiLFbZd0/experiment-work/lazy [0] to /tmp/tmp.6DDiLFbZd0/experiment-work/libmany.so [0]: normal symbol `probe_2131'
   1934503:	binding file /tmp/tmp.6DDiLFbZd0/experiment-work/lazy [0] to /tmp/tmp.6DDiLFbZd0/experiment-work/libmany.so [0]: normal symbol `probe_2132'
   1934503:	binding file /tmp/tmp.6DDiLFbZd0/experiment-work/lazy [0] to /tmp/tmp.6DDiLFbZd0/experiment-work/libmany.so [0]: normal symbol `probe_2133'
   1934503:	binding file /tmp/tmp.6DDiLFbZd0/experiment-work/lazy [0] to /tmp/tmp.6DDiLFbZd0/experiment-work/libmany.so [0]: normal symbol `probe_2134'
   1934503:	binding file /tmp/tmp.6DDiLFbZd0/experiment-work/lazy [0] to /tmp/tmp.6DDiLFbZd0/experiment-work/libmany.so [0]: normal symbol `probe_2135'
   1934503:	binding file /tmp/tmp.6DDiLFbZd0/experiment-work/lazy [0] to /tmp/tmp.6DDiLFbZd0/experiment-work/libmany.so [0]: normal symbol `probe_2136'
   1934503:	binding file /tmp/tmp.6DDiLFbZd0/experiment-work/lazy [0] to /tmp/tmp.6DDiLFbZd0/experiment-work/libmany.so [0]: normal symbol `probe_2137'
   1934503:	binding file /tmp/tmp.6DDiLFbZd0/experiment-work/lazy [0] to /tmp/tmp.6DDiLFbZd0/experiment-work/libmany.so [0]: normal symbol `probe_2138'
   1934503:	binding file /tmp/tmp.6DDiLFbZd0/experiment-work/lazy [0] to /tmp/tmp.6DDiLFbZd0/experiment-work/libmany.so [0]: normal symbol `probe_2139'
   1934503:	binding file /tmp/tmp.6DDiLFbZd0/experiment-work/lazy [0] to /tmp/tmp.6DDiLFbZd0/experiment-work/libmany.so [0]: normal symbol `probe_2140'
   1934503:	binding file /tmp/tmp.6DDiLFbZd0/experiment-work/lazy [0] to /tmp/tmp.6DDiLFbZd0/experiment-work/libmany.so [0]: normal symbol `probe_2141'
   1934503:	binding file /tmp/tmp.6DDiLFbZd0/experiment-work/lazy [0] to /tmp/tmp.6DDiLFbZd0/experiment-work/libmany.so [0]: normal symbol `probe_2142'
   1934503:	binding file /tmp/tmp.6DDiLFbZd0/experiment-work/lazy [0] to /tmp/tmp.6DDiLFbZd0/experiment-work/libmany.so [0]: normal symbol `probe_2143'
   1934503:	binding file /tmp/tmp.6DDiLFbZd0/experiment-work/lazy [0] to /tmp/tmp.6DDiLFbZd0/experiment-work/libmany.so [0]: normal symbol `probe_2144'
   1934503:	binding file /tmp/tmp.6DDiLFbZd0/experiment-work/lazy [0] to /tmp/tmp.6DDiLFbZd0/experiment-work/libmany.so [0]: normal symbol `probe_2145'
   1934503:	binding file /tmp/tmp.6DDiLFbZd0/experiment-work/lazy [0] to /tmp/tmp.6DDiLFbZd0/experiment-work/libmany.so [0]: normal symbol `probe_2146'
   1934503:	binding file /tmp/tmp.6DDiLFbZd0/experiment-work/lazy [0] to /tmp/tmp.6DDiLFbZd0/experiment-work/libmany.so [0]: normal symbol `probe_2147'
   1934503:	binding file /tmp/tmp.6DDiLFbZd0/experiment-work/lazy [0] to /tmp/tmp.6DDiLFbZd0/experiment-work/libmany.so [0]: normal symbol `probe_2148'
   1934503:	binding file /tmp/tmp.6DDiLFbZd0/experiment-work/lazy [0] to /tmp/tmp.6DDiLFbZd0/experiment-work/libmany.so [0]: normal symbol `probe_2149'
   1934503:	binding file /tmp/tmp.6DDiLFbZd0/experiment-work/lazy [0] to /tmp/tmp.6DDiLFbZd0/experiment-work/libmany.so [0]: normal symbol `probe_2150'
   1934503:	binding file /tmp/tmp.6DDiLFbZd0/experiment-work/lazy [0] to /tmp/tmp.6DDiLFbZd0/experiment-work/libmany.so [0]: normal symbol `probe_2151'
   1934503:	binding file /tmp/tmp.6DDiLFbZd0/experiment-work/lazy [0] to /tmp/tmp.6DDiLFbZd0/experiment-work/libmany.so [0]: normal symbol `probe_2152'
   1934503:	binding file /tmp/tmp.6DDiLFbZd0/experiment-work/lazy [0] to /tmp/tmp.6DDiLFbZd0/experiment-work/libmany.so [0]: normal symbol `probe_2153'
   1934503:	binding file /tmp/tmp.6DDiLFbZd0/experiment-work/lazy [0] to /tmp/tmp.6DDiLFbZd0/experiment-work/libmany.so [0]: normal symbol `probe_2154'
   1934503:	binding file /tmp/tmp.6DDiLFbZd0/experiment-work/lazy [0] to /tmp/tmp.6DDiLFbZd0/experiment-work/libmany.so [0]: normal symbol `probe_2155'
   1934503:	binding file /tmp/tmp.6DDiLFbZd0/experiment-work/lazy [0] to /tmp/tmp.6DDiLFbZd0/experiment-work/libmany.so [0]: normal symbol `probe_2156'
   1934503:	binding file /tmp/tmp.6DDiLFbZd0/experiment-work/lazy [0] to /tmp/tmp.6DDiLFbZd0/experiment-work/libmany.so [0]: normal symbol `probe_2157'
   1934503:	binding file /tmp/tmp.6DDiLFbZd0/experiment-work/lazy [0] to /tmp/tmp.6DDiLFbZd0/experiment-work/libmany.so [0]: normal symbol `probe_2158'
   1934503:	binding file /tmp/tmp.6DDiLFbZd0/experiment-work/lazy [0] to /tmp/tmp.6DDiLFbZd0/experiment-work/libmany.so [0]: normal symbol `probe_2159'
   1934503:	binding file /tmp/tmp.6DDiLFbZd0/experiment-work/lazy [0] to /tmp/tmp.6DDiLFbZd0/experiment-work/libmany.so [0]: normal symbol `probe_2160'
   1934503:	binding file /tmp/tmp.6DDiLFbZd0/experiment-work/lazy [0] to /tmp/tmp.6DDiLFbZd0/experiment-work/libmany.so [0]: normal symbol `probe_2161'
   1934503:	binding file /tmp/tmp.6DDiLFbZd0/experiment-work/lazy [0] to /tmp/tmp.6DDiLFbZd0/experiment-work/libmany.so [0]: normal symbol `probe_2162'
   1934503:	binding file /tmp/tmp.6DDiLFbZd0/experiment-work/lazy [0] to /tmp/tmp.6DDiLFbZd0/experiment-work/libmany.so [0]: normal symbol `probe_2163'
   1934503:	binding file /tmp/tmp.6DDiLFbZd0/experiment-work/lazy [0] to /tmp/tmp.6DDiLFbZd0/experiment-work/libmany.so [0]: normal symbol `probe_2164'
   1934503:	binding file /tmp/tmp.6DDiLFbZd0/experiment-work/lazy [0] to /tmp/tmp.6DDiLFbZd0/experiment-work/libmany.so [0]: normal symbol `probe_2165'
   1934503:	binding file /tmp/tmp.6DDiLFbZd0/experiment-work/lazy [0] to /tmp/tmp.6DDiLFbZd0/experiment-work/libmany.so [0]: normal symbol `probe_2166'
   1934503:	binding file /tmp/tmp.6DDiLFbZd0/experiment-work/lazy [0] to /tmp/tmp.6DDiLFbZd0/experiment-work/libmany.so [0]: normal symbol `probe_2167'
   1934503:	binding file /tmp/tmp.6DDiLFbZd0/experiment-work/lazy [0] to /tmp/tmp.6DDiLFbZd0/experiment-work/libmany.so [0]: normal symbol `probe_2168'
   1934503:	binding file /tmp/tmp.6DDiLFbZd0/experiment-work/lazy [0] to /tmp/tmp.6DDiLFbZd0/experiment-work/libmany.so [0]: normal symbol `probe_2169'
   1934503:	binding file /tmp/tmp.6DDiLFbZd0/experiment-work/lazy [0] to /tmp/tmp.6DDiLFbZd0/experiment-work/libmany.so [0]: normal symbol `probe_2170'
   1934503:	binding file /tmp/tmp.6DDiLFbZd0/experiment-work/lazy [0] to /tmp/tmp.6DDiLFbZd0/experiment-work/libmany.so [0]: normal symbol `probe_2171'
   1934503:	binding file /tmp/tmp.6DDiLFbZd0/experiment-work/lazy [0] to /tmp/tmp.6DDiLFbZd0/experiment-work/libmany.so [0]: normal symbol `probe_2172'
   1934503:	binding file /tmp/tmp.6DDiLFbZd0/experiment-work/lazy [0] to /tmp/tmp.6DDiLFbZd0/experiment-work/libmany.so [0]: normal symbol `probe_2173'
   1934503:	binding file /tmp/tmp.6DDiLFbZd0/experiment-work/lazy [0] to /tmp/tmp.6DDiLFbZd0/experiment-work/libmany.so [0]: normal symbol `probe_2174'
   1934503:	binding file /tmp/tmp.6DDiLFbZd0/experiment-work/lazy [0] to /tmp/tmp.6DDiLFbZd0/experiment-work/libmany.so [0]: normal symbol `probe_2175'
   1934503:	binding file /tmp/tmp.6DDiLFbZd0/experiment-work/lazy [0] to /tmp/tmp.6DDiLFbZd0/experiment-work/libmany.so [0]: normal symbol `probe_2176'
   1934503:	binding file /tmp/tmp.6DDiLFbZd0/experiment-work/lazy [0] to /tmp/tmp.6DDiLFbZd0/experiment-work/libmany.so [0]: normal symbol `probe_2177'
   1934503:	binding file /tmp/tmp.6DDiLFbZd0/experiment-work/lazy [0] to /tmp/tmp.6DDiLFbZd0/experiment-work/libmany.so [0]: normal symbol `probe_2178'
   1934503:	binding file /tmp/tmp.6DDiLFbZd0/experiment-work/lazy [0] to /tmp/tmp.6DDiLFbZd0/experiment-work/libmany.so [0]: normal symbol `probe_2179'
   1934503:	binding file /tmp/tmp.6DDiLFbZd0/experiment-work/lazy [0] to /tmp/tmp.6DDiLFbZd0/experiment-work/libmany.so [0]: normal symbol `probe_2180'
   1934503:	binding file /tmp/tmp.6DDiLFbZd0/experiment-work/lazy [0] to /tmp/tmp.6DDiLFbZd0/experiment-work/libmany.so [0]: normal symbol `probe_2181'
   1934503:	binding file /tmp/tmp.6DDiLFbZd0/experiment-work/lazy [0] to /tmp/tmp.6DDiLFbZd0/experiment-work/libmany.so [0]: normal symbol `probe_2182'
   1934503:	binding file /tmp/tmp.6DDiLFbZd0/experiment-work/lazy [0] to /tmp/tmp.6DDiLFbZd0/experiment-work/libmany.so [0]: normal symbol `probe_2183'
   1934503:	binding file /tmp/tmp.6DDiLFbZd0/experiment-work/lazy [0] to /tmp/tmp.6DDiLFbZd0/experiment-work/libmany.so [0]: normal symbol `probe_2184'
   1934503:	binding file /tmp/tmp.6DDiLFbZd0/experiment-work/lazy [0] to /tmp/tmp.6DDiLFbZd0/experiment-work/libmany.so [0]: normal symbol `probe_2185'
   1934503:	binding file /tmp/tmp.6DDiLFbZd0/experiment-work/lazy [0] to /tmp/tmp.6DDiLFbZd0/experiment-work/libmany.so [0]: normal symbol `probe_2186'
   1934503:	binding file /tmp/tmp.6DDiLFbZd0/experiment-work/lazy [0] to /tmp/tmp.6DDiLFbZd0/experiment-work/libmany.so [0]: normal symbol `probe_2187'
   1934503:	binding file /tmp/tmp.6DDiLFbZd0/experiment-work/lazy [0] to /tmp/tmp.6DDiLFbZd0/experiment-work/libmany.so [0]: normal symbol `probe_2188'
   1934503:	binding file /tmp/tmp.6DDiLFbZd0/experiment-work/lazy [0] to /tmp/tmp.6DDiLFbZd0/experiment-work/libmany.so [0]: normal symbol `probe_2189'
   1934503:	binding file /tmp/tmp.6DDiLFbZd0/experiment-work/lazy [0] to /tmp/tmp.6DDiLFbZd0/experiment-work/libmany.so [0]: normal symbol `probe_2190'
   1934503:	binding file /tmp/tmp.6DDiLFbZd0/experiment-work/lazy [0] to /tmp/tmp.6DDiLFbZd0/experiment-work/libmany.so [0]: normal symbol `probe_2191'
   1934503:	binding file /tmp/tmp.6DDiLFbZd0/experiment-work/lazy [0] to /tmp/tmp.6DDiLFbZd0/experiment-work/libmany.so [0]: normal symbol `probe_2192'
   1934503:	binding file /tmp/tmp.6DDiLFbZd0/experiment-work/lazy [0] to /tmp/tmp.6DDiLFbZd0/experiment-work/libmany.so [0]: normal symbol `probe_2193'
   1934503:	binding file /tmp/tmp.6DDiLFbZd0/experiment-work/lazy [0] to /tmp/tmp.6DDiLFbZd0/experiment-work/libmany.so [0]: normal symbol `probe_2194'
   1934503:	binding file /tmp/tmp.6DDiLFbZd0/experiment-work/lazy [0] to /tmp/tmp.6DDiLFbZd0/experiment-work/libmany.so [0]: normal symbol `probe_2195'
   1934503:	binding file /tmp/tmp.6DDiLFbZd0/experiment-work/lazy [0] to /tmp/tmp.6DDiLFbZd0/experiment-work/libmany.so [0]: normal symbol `probe_2196'
   1934503:	binding file /tmp/tmp.6DDiLFbZd0/experiment-work/lazy [0] to /tmp/tmp.6DDiLFbZd0/experiment-work/libmany.so [0]: normal symbol `probe_2197'
   1934503:	binding file /tmp/tmp.6DDiLFbZd0/experiment-work/lazy [0] to /tmp/tmp.6DDiLFbZd0/experiment-work/libmany.so [0]: normal symbol `probe_2198'
   1934503:	binding file /tmp/tmp.6DDiLFbZd0/experiment-work/lazy [0] to /tmp/tmp.6DDiLFbZd0/experiment-work/libmany.so [0]: normal symbol `probe_2199'
   1934503:	binding file /tmp/tmp.6DDiLFbZd0/experiment-work/lazy [0] to /tmp/tmp.6DDiLFbZd0/experiment-work/libmany.so [0]: normal symbol `probe_2200'
   1934503:	binding file /tmp/tmp.6DDiLFbZd0/experiment-work/lazy [0] to /tmp/tmp.6DDiLFbZd0/experiment-work/libmany.so [0]: normal symbol `probe_2201'
   1934503:	binding file /tmp/tmp.6DDiLFbZd0/experiment-work/lazy [0] to /tmp/tmp.6DDiLFbZd0/experiment-work/libmany.so [0]: normal symbol `probe_2202'
   1934503:	binding file /tmp/tmp.6DDiLFbZd0/experiment-work/lazy [0] to /tmp/tmp.6DDiLFbZd0/experiment-work/libmany.so [0]: normal symbol `probe_2203'
   1934503:	binding file /tmp/tmp.6DDiLFbZd0/experiment-work/lazy [0] to /tmp/tmp.6DDiLFbZd0/experiment-work/libmany.so [0]: normal symbol `probe_2204'
   1934503:	binding file /tmp/tmp.6DDiLFbZd0/experiment-work/lazy [0] to /tmp/tmp.6DDiLFbZd0/experiment-work/libmany.so [0]: normal symbol `probe_2205'
   1934503:	binding file /tmp/tmp.6DDiLFbZd0/experiment-work/lazy [0] to /tmp/tmp.6DDiLFbZd0/experiment-work/libmany.so [0]: normal symbol `probe_2206'
   1934503:	binding file /tmp/tmp.6DDiLFbZd0/experiment-work/lazy [0] to /tmp/tmp.6DDiLFbZd0/experiment-work/libmany.so [0]: normal symbol `probe_2207'
   1934503:	binding file /tmp/tmp.6DDiLFbZd0/experiment-work/lazy [0] to /tmp/tmp.6DDiLFbZd0/experiment-work/libmany.so [0]: normal symbol `probe_2208'
   1934503:	binding file /tmp/tmp.6DDiLFbZd0/experiment-work/lazy [0] to /tmp/tmp.6DDiLFbZd0/experiment-work/libmany.so [0]: normal symbol `probe_2209'
   1934503:	binding file /tmp/tmp.6DDiLFbZd0/experiment-work/lazy [0] to /tmp/tmp.6DDiLFbZd0/experiment-work/libmany.so [0]: normal symbol `probe_2210'
   1934503:	binding file /tmp/tmp.6DDiLFbZd0/experiment-work/lazy [0] to /tmp/tmp.6DDiLFbZd0/experiment-work/libmany.so [0]: normal symbol `probe_2211'
   1934503:	binding file /tmp/tmp.6DDiLFbZd0/experiment-work/lazy [0] to /tmp/tmp.6DDiLFbZd0/experiment-work/libmany.so [0]: normal symbol `probe_2212'
   1934503:	binding file /tmp/tmp.6DDiLFbZd0/experiment-work/lazy [0] to /tmp/tmp.6DDiLFbZd0/experiment-work/libmany.so [0]: normal symbol `probe_2213'
   1934503:	binding file /tmp/tmp.6DDiLFbZd0/experiment-work/lazy [0] to /tmp/tmp.6DDiLFbZd0/experiment-work/libmany.so [0]: normal symbol `probe_2214'
   1934503:	binding file /tmp/tmp.6DDiLFbZd0/experiment-work/lazy [0] to /tmp/tmp.6DDiLFbZd0/experiment-work/libmany.so [0]: normal symbol `probe_2215'
   1934503:	binding file /tmp/tmp.6DDiLFbZd0/experiment-work/lazy [0] to /tmp/tmp.6DDiLFbZd0/experiment-work/libmany.so [0]: normal symbol `probe_2216'
   1934503:	binding file /tmp/tmp.6DDiLFbZd0/experiment-work/lazy [0] to /tmp/tmp.6DDiLFbZd0/experiment-work/libmany.so [0]: normal symbol `probe_2217'
   1934503:	binding file /tmp/tmp.6DDiLFbZd0/experiment-work/lazy [0] to /tmp/tmp.6DDiLFbZd0/experiment-work/libmany.so [0]: normal symbol `probe_2218'
   1934503:	binding file /tmp/tmp.6DDiLFbZd0/experiment-work/lazy [0] to /tmp/tmp.6DDiLFbZd0/experiment-work/libmany.so [0]: normal symbol `probe_2219'
   1934503:	binding file /tmp/tmp.6DDiLFbZd0/experiment-work/lazy [0] to /tmp/tmp.6DDiLFbZd0/experiment-work/libmany.so [0]: normal symbol `probe_2220'
   1934503:	binding file /tmp/tmp.6DDiLFbZd0/experiment-work/lazy [0] to /tmp/tmp.6DDiLFbZd0/experiment-work/libmany.so [0]: normal symbol `probe_2221'
   1934503:	binding file /tmp/tmp.6DDiLFbZd0/experiment-work/lazy [0] to /tmp/tmp.6DDiLFbZd0/experiment-work/libmany.so [0]: normal symbol `probe_2222'
   1934503:	binding file /tmp/tmp.6DDiLFbZd0/experiment-work/lazy [0] to /tmp/tmp.6DDiLFbZd0/experiment-work/libmany.so [0]: normal symbol `probe_2223'
   1934503:	binding file /tmp/tmp.6DDiLFbZd0/experiment-work/lazy [0] to /tmp/tmp.6DDiLFbZd0/experiment-work/libmany.so [0]: normal symbol `probe_2224'
   1934503:	binding file /tmp/tmp.6DDiLFbZd0/experiment-work/lazy [0] to /tmp/tmp.6DDiLFbZd0/experiment-work/libmany.so [0]: normal symbol `probe_2225'
   1934503:	binding file /tmp/tmp.6DDiLFbZd0/experiment-work/lazy [0] to /tmp/tmp.6DDiLFbZd0/experiment-work/libmany.so [0]: normal symbol `probe_2226'
   1934503:	binding file /tmp/tmp.6DDiLFbZd0/experiment-work/lazy [0] to /tmp/tmp.6DDiLFbZd0/experiment-work/libmany.so [0]: normal symbol `probe_2227'
   1934503:	binding file /tmp/tmp.6DDiLFbZd0/experiment-work/lazy [0] to /tmp/tmp.6DDiLFbZd0/experiment-work/libmany.so [0]: normal symbol `probe_2228'
   1934503:	binding file /tmp/tmp.6DDiLFbZd0/experiment-work/lazy [0] to /tmp/tmp.6DDiLFbZd0/experiment-work/libmany.so [0]: normal symbol `probe_2229'
   1934503:	binding file /tmp/tmp.6DDiLFbZd0/experiment-work/lazy [0] to /tmp/tmp.6DDiLFbZd0/experiment-work/libmany.so [0]: normal symbol `probe_2230'
   1934503:	binding file /tmp/tmp.6DDiLFbZd0/experiment-work/lazy [0] to /tmp/tmp.6DDiLFbZd0/experiment-work/libmany.so [0]: normal symbol `probe_2231'
   1934503:	binding file /tmp/tmp.6DDiLFbZd0/experiment-work/lazy [0] to /tmp/tmp.6DDiLFbZd0/experiment-work/libmany.so [0]: normal symbol `probe_2232'
   1934503:	binding file /tmp/tmp.6DDiLFbZd0/experiment-work/lazy [0] to /tmp/tmp.6DDiLFbZd0/experiment-work/libmany.so [0]: normal symbol `probe_2233'
   1934503:	binding file /tmp/tmp.6DDiLFbZd0/experiment-work/lazy [0] to /tmp/tmp.6DDiLFbZd0/experiment-work/libmany.so [0]: normal symbol `probe_2234'
   1934503:	binding file /tmp/tmp.6DDiLFbZd0/experiment-work/lazy [0] to /tmp/tmp.6DDiLFbZd0/experiment-work/libmany.so [0]: normal symbol `probe_2235'
   1934503:	binding file /tmp/tmp.6DDiLFbZd0/experiment-work/lazy [0] to /tmp/tmp.6DDiLFbZd0/experiment-work/libmany.so [0]: normal symbol `probe_2236'
   1934503:	binding file /tmp/tmp.6DDiLFbZd0/experiment-work/lazy [0] to /tmp/tmp.6DDiLFbZd0/experiment-work/libmany.so [0]: normal symbol `probe_2237'
   1934503:	binding file /tmp/tmp.6DDiLFbZd0/experiment-work/lazy [0] to /tmp/tmp.6DDiLFbZd0/experiment-work/libmany.so [0]: normal symbol `probe_2238'
   1934503:	binding file /tmp/tmp.6DDiLFbZd0/experiment-work/lazy [0] to /tmp/tmp.6DDiLFbZd0/experiment-work/libmany.so [0]: normal symbol `probe_2239'
   1934503:	binding file /tmp/tmp.6DDiLFbZd0/experiment-work/lazy [0] to /tmp/tmp.6DDiLFbZd0/experiment-work/libmany.so [0]: normal symbol `probe_2240'
   1934503:	binding file /tmp/tmp.6DDiLFbZd0/experiment-work/lazy [0] to /tmp/tmp.6DDiLFbZd0/experiment-work/libmany.so [0]: normal symbol `probe_2241'
   1934503:	binding file /tmp/tmp.6DDiLFbZd0/experiment-work/lazy [0] to /tmp/tmp.6DDiLFbZd0/experiment-work/libmany.so [0]: normal symbol `probe_2242'
   1934503:	binding file /tmp/tmp.6DDiLFbZd0/experiment-work/lazy [0] to /tmp/tmp.6DDiLFbZd0/experiment-work/libmany.so [0]: normal symbol `probe_2243'
   1934503:	binding file /tmp/tmp.6DDiLFbZd0/experiment-work/lazy [0] to /tmp/tmp.6DDiLFbZd0/experiment-work/libmany.so [0]: normal symbol `probe_2244'
   1934503:	binding file /tmp/tmp.6DDiLFbZd0/experiment-work/lazy [0] to /tmp/tmp.6DDiLFbZd0/experiment-work/libmany.so [0]: normal symbol `probe_2245'
   1934503:	binding file /tmp/tmp.6DDiLFbZd0/experiment-work/lazy [0] to /tmp/tmp.6DDiLFbZd0/experiment-work/libmany.so [0]: normal symbol `probe_2246'
   1934503:	binding file /tmp/tmp.6DDiLFbZd0/experiment-work/lazy [0] to /tmp/tmp.6DDiLFbZd0/experiment-work/libmany.so [0]: normal symbol `probe_2247'
   1934503:	binding file /tmp/tmp.6DDiLFbZd0/experiment-work/lazy [0] to /tmp/tmp.6DDiLFbZd0/experiment-work/libmany.so [0]: normal symbol `probe_2248'
   1934503:	binding file /tmp/tmp.6DDiLFbZd0/experiment-work/lazy [0] to /tmp/tmp.6DDiLFbZd0/experiment-work/libmany.so [0]: normal symbol `probe_2249'
   1934503:	binding file /tmp/tmp.6DDiLFbZd0/experiment-work/lazy [0] to /tmp/tmp.6DDiLFbZd0/experiment-work/libmany.so [0]: normal symbol `probe_2250'
   1934503:	binding file /tmp/tmp.6DDiLFbZd0/experiment-work/lazy [0] to /tmp/tmp.6DDiLFbZd0/experiment-work/libmany.so [0]: normal symbol `probe_2251'
   1934503:	binding file /tmp/tmp.6DDiLFbZd0/experiment-work/lazy [0] to /tmp/tmp.6DDiLFbZd0/experiment-work/libmany.so [0]: normal symbol `probe_2252'
   1934503:	binding file /tmp/tmp.6DDiLFbZd0/experiment-work/lazy [0] to /tmp/tmp.6DDiLFbZd0/experiment-work/libmany.so [0]: normal symbol `probe_2253'
   1934503:	binding file /tmp/tmp.6DDiLFbZd0/experiment-work/lazy [0] to /tmp/tmp.6DDiLFbZd0/experiment-work/libmany.so [0]: normal symbol `probe_2254'
   1934503:	binding file /tmp/tmp.6DDiLFbZd0/experiment-work/lazy [0] to /tmp/tmp.6DDiLFbZd0/experiment-work/libmany.so [0]: normal symbol `probe_2255'
   1934503:	binding file /tmp/tmp.6DDiLFbZd0/experiment-work/lazy [0] to /tmp/tmp.6DDiLFbZd0/experiment-work/libmany.so [0]: normal symbol `probe_2256'
   1934503:	binding file /tmp/tmp.6DDiLFbZd0/experiment-work/lazy [0] to /tmp/tmp.6DDiLFbZd0/experiment-work/libmany.so [0]: normal symbol `probe_2257'
   1934503:	binding file /tmp/tmp.6DDiLFbZd0/experiment-work/lazy [0] to /tmp/tmp.6DDiLFbZd0/experiment-work/libmany.so [0]: normal symbol `probe_2258'
   1934503:	binding file /tmp/tmp.6DDiLFbZd0/experiment-work/lazy [0] to /tmp/tmp.6DDiLFbZd0/experiment-work/libmany.so [0]: normal symbol `probe_2259'
   1934503:	binding file /tmp/tmp.6DDiLFbZd0/experiment-work/lazy [0] to /tmp/tmp.6DDiLFbZd0/experiment-work/libmany.so [0]: normal symbol `probe_2260'
   1934503:	binding file /tmp/tmp.6DDiLFbZd0/experiment-work/lazy [0] to /tmp/tmp.6DDiLFbZd0/experiment-work/libmany.so [0]: normal symbol `probe_2261'
   1934503:	binding file /tmp/tmp.6DDiLFbZd0/experiment-work/lazy [0] to /tmp/tmp.6DDiLFbZd0/experiment-work/libmany.so [0]: normal symbol `probe_2262'
   1934503:	binding file /tmp/tmp.6DDiLFbZd0/experiment-work/lazy [0] to /tmp/tmp.6DDiLFbZd0/experiment-work/libmany.so [0]: normal symbol `probe_2263'
   1934503:	binding file /tmp/tmp.6DDiLFbZd0/experiment-work/lazy [0] to /tmp/tmp.6DDiLFbZd0/experiment-work/libmany.so [0]: normal symbol `probe_2264'
   1934503:	binding file /tmp/tmp.6DDiLFbZd0/experiment-work/lazy [0] to /tmp/tmp.6DDiLFbZd0/experiment-work/libmany.so [0]: normal symbol `probe_2265'
   1934503:	binding file /tmp/tmp.6DDiLFbZd0/experiment-work/lazy [0] to /tmp/tmp.6DDiLFbZd0/experiment-work/libmany.so [0]: normal symbol `probe_2266'
   1934503:	binding file /tmp/tmp.6DDiLFbZd0/experiment-work/lazy [0] to /tmp/tmp.6DDiLFbZd0/experiment-work/libmany.so [0]: normal symbol `probe_2267'
   1934503:	binding file /tmp/tmp.6DDiLFbZd0/experiment-work/lazy [0] to /tmp/tmp.6DDiLFbZd0/experiment-work/libmany.so [0]: normal symbol `probe_2268'
   1934503:	binding file /tmp/tmp.6DDiLFbZd0/experiment-work/lazy [0] to /tmp/tmp.6DDiLFbZd0/experiment-work/libmany.so [0]: normal symbol `probe_2269'
   1934503:	binding file /tmp/tmp.6DDiLFbZd0/experiment-work/lazy [0] to /tmp/tmp.6DDiLFbZd0/experiment-work/libmany.so [0]: normal symbol `probe_2270'
   1934503:	binding file /tmp/tmp.6DDiLFbZd0/experiment-work/lazy [0] to /tmp/tmp.6DDiLFbZd0/experiment-work/libmany.so [0]: normal symbol `probe_2271'
   1934503:	binding file /tmp/tmp.6DDiLFbZd0/experiment-work/lazy [0] to /tmp/tmp.6DDiLFbZd0/experiment-work/libmany.so [0]: normal symbol `probe_2272'
   1934503:	binding file /tmp/tmp.6DDiLFbZd0/experiment-work/lazy [0] to /tmp/tmp.6DDiLFbZd0/experiment-work/libmany.so [0]: normal symbol `probe_2273'
   1934503:	binding file /tmp/tmp.6DDiLFbZd0/experiment-work/lazy [0] to /tmp/tmp.6DDiLFbZd0/experiment-work/libmany.so [0]: normal symbol `probe_2274'
   1934503:	binding file /tmp/tmp.6DDiLFbZd0/experiment-work/lazy [0] to /tmp/tmp.6DDiLFbZd0/experiment-work/libmany.so [0]: normal symbol `probe_2275'
   1934503:	binding file /tmp/tmp.6DDiLFbZd0/experiment-work/lazy [0] to /tmp/tmp.6DDiLFbZd0/experiment-work/libmany.so [0]: normal symbol `probe_2276'
   1934503:	binding file /tmp/tmp.6DDiLFbZd0/experiment-work/lazy [0] to /tmp/tmp.6DDiLFbZd0/experiment-work/libmany.so [0]: normal symbol `probe_2277'
   1934503:	binding file /tmp/tmp.6DDiLFbZd0/experiment-work/lazy [0] to /tmp/tmp.6DDiLFbZd0/experiment-work/libmany.so [0]: normal symbol `probe_2278'
   1934503:	binding file /tmp/tmp.6DDiLFbZd0/experiment-work/lazy [0] to /tmp/tmp.6DDiLFbZd0/experiment-work/libmany.so [0]: normal symbol `probe_2279'
   1934503:	binding file /tmp/tmp.6DDiLFbZd0/experiment-work/lazy [0] to /tmp/tmp.6DDiLFbZd0/experiment-work/libmany.so [0]: normal symbol `probe_2280'
   1934503:	binding file /tmp/tmp.6DDiLFbZd0/experiment-work/lazy [0] to /tmp/tmp.6DDiLFbZd0/experiment-work/libmany.so [0]: normal symbol `probe_2281'
   1934503:	binding file /tmp/tmp.6DDiLFbZd0/experiment-work/lazy [0] to /tmp/tmp.6DDiLFbZd0/experiment-work/libmany.so [0]: normal symbol `probe_2282'
   1934503:	binding file /tmp/tmp.6DDiLFbZd0/experiment-work/lazy [0] to /tmp/tmp.6DDiLFbZd0/experiment-work/libmany.so [0]: normal symbol `probe_2283'
   1934503:	binding file /tmp/tmp.6DDiLFbZd0/experiment-work/lazy [0] to /tmp/tmp.6DDiLFbZd0/experiment-work/libmany.so [0]: normal symbol `probe_2284'
   1934503:	binding file /tmp/tmp.6DDiLFbZd0/experiment-work/lazy [0] to /tmp/tmp.6DDiLFbZd0/experiment-work/libmany.so [0]: normal symbol `probe_2285'
   1934503:	binding file /tmp/tmp.6DDiLFbZd0/experiment-work/lazy [0] to /tmp/tmp.6DDiLFbZd0/experiment-work/libmany.so [0]: normal symbol `probe_2286'
   1934503:	binding file /tmp/tmp.6DDiLFbZd0/experiment-work/lazy [0] to /tmp/tmp.6DDiLFbZd0/experiment-work/libmany.so [0]: normal symbol `probe_2287'
   1934503:	binding file /tmp/tmp.6DDiLFbZd0/experiment-work/lazy [0] to /tmp/tmp.6DDiLFbZd0/experiment-work/libmany.so [0]: normal symbol `probe_2288'
   1934503:	binding file /tmp/tmp.6DDiLFbZd0/experiment-work/lazy [0] to /tmp/tmp.6DDiLFbZd0/experiment-work/libmany.so [0]: normal symbol `probe_2289'
   1934503:	binding file /tmp/tmp.6DDiLFbZd0/experiment-work/lazy [0] to /tmp/tmp.6DDiLFbZd0/experiment-work/libmany.so [0]: normal symbol `probe_2290'
   1934503:	binding file /tmp/tmp.6DDiLFbZd0/experiment-work/lazy [0] to /tmp/tmp.6DDiLFbZd0/experiment-work/libmany.so [0]: normal symbol `probe_2291'
   1934503:	binding file /tmp/tmp.6DDiLFbZd0/experiment-work/lazy [0] to /tmp/tmp.6DDiLFbZd0/experiment-work/libmany.so [0]: normal symbol `probe_2292'
   1934503:	binding file /tmp/tmp.6DDiLFbZd0/experiment-work/lazy [0] to /tmp/tmp.6DDiLFbZd0/experiment-work/libmany.so [0]: normal symbol `probe_2293'
   1934503:	binding file /tmp/tmp.6DDiLFbZd0/experiment-work/lazy [0] to /tmp/tmp.6DDiLFbZd0/experiment-work/libmany.so [0]: normal symbol `probe_2294'
   1934503:	binding file /tmp/tmp.6DDiLFbZd0/experiment-work/lazy [0] to /tmp/tmp.6DDiLFbZd0/experiment-work/libmany.so [0]: normal symbol `probe_2295'
   1934503:	binding file /tmp/tmp.6DDiLFbZd0/experiment-work/lazy [0] to /tmp/tmp.6DDiLFbZd0/experiment-work/libmany.so [0]: normal symbol `probe_2296'
   1934503:	binding file /tmp/tmp.6DDiLFbZd0/experiment-work/lazy [0] to /tmp/tmp.6DDiLFbZd0/experiment-work/libmany.so [0]: normal symbol `probe_2297'
   1934503:	binding file /tmp/tmp.6DDiLFbZd0/experiment-work/lazy [0] to /tmp/tmp.6DDiLFbZd0/experiment-work/libmany.so [0]: normal symbol `probe_2298'
   1934503:	binding file /tmp/tmp.6DDiLFbZd0/experiment-work/lazy [0] to /tmp/tmp.6DDiLFbZd0/experiment-work/libmany.so [0]: normal symbol `probe_2299'
   1934503:	binding file /tmp/tmp.6DDiLFbZd0/experiment-work/lazy [0] to /tmp/tmp.6DDiLFbZd0/experiment-work/libmany.so [0]: normal symbol `probe_2300'
   1934503:	binding file /tmp/tmp.6DDiLFbZd0/experiment-work/lazy [0] to /tmp/tmp.6DDiLFbZd0/experiment-work/libmany.so [0]: normal symbol `probe_2301'
   1934503:	binding file /tmp/tmp.6DDiLFbZd0/experiment-work/lazy [0] to /tmp/tmp.6DDiLFbZd0/experiment-work/libmany.so [0]: normal symbol `probe_2302'
   1934503:	binding file /tmp/tmp.6DDiLFbZd0/experiment-work/lazy [0] to /tmp/tmp.6DDiLFbZd0/experiment-work/libmany.so [0]: normal symbol `probe_2303'
   1934503:	binding file /tmp/tmp.6DDiLFbZd0/experiment-work/lazy [0] to /tmp/tmp.6DDiLFbZd0/experiment-work/libmany.so [0]: normal symbol `probe_2304'
   1934503:	binding file /tmp/tmp.6DDiLFbZd0/experiment-work/lazy [0] to /tmp/tmp.6DDiLFbZd0/experiment-work/libmany.so [0]: normal symbol `probe_2305'
   1934503:	binding file /tmp/tmp.6DDiLFbZd0/experiment-work/lazy [0] to /tmp/tmp.6DDiLFbZd0/experiment-work/libmany.so [0]: normal symbol `probe_2306'
   1934503:	binding file /tmp/tmp.6DDiLFbZd0/experiment-work/lazy [0] to /tmp/tmp.6DDiLFbZd0/experiment-work/libmany.so [0]: normal symbol `probe_2307'
   1934503:	binding file /tmp/tmp.6DDiLFbZd0/experiment-work/lazy [0] to /tmp/tmp.6DDiLFbZd0/experiment-work/libmany.so [0]: normal symbol `probe_2308'
   1934503:	binding file /tmp/tmp.6DDiLFbZd0/experiment-work/lazy [0] to /tmp/tmp.6DDiLFbZd0/experiment-work/libmany.so [0]: normal symbol `probe_2309'
   1934503:	binding file /tmp/tmp.6DDiLFbZd0/experiment-work/lazy [0] to /tmp/tmp.6DDiLFbZd0/experiment-work/libmany.so [0]: normal symbol `probe_2310'
   1934503:	binding file /tmp/tmp.6DDiLFbZd0/experiment-work/lazy [0] to /tmp/tmp.6DDiLFbZd0/experiment-work/libmany.so [0]: normal symbol `probe_2311'
   1934503:	binding file /tmp/tmp.6DDiLFbZd0/experiment-work/lazy [0] to /tmp/tmp.6DDiLFbZd0/experiment-work/libmany.so [0]: normal symbol `probe_2312'
   1934503:	binding file /tmp/tmp.6DDiLFbZd0/experiment-work/lazy [0] to /tmp/tmp.6DDiLFbZd0/experiment-work/libmany.so [0]: normal symbol `probe_2313'
   1934503:	binding file /tmp/tmp.6DDiLFbZd0/experiment-work/lazy [0] to /tmp/tmp.6DDiLFbZd0/experiment-work/libmany.so [0]: normal symbol `probe_2314'
   1934503:	binding file /tmp/tmp.6DDiLFbZd0/experiment-work/lazy [0] to /tmp/tmp.6DDiLFbZd0/experiment-work/libmany.so [0]: normal symbol `probe_2315'
   1934503:	binding file /tmp/tmp.6DDiLFbZd0/experiment-work/lazy [0] to /tmp/tmp.6DDiLFbZd0/experiment-work/libmany.so [0]: normal symbol `probe_2316'
   1934503:	binding file /tmp/tmp.6DDiLFbZd0/experiment-work/lazy [0] to /tmp/tmp.6DDiLFbZd0/experiment-work/libmany.so [0]: normal symbol `probe_2317'
   1934503:	binding file /tmp/tmp.6DDiLFbZd0/experiment-work/lazy [0] to /tmp/tmp.6DDiLFbZd0/experiment-work/libmany.so [0]: normal symbol `probe_2318'
   1934503:	binding file /tmp/tmp.6DDiLFbZd0/experiment-work/lazy [0] to /tmp/tmp.6DDiLFbZd0/experiment-work/libmany.so [0]: normal symbol `probe_2319'
   1934503:	binding file /tmp/tmp.6DDiLFbZd0/experiment-work/lazy [0] to /tmp/tmp.6DDiLFbZd0/experiment-work/libmany.so [0]: normal symbol `probe_2320'
   1934503:	binding file /tmp/tmp.6DDiLFbZd0/experiment-work/lazy [0] to /tmp/tmp.6DDiLFbZd0/experiment-work/libmany.so [0]: normal symbol `probe_2321'
   1934503:	binding file /tmp/tmp.6DDiLFbZd0/experiment-work/lazy [0] to /tmp/tmp.6DDiLFbZd0/experiment-work/libmany.so [0]: normal symbol `probe_2322'
   1934503:	binding file /tmp/tmp.6DDiLFbZd0/experiment-work/lazy [0] to /tmp/tmp.6DDiLFbZd0/experiment-work/libmany.so [0]: normal symbol `probe_2323'
   1934503:	binding file /tmp/tmp.6DDiLFbZd0/experiment-work/lazy [0] to /tmp/tmp.6DDiLFbZd0/experiment-work/libmany.so [0]: normal symbol `probe_2324'
   1934503:	binding file /tmp/tmp.6DDiLFbZd0/experiment-work/lazy [0] to /tmp/tmp.6DDiLFbZd0/experiment-work/libmany.so [0]: normal symbol `probe_2325'
   1934503:	binding file /tmp/tmp.6DDiLFbZd0/experiment-work/lazy [0] to /tmp/tmp.6DDiLFbZd0/experiment-work/libmany.so [0]: normal symbol `probe_2326'
   1934503:	binding file /tmp/tmp.6DDiLFbZd0/experiment-work/lazy [0] to /tmp/tmp.6DDiLFbZd0/experiment-work/libmany.so [0]: normal symbol `probe_2327'
   1934503:	binding file /tmp/tmp.6DDiLFbZd0/experiment-work/lazy [0] to /tmp/tmp.6DDiLFbZd0/experiment-work/libmany.so [0]: normal symbol `probe_2328'
   1934503:	binding file /tmp/tmp.6DDiLFbZd0/experiment-work/lazy [0] to /tmp/tmp.6DDiLFbZd0/experiment-work/libmany.so [0]: normal symbol `probe_2329'
   1934503:	binding file /tmp/tmp.6DDiLFbZd0/experiment-work/lazy [0] to /tmp/tmp.6DDiLFbZd0/experiment-work/libmany.so [0]: normal symbol `probe_2330'
   1934503:	binding file /tmp/tmp.6DDiLFbZd0/experiment-work/lazy [0] to /tmp/tmp.6DDiLFbZd0/experiment-work/libmany.so [0]: normal symbol `probe_2331'
   1934503:	binding file /tmp/tmp.6DDiLFbZd0/experiment-work/lazy [0] to /tmp/tmp.6DDiLFbZd0/experiment-work/libmany.so [0]: normal symbol `probe_2332'
   1934503:	binding file /tmp/tmp.6DDiLFbZd0/experiment-work/lazy [0] to /tmp/tmp.6DDiLFbZd0/experiment-work/libmany.so [0]: normal symbol `probe_2333'
   1934503:	binding file /tmp/tmp.6DDiLFbZd0/experiment-work/lazy [0] to /tmp/tmp.6DDiLFbZd0/experiment-work/libmany.so [0]: normal symbol `probe_2334'
   1934503:	binding file /tmp/tmp.6DDiLFbZd0/experiment-work/lazy [0] to /tmp/tmp.6DDiLFbZd0/experiment-work/libmany.so [0]: normal symbol `probe_2335'
   1934503:	binding file /tmp/tmp.6DDiLFbZd0/experiment-work/lazy [0] to /tmp/tmp.6DDiLFbZd0/experiment-work/libmany.so [0]: normal symbol `probe_2336'
   1934503:	binding file /tmp/tmp.6DDiLFbZd0/experiment-work/lazy [0] to /tmp/tmp.6DDiLFbZd0/experiment-work/libmany.so [0]: normal symbol `probe_2337'
   1934503:	binding file /tmp/tmp.6DDiLFbZd0/experiment-work/lazy [0] to /tmp/tmp.6DDiLFbZd0/experiment-work/libmany.so [0]: normal symbol `probe_2338'
   1934503:	binding file /tmp/tmp.6DDiLFbZd0/experiment-work/lazy [0] to /tmp/tmp.6DDiLFbZd0/experiment-work/libmany.so [0]: normal symbol `probe_2339'
   1934503:	binding file /tmp/tmp.6DDiLFbZd0/experiment-work/lazy [0] to /tmp/tmp.6DDiLFbZd0/experiment-work/libmany.so [0]: normal symbol `probe_2340'
   1934503:	binding file /tmp/tmp.6DDiLFbZd0/experiment-work/lazy [0] to /tmp/tmp.6DDiLFbZd0/experiment-work/libmany.so [0]: normal symbol `probe_2341'
   1934503:	binding file /tmp/tmp.6DDiLFbZd0/experiment-work/lazy [0] to /tmp/tmp.6DDiLFbZd0/experiment-work/libmany.so [0]: normal symbol `probe_2342'
   1934503:	binding file /tmp/tmp.6DDiLFbZd0/experiment-work/lazy [0] to /tmp/tmp.6DDiLFbZd0/experiment-work/libmany.so [0]: normal symbol `probe_2343'
   1934503:	binding file /tmp/tmp.6DDiLFbZd0/experiment-work/lazy [0] to /tmp/tmp.6DDiLFbZd0/experiment-work/libmany.so [0]: normal symbol `probe_2344'
   1934503:	binding file /tmp/tmp.6DDiLFbZd0/experiment-work/lazy [0] to /tmp/tmp.6DDiLFbZd0/experiment-work/libmany.so [0]: normal symbol `probe_2345'
   1934503:	binding file /tmp/tmp.6DDiLFbZd0/experiment-work/lazy [0] to /tmp/tmp.6DDiLFbZd0/experiment-work/libmany.so [0]: normal symbol `probe_2346'
   1934503:	binding file /tmp/tmp.6DDiLFbZd0/experiment-work/lazy [0] to /tmp/tmp.6DDiLFbZd0/experiment-work/libmany.so [0]: normal symbol `probe_2347'
   1934503:	binding file /tmp/tmp.6DDiLFbZd0/experiment-work/lazy [0] to /tmp/tmp.6DDiLFbZd0/experiment-work/libmany.so [0]: normal symbol `probe_2348'
   1934503:	binding file /tmp/tmp.6DDiLFbZd0/experiment-work/lazy [0] to /tmp/tmp.6DDiLFbZd0/experiment-work/libmany.so [0]: normal symbol `probe_2349'
   1934503:	binding file /tmp/tmp.6DDiLFbZd0/experiment-work/lazy [0] to /tmp/tmp.6DDiLFbZd0/experiment-work/libmany.so [0]: normal symbol `probe_2350'
   1934503:	binding file /tmp/tmp.6DDiLFbZd0/experiment-work/lazy [0] to /tmp/tmp.6DDiLFbZd0/experiment-work/libmany.so [0]: normal symbol `probe_2351'
   1934503:	binding file /tmp/tmp.6DDiLFbZd0/experiment-work/lazy [0] to /tmp/tmp.6DDiLFbZd0/experiment-work/libmany.so [0]: normal symbol `probe_2352'
   1934503:	binding file /tmp/tmp.6DDiLFbZd0/experiment-work/lazy [0] to /tmp/tmp.6DDiLFbZd0/experiment-work/libmany.so [0]: normal symbol `probe_2353'
   1934503:	binding file /tmp/tmp.6DDiLFbZd0/experiment-work/lazy [0] to /tmp/tmp.6DDiLFbZd0/experiment-work/libmany.so [0]: normal symbol `probe_2354'
   1934503:	binding file /tmp/tmp.6DDiLFbZd0/experiment-work/lazy [0] to /tmp/tmp.6DDiLFbZd0/experiment-work/libmany.so [0]: normal symbol `probe_2355'
   1934503:	binding file /tmp/tmp.6DDiLFbZd0/experiment-work/lazy [0] to /tmp/tmp.6DDiLFbZd0/experiment-work/libmany.so [0]: normal symbol `probe_2356'
   1934503:	binding file /tmp/tmp.6DDiLFbZd0/experiment-work/lazy [0] to /tmp/tmp.6DDiLFbZd0/experiment-work/libmany.so [0]: normal symbol `probe_2357'
   1934503:	binding file /tmp/tmp.6DDiLFbZd0/experiment-work/lazy [0] to /tmp/tmp.6DDiLFbZd0/experiment-work/libmany.so [0]: normal symbol `probe_2358'
   1934503:	binding file /tmp/tmp.6DDiLFbZd0/experiment-work/lazy [0] to /tmp/tmp.6DDiLFbZd0/experiment-work/libmany.so [0]: normal symbol `probe_2359'
   1934503:	binding file /tmp/tmp.6DDiLFbZd0/experiment-work/lazy [0] to /tmp/tmp.6DDiLFbZd0/experiment-work/libmany.so [0]: normal symbol `probe_2360'
   1934503:	binding file /tmp/tmp.6DDiLFbZd0/experiment-work/lazy [0] to /tmp/tmp.6DDiLFbZd0/experiment-work/libmany.so [0]: normal symbol `probe_2361'
   1934503:	binding file /tmp/tmp.6DDiLFbZd0/experiment-work/lazy [0] to /tmp/tmp.6DDiLFbZd0/experiment-work/libmany.so [0]: normal symbol `probe_2362'
   1934503:	binding file /tmp/tmp.6DDiLFbZd0/experiment-work/lazy [0] to /tmp/tmp.6DDiLFbZd0/experiment-work/libmany.so [0]: normal symbol `probe_2363'
   1934503:	binding file /tmp/tmp.6DDiLFbZd0/experiment-work/lazy [0] to /tmp/tmp.6DDiLFbZd0/experiment-work/libmany.so [0]: normal symbol `probe_2364'
   1934503:	binding file /tmp/tmp.6DDiLFbZd0/experiment-work/lazy [0] to /tmp/tmp.6DDiLFbZd0/experiment-work/libmany.so [0]: normal symbol `probe_2365'
   1934503:	binding file /tmp/tmp.6DDiLFbZd0/experiment-work/lazy [0] to /tmp/tmp.6DDiLFbZd0/experiment-work/libmany.so [0]: normal symbol `probe_2366'
   1934503:	binding file /tmp/tmp.6DDiLFbZd0/experiment-work/lazy [0] to /tmp/tmp.6DDiLFbZd0/experiment-work/libmany.so [0]: normal symbol `probe_2367'
   1934503:	binding file /tmp/tmp.6DDiLFbZd0/experiment-work/lazy [0] to /tmp/tmp.6DDiLFbZd0/experiment-work/libmany.so [0]: normal symbol `probe_2368'
   1934503:	binding file /tmp/tmp.6DDiLFbZd0/experiment-work/lazy [0] to /tmp/tmp.6DDiLFbZd0/experiment-work/libmany.so [0]: normal symbol `probe_2369'
   1934503:	binding file /tmp/tmp.6DDiLFbZd0/experiment-work/lazy [0] to /tmp/tmp.6DDiLFbZd0/experiment-work/libmany.so [0]: normal symbol `probe_2370'
   1934503:	binding file /tmp/tmp.6DDiLFbZd0/experiment-work/lazy [0] to /tmp/tmp.6DDiLFbZd0/experiment-work/libmany.so [0]: normal symbol `probe_2371'
   1934503:	binding file /tmp/tmp.6DDiLFbZd0/experiment-work/lazy [0] to /tmp/tmp.6DDiLFbZd0/experiment-work/libmany.so [0]: normal symbol `probe_2372'
   1934503:	binding file /tmp/tmp.6DDiLFbZd0/experiment-work/lazy [0] to /tmp/tmp.6DDiLFbZd0/experiment-work/libmany.so [0]: normal symbol `probe_2373'
   1934503:	binding file /tmp/tmp.6DDiLFbZd0/experiment-work/lazy [0] to /tmp/tmp.6DDiLFbZd0/experiment-work/libmany.so [0]: normal symbol `probe_2374'
   1934503:	binding file /tmp/tmp.6DDiLFbZd0/experiment-work/lazy [0] to /tmp/tmp.6DDiLFbZd0/experiment-work/libmany.so [0]: normal symbol `probe_2375'
   1934503:	binding file /tmp/tmp.6DDiLFbZd0/experiment-work/lazy [0] to /tmp/tmp.6DDiLFbZd0/experiment-work/libmany.so [0]: normal symbol `probe_2376'
   1934503:	binding file /tmp/tmp.6DDiLFbZd0/experiment-work/lazy [0] to /tmp/tmp.6DDiLFbZd0/experiment-work/libmany.so [0]: normal symbol `probe_2377'
   1934503:	binding file /tmp/tmp.6DDiLFbZd0/experiment-work/lazy [0] to /tmp/tmp.6DDiLFbZd0/experiment-work/libmany.so [0]: normal symbol `probe_2378'
   1934503:	binding file /tmp/tmp.6DDiLFbZd0/experiment-work/lazy [0] to /tmp/tmp.6DDiLFbZd0/experiment-work/libmany.so [0]: normal symbol `probe_2379'
   1934503:	binding file /tmp/tmp.6DDiLFbZd0/experiment-work/lazy [0] to /tmp/tmp.6DDiLFbZd0/experiment-work/libmany.so [0]: normal symbol `probe_2380'
   1934503:	binding file /tmp/tmp.6DDiLFbZd0/experiment-work/lazy [0] to /tmp/tmp.6DDiLFbZd0/experiment-work/libmany.so [0]: normal symbol `probe_2381'
   1934503:	binding file /tmp/tmp.6DDiLFbZd0/experiment-work/lazy [0] to /tmp/tmp.6DDiLFbZd0/experiment-work/libmany.so [0]: normal symbol `probe_2382'
   1934503:	binding file /tmp/tmp.6DDiLFbZd0/experiment-work/lazy [0] to /tmp/tmp.6DDiLFbZd0/experiment-work/libmany.so [0]: normal symbol `probe_2383'
   1934503:	binding file /tmp/tmp.6DDiLFbZd0/experiment-work/lazy [0] to /tmp/tmp.6DDiLFbZd0/experiment-work/libmany.so [0]: normal symbol `probe_2384'
   1934503:	binding file /tmp/tmp.6DDiLFbZd0/experiment-work/lazy [0] to /tmp/tmp.6DDiLFbZd0/experiment-work/libmany.so [0]: normal symbol `probe_2385'
   1934503:	binding file /tmp/tmp.6DDiLFbZd0/experiment-work/lazy [0] to /tmp/tmp.6DDiLFbZd0/experiment-work/libmany.so [0]: normal symbol `probe_2386'
   1934503:	binding file /tmp/tmp.6DDiLFbZd0/experiment-work/lazy [0] to /tmp/tmp.6DDiLFbZd0/experiment-work/libmany.so [0]: normal symbol `probe_2387'
   1934503:	binding file /tmp/tmp.6DDiLFbZd0/experiment-work/lazy [0] to /tmp/tmp.6DDiLFbZd0/experiment-work/libmany.so [0]: normal symbol `probe_2388'
   1934503:	binding file /tmp/tmp.6DDiLFbZd0/experiment-work/lazy [0] to /tmp/tmp.6DDiLFbZd0/experiment-work/libmany.so [0]: normal symbol `probe_2389'
   1934503:	binding file /tmp/tmp.6DDiLFbZd0/experiment-work/lazy [0] to /tmp/tmp.6DDiLFbZd0/experiment-work/libmany.so [0]: normal symbol `probe_2390'
   1934503:	binding file /tmp/tmp.6DDiLFbZd0/experiment-work/lazy [0] to /tmp/tmp.6DDiLFbZd0/experiment-work/libmany.so [0]: normal symbol `probe_2391'
   1934503:	binding file /tmp/tmp.6DDiLFbZd0/experiment-work/lazy [0] to /tmp/tmp.6DDiLFbZd0/experiment-work/libmany.so [0]: normal symbol `probe_2392'
   1934503:	binding file /tmp/tmp.6DDiLFbZd0/experiment-work/lazy [0] to /tmp/tmp.6DDiLFbZd0/experiment-work/libmany.so [0]: normal symbol `probe_2393'
   1934503:	binding file /tmp/tmp.6DDiLFbZd0/experiment-work/lazy [0] to /tmp/tmp.6DDiLFbZd0/experiment-work/libmany.so [0]: normal symbol `probe_2394'
   1934503:	binding file /tmp/tmp.6DDiLFbZd0/experiment-work/lazy [0] to /tmp/tmp.6DDiLFbZd0/experiment-work/libmany.so [0]: normal symbol `probe_2395'
   1934503:	binding file /tmp/tmp.6DDiLFbZd0/experiment-work/lazy [0] to /tmp/tmp.6DDiLFbZd0/experiment-work/libmany.so [0]: normal symbol `probe_2396'
   1934503:	binding file /tmp/tmp.6DDiLFbZd0/experiment-work/lazy [0] to /tmp/tmp.6DDiLFbZd0/experiment-work/libmany.so [0]: normal symbol `probe_2397'
   1934503:	binding file /tmp/tmp.6DDiLFbZd0/experiment-work/lazy [0] to /tmp/tmp.6DDiLFbZd0/experiment-work/libmany.so [0]: normal symbol `probe_2398'
   1934503:	binding file /tmp/tmp.6DDiLFbZd0/experiment-work/lazy [0] to /tmp/tmp.6DDiLFbZd0/experiment-work/libmany.so [0]: normal symbol `probe_2399'
   1934503:	binding file /tmp/tmp.6DDiLFbZd0/experiment-work/lazy [0] to /tmp/tmp.6DDiLFbZd0/experiment-work/libmany.so [0]: normal symbol `probe_2400'
   1934503:	binding file /tmp/tmp.6DDiLFbZd0/experiment-work/lazy [0] to /tmp/tmp.6DDiLFbZd0/experiment-work/libmany.so [0]: normal symbol `probe_2401'
   1934503:	binding file /tmp/tmp.6DDiLFbZd0/experiment-work/lazy [0] to /tmp/tmp.6DDiLFbZd0/experiment-work/libmany.so [0]: normal symbol `probe_2402'
   1934503:	binding file /tmp/tmp.6DDiLFbZd0/experiment-work/lazy [0] to /tmp/tmp.6DDiLFbZd0/experiment-work/libmany.so [0]: normal symbol `probe_2403'
   1934503:	binding file /tmp/tmp.6DDiLFbZd0/experiment-work/lazy [0] to /tmp/tmp.6DDiLFbZd0/experiment-work/libmany.so [0]: normal symbol `probe_2404'
   1934503:	binding file /tmp/tmp.6DDiLFbZd0/experiment-work/lazy [0] to /tmp/tmp.6DDiLFbZd0/experiment-work/libmany.so [0]: normal symbol `probe_2405'
   1934503:	binding file /tmp/tmp.6DDiLFbZd0/experiment-work/lazy [0] to /tmp/tmp.6DDiLFbZd0/experiment-work/libmany.so [0]: normal symbol `probe_2406'
   1934503:	binding file /tmp/tmp.6DDiLFbZd0/experiment-work/lazy [0] to /tmp/tmp.6DDiLFbZd0/experiment-work/libmany.so [0]: normal symbol `probe_2407'
   1934503:	binding file /tmp/tmp.6DDiLFbZd0/experiment-work/lazy [0] to /tmp/tmp.6DDiLFbZd0/experiment-work/libmany.so [0]: normal symbol `probe_2408'
   1934503:	binding file /tmp/tmp.6DDiLFbZd0/experiment-work/lazy [0] to /tmp/tmp.6DDiLFbZd0/experiment-work/libmany.so [0]: normal symbol `probe_2409'
   1934503:	binding file /tmp/tmp.6DDiLFbZd0/experiment-work/lazy [0] to /tmp/tmp.6DDiLFbZd0/experiment-work/libmany.so [0]: normal symbol `probe_2410'
   1934503:	binding file /tmp/tmp.6DDiLFbZd0/experiment-work/lazy [0] to /tmp/tmp.6DDiLFbZd0/experiment-work/libmany.so [0]: normal symbol `probe_2411'
   1934503:	binding file /tmp/tmp.6DDiLFbZd0/experiment-work/lazy [0] to /tmp/tmp.6DDiLFbZd0/experiment-work/libmany.so [0]: normal symbol `probe_2412'
   1934503:	binding file /tmp/tmp.6DDiLFbZd0/experiment-work/lazy [0] to /tmp/tmp.6DDiLFbZd0/experiment-work/libmany.so [0]: normal symbol `probe_2413'
   1934503:	binding file /tmp/tmp.6DDiLFbZd0/experiment-work/lazy [0] to /tmp/tmp.6DDiLFbZd0/experiment-work/libmany.so [0]: normal symbol `probe_2414'
   1934503:	binding file /tmp/tmp.6DDiLFbZd0/experiment-work/lazy [0] to /tmp/tmp.6DDiLFbZd0/experiment-work/libmany.so [0]: normal symbol `probe_2415'
   1934503:	binding file /tmp/tmp.6DDiLFbZd0/experiment-work/lazy [0] to /tmp/tmp.6DDiLFbZd0/experiment-work/libmany.so [0]: normal symbol `probe_2416'
   1934503:	binding file /tmp/tmp.6DDiLFbZd0/experiment-work/lazy [0] to /tmp/tmp.6DDiLFbZd0/experiment-work/libmany.so [0]: normal symbol `probe_2417'
   1934503:	binding file /tmp/tmp.6DDiLFbZd0/experiment-work/lazy [0] to /tmp/tmp.6DDiLFbZd0/experiment-work/libmany.so [0]: normal symbol `probe_2418'
   1934503:	binding file /tmp/tmp.6DDiLFbZd0/experiment-work/lazy [0] to /tmp/tmp.6DDiLFbZd0/experiment-work/libmany.so [0]: normal symbol `probe_2419'
   1934503:	binding file /tmp/tmp.6DDiLFbZd0/experiment-work/lazy [0] to /tmp/tmp.6DDiLFbZd0/experiment-work/libmany.so [0]: normal symbol `probe_2420'
   1934503:	binding file /tmp/tmp.6DDiLFbZd0/experiment-work/lazy [0] to /tmp/tmp.6DDiLFbZd0/experiment-work/libmany.so [0]: normal symbol `probe_2421'
   1934503:	binding file /tmp/tmp.6DDiLFbZd0/experiment-work/lazy [0] to /tmp/tmp.6DDiLFbZd0/experiment-work/libmany.so [0]: normal symbol `probe_2422'
   1934503:	binding file /tmp/tmp.6DDiLFbZd0/experiment-work/lazy [0] to /tmp/tmp.6DDiLFbZd0/experiment-work/libmany.so [0]: normal symbol `probe_2423'
   1934503:	binding file /tmp/tmp.6DDiLFbZd0/experiment-work/lazy [0] to /tmp/tmp.6DDiLFbZd0/experiment-work/libmany.so [0]: normal symbol `probe_2424'
   1934503:	binding file /tmp/tmp.6DDiLFbZd0/experiment-work/lazy [0] to /tmp/tmp.6DDiLFbZd0/experiment-work/libmany.so [0]: normal symbol `probe_2425'
   1934503:	binding file /tmp/tmp.6DDiLFbZd0/experiment-work/lazy [0] to /tmp/tmp.6DDiLFbZd0/experiment-work/libmany.so [0]: normal symbol `probe_2426'
   1934503:	binding file /tmp/tmp.6DDiLFbZd0/experiment-work/lazy [0] to /tmp/tmp.6DDiLFbZd0/experiment-work/libmany.so [0]: normal symbol `probe_2427'
   1934503:	binding file /tmp/tmp.6DDiLFbZd0/experiment-work/lazy [0] to /tmp/tmp.6DDiLFbZd0/experiment-work/libmany.so [0]: normal symbol `probe_2428'
   1934503:	binding file /tmp/tmp.6DDiLFbZd0/experiment-work/lazy [0] to /tmp/tmp.6DDiLFbZd0/experiment-work/libmany.so [0]: normal symbol `probe_2429'
   1934503:	binding file /tmp/tmp.6DDiLFbZd0/experiment-work/lazy [0] to /tmp/tmp.6DDiLFbZd0/experiment-work/libmany.so [0]: normal symbol `probe_2430'
   1934503:	binding file /tmp/tmp.6DDiLFbZd0/experiment-work/lazy [0] to /tmp/tmp.6DDiLFbZd0/experiment-work/libmany.so [0]: normal symbol `probe_2431'
   1934503:	binding file /tmp/tmp.6DDiLFbZd0/experiment-work/lazy [0] to /tmp/tmp.6DDiLFbZd0/experiment-work/libmany.so [0]: normal symbol `probe_2432'
   1934503:	binding file /tmp/tmp.6DDiLFbZd0/experiment-work/lazy [0] to /tmp/tmp.6DDiLFbZd0/experiment-work/libmany.so [0]: normal symbol `probe_2433'
   1934503:	binding file /tmp/tmp.6DDiLFbZd0/experiment-work/lazy [0] to /tmp/tmp.6DDiLFbZd0/experiment-work/libmany.so [0]: normal symbol `probe_2434'
   1934503:	binding file /tmp/tmp.6DDiLFbZd0/experiment-work/lazy [0] to /tmp/tmp.6DDiLFbZd0/experiment-work/libmany.so [0]: normal symbol `probe_2435'
   1934503:	binding file /tmp/tmp.6DDiLFbZd0/experiment-work/lazy [0] to /tmp/tmp.6DDiLFbZd0/experiment-work/libmany.so [0]: normal symbol `probe_2436'
   1934503:	binding file /tmp/tmp.6DDiLFbZd0/experiment-work/lazy [0] to /tmp/tmp.6DDiLFbZd0/experiment-work/libmany.so [0]: normal symbol `probe_2437'
   1934503:	binding file /tmp/tmp.6DDiLFbZd0/experiment-work/lazy [0] to /tmp/tmp.6DDiLFbZd0/experiment-work/libmany.so [0]: normal symbol `probe_2438'
   1934503:	binding file /tmp/tmp.6DDiLFbZd0/experiment-work/lazy [0] to /tmp/tmp.6DDiLFbZd0/experiment-work/libmany.so [0]: normal symbol `probe_2439'
   1934503:	binding file /tmp/tmp.6DDiLFbZd0/experiment-work/lazy [0] to /tmp/tmp.6DDiLFbZd0/experiment-work/libmany.so [0]: normal symbol `probe_2440'
   1934503:	binding file /tmp/tmp.6DDiLFbZd0/experiment-work/lazy [0] to /tmp/tmp.6DDiLFbZd0/experiment-work/libmany.so [0]: normal symbol `probe_2441'
   1934503:	binding file /tmp/tmp.6DDiLFbZd0/experiment-work/lazy [0] to /tmp/tmp.6DDiLFbZd0/experiment-work/libmany.so [0]: normal symbol `probe_2442'
   1934503:	binding file /tmp/tmp.6DDiLFbZd0/experiment-work/lazy [0] to /tmp/tmp.6DDiLFbZd0/experiment-work/libmany.so [0]: normal symbol `probe_2443'
   1934503:	binding file /tmp/tmp.6DDiLFbZd0/experiment-work/lazy [0] to /tmp/tmp.6DDiLFbZd0/experiment-work/libmany.so [0]: normal symbol `probe_2444'
   1934503:	binding file /tmp/tmp.6DDiLFbZd0/experiment-work/lazy [0] to /tmp/tmp.6DDiLFbZd0/experiment-work/libmany.so [0]: normal symbol `probe_2445'
   1934503:	binding file /tmp/tmp.6DDiLFbZd0/experiment-work/lazy [0] to /tmp/tmp.6DDiLFbZd0/experiment-work/libmany.so [0]: normal symbol `probe_2446'
   1934503:	binding file /tmp/tmp.6DDiLFbZd0/experiment-work/lazy [0] to /tmp/tmp.6DDiLFbZd0/experiment-work/libmany.so [0]: normal symbol `probe_2447'
   1934503:	binding file /tmp/tmp.6DDiLFbZd0/experiment-work/lazy [0] to /tmp/tmp.6DDiLFbZd0/experiment-work/libmany.so [0]: normal symbol `probe_2448'
   1934503:	binding file /tmp/tmp.6DDiLFbZd0/experiment-work/lazy [0] to /tmp/tmp.6DDiLFbZd0/experiment-work/libmany.so [0]: normal symbol `probe_2449'
   1934503:	binding file /tmp/tmp.6DDiLFbZd0/experiment-work/lazy [0] to /tmp/tmp.6DDiLFbZd0/experiment-work/libmany.so [0]: normal symbol `probe_2450'
   1934503:	binding file /tmp/tmp.6DDiLFbZd0/experiment-work/lazy [0] to /tmp/tmp.6DDiLFbZd0/experiment-work/libmany.so [0]: normal symbol `probe_2451'
   1934503:	binding file /tmp/tmp.6DDiLFbZd0/experiment-work/lazy [0] to /tmp/tmp.6DDiLFbZd0/experiment-work/libmany.so [0]: normal symbol `probe_2452'
   1934503:	binding file /tmp/tmp.6DDiLFbZd0/experiment-work/lazy [0] to /tmp/tmp.6DDiLFbZd0/experiment-work/libmany.so [0]: normal symbol `probe_2453'
   1934503:	binding file /tmp/tmp.6DDiLFbZd0/experiment-work/lazy [0] to /tmp/tmp.6DDiLFbZd0/experiment-work/libmany.so [0]: normal symbol `probe_2454'
   1934503:	binding file /tmp/tmp.6DDiLFbZd0/experiment-work/lazy [0] to /tmp/tmp.6DDiLFbZd0/experiment-work/libmany.so [0]: normal symbol `probe_2455'
   1934503:	binding file /tmp/tmp.6DDiLFbZd0/experiment-work/lazy [0] to /tmp/tmp.6DDiLFbZd0/experiment-work/libmany.so [0]: normal symbol `probe_2456'
   1934503:	binding file /tmp/tmp.6DDiLFbZd0/experiment-work/lazy [0] to /tmp/tmp.6DDiLFbZd0/experiment-work/libmany.so [0]: normal symbol `probe_2457'
   1934503:	binding file /tmp/tmp.6DDiLFbZd0/experiment-work/lazy [0] to /tmp/tmp.6DDiLFbZd0/experiment-work/libmany.so [0]: normal symbol `probe_2458'
   1934503:	binding file /tmp/tmp.6DDiLFbZd0/experiment-work/lazy [0] to /tmp/tmp.6DDiLFbZd0/experiment-work/libmany.so [0]: normal symbol `probe_2459'
   1934503:	binding file /tmp/tmp.6DDiLFbZd0/experiment-work/lazy [0] to /tmp/tmp.6DDiLFbZd0/experiment-work/libmany.so [0]: normal symbol `probe_2460'
   1934503:	binding file /tmp/tmp.6DDiLFbZd0/experiment-work/lazy [0] to /tmp/tmp.6DDiLFbZd0/experiment-work/libmany.so [0]: normal symbol `probe_2461'
   1934503:	binding file /tmp/tmp.6DDiLFbZd0/experiment-work/lazy [0] to /tmp/tmp.6DDiLFbZd0/experiment-work/libmany.so [0]: normal symbol `probe_2462'
   1934503:	binding file /tmp/tmp.6DDiLFbZd0/experiment-work/lazy [0] to /tmp/tmp.6DDiLFbZd0/experiment-work/libmany.so [0]: normal symbol `probe_2463'
   1934503:	binding file /tmp/tmp.6DDiLFbZd0/experiment-work/lazy [0] to /tmp/tmp.6DDiLFbZd0/experiment-work/libmany.so [0]: normal symbol `probe_2464'
   1934503:	binding file /tmp/tmp.6DDiLFbZd0/experiment-work/lazy [0] to /tmp/tmp.6DDiLFbZd0/experiment-work/libmany.so [0]: normal symbol `probe_2465'
   1934503:	binding file /tmp/tmp.6DDiLFbZd0/experiment-work/lazy [0] to /tmp/tmp.6DDiLFbZd0/experiment-work/libmany.so [0]: normal symbol `probe_2466'
   1934503:	binding file /tmp/tmp.6DDiLFbZd0/experiment-work/lazy [0] to /tmp/tmp.6DDiLFbZd0/experiment-work/libmany.so [0]: normal symbol `probe_2467'
   1934503:	binding file /tmp/tmp.6DDiLFbZd0/experiment-work/lazy [0] to /tmp/tmp.6DDiLFbZd0/experiment-work/libmany.so [0]: normal symbol `probe_2468'
   1934503:	binding file /tmp/tmp.6DDiLFbZd0/experiment-work/lazy [0] to /tmp/tmp.6DDiLFbZd0/experiment-work/libmany.so [0]: normal symbol `probe_2469'
   1934503:	binding file /tmp/tmp.6DDiLFbZd0/experiment-work/lazy [0] to /tmp/tmp.6DDiLFbZd0/experiment-work/libmany.so [0]: normal symbol `probe_2470'
   1934503:	binding file /tmp/tmp.6DDiLFbZd0/experiment-work/lazy [0] to /tmp/tmp.6DDiLFbZd0/experiment-work/libmany.so [0]: normal symbol `probe_2471'
   1934503:	binding file /tmp/tmp.6DDiLFbZd0/experiment-work/lazy [0] to /tmp/tmp.6DDiLFbZd0/experiment-work/libmany.so [0]: normal symbol `probe_2472'
   1934503:	binding file /tmp/tmp.6DDiLFbZd0/experiment-work/lazy [0] to /tmp/tmp.6DDiLFbZd0/experiment-work/libmany.so [0]: normal symbol `probe_2473'
   1934503:	binding file /tmp/tmp.6DDiLFbZd0/experiment-work/lazy [0] to /tmp/tmp.6DDiLFbZd0/experiment-work/libmany.so [0]: normal symbol `probe_2474'
   1934503:	binding file /tmp/tmp.6DDiLFbZd0/experiment-work/lazy [0] to /tmp/tmp.6DDiLFbZd0/experiment-work/libmany.so [0]: normal symbol `probe_2475'
   1934503:	binding file /tmp/tmp.6DDiLFbZd0/experiment-work/lazy [0] to /tmp/tmp.6DDiLFbZd0/experiment-work/libmany.so [0]: normal symbol `probe_2476'
   1934503:	binding file /tmp/tmp.6DDiLFbZd0/experiment-work/lazy [0] to /tmp/tmp.6DDiLFbZd0/experiment-work/libmany.so [0]: normal symbol `probe_2477'
   1934503:	binding file /tmp/tmp.6DDiLFbZd0/experiment-work/lazy [0] to /tmp/tmp.6DDiLFbZd0/experiment-work/libmany.so [0]: normal symbol `probe_2478'
   1934503:	binding file /tmp/tmp.6DDiLFbZd0/experiment-work/lazy [0] to /tmp/tmp.6DDiLFbZd0/experiment-work/libmany.so [0]: normal symbol `probe_2479'
   1934503:	binding file /tmp/tmp.6DDiLFbZd0/experiment-work/lazy [0] to /tmp/tmp.6DDiLFbZd0/experiment-work/libmany.so [0]: normal symbol `probe_2480'
   1934503:	binding file /tmp/tmp.6DDiLFbZd0/experiment-work/lazy [0] to /tmp/tmp.6DDiLFbZd0/experiment-work/libmany.so [0]: normal symbol `probe_2481'
   1934503:	binding file /tmp/tmp.6DDiLFbZd0/experiment-work/lazy [0] to /tmp/tmp.6DDiLFbZd0/experiment-work/libmany.so [0]: normal symbol `probe_2482'
   1934503:	binding file /tmp/tmp.6DDiLFbZd0/experiment-work/lazy [0] to /tmp/tmp.6DDiLFbZd0/experiment-work/libmany.so [0]: normal symbol `probe_2483'
   1934503:	binding file /tmp/tmp.6DDiLFbZd0/experiment-work/lazy [0] to /tmp/tmp.6DDiLFbZd0/experiment-work/libmany.so [0]: normal symbol `probe_2484'
   1934503:	binding file /tmp/tmp.6DDiLFbZd0/experiment-work/lazy [0] to /tmp/tmp.6DDiLFbZd0/experiment-work/libmany.so [0]: normal symbol `probe_2485'
   1934503:	binding file /tmp/tmp.6DDiLFbZd0/experiment-work/lazy [0] to /tmp/tmp.6DDiLFbZd0/experiment-work/libmany.so [0]: normal symbol `probe_2486'
   1934503:	binding file /tmp/tmp.6DDiLFbZd0/experiment-work/lazy [0] to /tmp/tmp.6DDiLFbZd0/experiment-work/libmany.so [0]: normal symbol `probe_2487'
   1934503:	binding file /tmp/tmp.6DDiLFbZd0/experiment-work/lazy [0] to /tmp/tmp.6DDiLFbZd0/experiment-work/libmany.so [0]: normal symbol `probe_2488'
   1934503:	binding file /tmp/tmp.6DDiLFbZd0/experiment-work/lazy [0] to /tmp/tmp.6DDiLFbZd0/experiment-work/libmany.so [0]: normal symbol `probe_2489'
   1934503:	binding file /tmp/tmp.6DDiLFbZd0/experiment-work/lazy [0] to /tmp/tmp.6DDiLFbZd0/experiment-work/libmany.so [0]: normal symbol `probe_2490'
   1934503:	binding file /tmp/tmp.6DDiLFbZd0/experiment-work/lazy [0] to /tmp/tmp.6DDiLFbZd0/experiment-work/libmany.so [0]: normal symbol `probe_2491'
   1934503:	binding file /tmp/tmp.6DDiLFbZd0/experiment-work/lazy [0] to /tmp/tmp.6DDiLFbZd0/experiment-work/libmany.so [0]: normal symbol `probe_2492'
   1934503:	binding file /tmp/tmp.6DDiLFbZd0/experiment-work/lazy [0] to /tmp/tmp.6DDiLFbZd0/experiment-work/libmany.so [0]: normal symbol `probe_2493'
   1934503:	binding file /tmp/tmp.6DDiLFbZd0/experiment-work/lazy [0] to /tmp/tmp.6DDiLFbZd0/experiment-work/libmany.so [0]: normal symbol `probe_2494'
   1934503:	binding file /tmp/tmp.6DDiLFbZd0/experiment-work/lazy [0] to /tmp/tmp.6DDiLFbZd0/experiment-work/libmany.so [0]: normal symbol `probe_2495'
   1934503:	binding file /tmp/tmp.6DDiLFbZd0/experiment-work/lazy [0] to /tmp/tmp.6DDiLFbZd0/experiment-work/libmany.so [0]: normal symbol `probe_2496'
   1934503:	binding file /tmp/tmp.6DDiLFbZd0/experiment-work/lazy [0] to /tmp/tmp.6DDiLFbZd0/experiment-work/libmany.so [0]: normal symbol `probe_2497'
   1934503:	binding file /tmp/tmp.6DDiLFbZd0/experiment-work/lazy [0] to /tmp/tmp.6DDiLFbZd0/experiment-work/libmany.so [0]: normal symbol `probe_2498'
   1934503:	binding file /tmp/tmp.6DDiLFbZd0/experiment-work/lazy [0] to /tmp/tmp.6DDiLFbZd0/experiment-work/libmany.so [0]: normal symbol `probe_2499'
   1934503:	binding file /tmp/tmp.6DDiLFbZd0/experiment-work/lazy [0] to /tmp/tmp.6DDiLFbZd0/experiment-work/libmany.so [0]: normal symbol `probe_2500'
   1934503:	binding file /tmp/tmp.6DDiLFbZd0/experiment-work/lazy [0] to /tmp/tmp.6DDiLFbZd0/experiment-work/libmany.so [0]: normal symbol `probe_2501'
   1934503:	binding file /tmp/tmp.6DDiLFbZd0/experiment-work/lazy [0] to /tmp/tmp.6DDiLFbZd0/experiment-work/libmany.so [0]: normal symbol `probe_2502'
   1934503:	binding file /tmp/tmp.6DDiLFbZd0/experiment-work/lazy [0] to /tmp/tmp.6DDiLFbZd0/experiment-work/libmany.so [0]: normal symbol `probe_2503'
   1934503:	binding file /tmp/tmp.6DDiLFbZd0/experiment-work/lazy [0] to /tmp/tmp.6DDiLFbZd0/experiment-work/libmany.so [0]: normal symbol `probe_2504'
   1934503:	binding file /tmp/tmp.6DDiLFbZd0/experiment-work/lazy [0] to /tmp/tmp.6DDiLFbZd0/experiment-work/libmany.so [0]: normal symbol `probe_2505'
   1934503:	binding file /tmp/tmp.6DDiLFbZd0/experiment-work/lazy [0] to /tmp/tmp.6DDiLFbZd0/experiment-work/libmany.so [0]: normal symbol `probe_2506'
   1934503:	binding file /tmp/tmp.6DDiLFbZd0/experiment-work/lazy [0] to /tmp/tmp.6DDiLFbZd0/experiment-work/libmany.so [0]: normal symbol `probe_2507'
   1934503:	binding file /tmp/tmp.6DDiLFbZd0/experiment-work/lazy [0] to /tmp/tmp.6DDiLFbZd0/experiment-work/libmany.so [0]: normal symbol `probe_2508'
   1934503:	binding file /tmp/tmp.6DDiLFbZd0/experiment-work/lazy [0] to /tmp/tmp.6DDiLFbZd0/experiment-work/libmany.so [0]: normal symbol `probe_2509'
   1934503:	binding file /tmp/tmp.6DDiLFbZd0/experiment-work/lazy [0] to /tmp/tmp.6DDiLFbZd0/experiment-work/libmany.so [0]: normal symbol `probe_2510'
   1934503:	binding file /tmp/tmp.6DDiLFbZd0/experiment-work/lazy [0] to /tmp/tmp.6DDiLFbZd0/experiment-work/libmany.so [0]: normal symbol `probe_2511'
   1934503:	binding file /tmp/tmp.6DDiLFbZd0/experiment-work/lazy [0] to /tmp/tmp.6DDiLFbZd0/experiment-work/libmany.so [0]: normal symbol `probe_2512'
   1934503:	binding file /tmp/tmp.6DDiLFbZd0/experiment-work/lazy [0] to /tmp/tmp.6DDiLFbZd0/experiment-work/libmany.so [0]: normal symbol `probe_2513'
   1934503:	binding file /tmp/tmp.6DDiLFbZd0/experiment-work/lazy [0] to /tmp/tmp.6DDiLFbZd0/experiment-work/libmany.so [0]: normal symbol `probe_2514'
   1934503:	binding file /tmp/tmp.6DDiLFbZd0/experiment-work/lazy [0] to /tmp/tmp.6DDiLFbZd0/experiment-work/libmany.so [0]: normal symbol `probe_2515'
   1934503:	binding file /tmp/tmp.6DDiLFbZd0/experiment-work/lazy [0] to /tmp/tmp.6DDiLFbZd0/experiment-work/libmany.so [0]: normal symbol `probe_2516'
   1934503:	binding file /tmp/tmp.6DDiLFbZd0/experiment-work/lazy [0] to /tmp/tmp.6DDiLFbZd0/experiment-work/libmany.so [0]: normal symbol `probe_2517'
   1934503:	binding file /tmp/tmp.6DDiLFbZd0/experiment-work/lazy [0] to /tmp/tmp.6DDiLFbZd0/experiment-work/libmany.so [0]: normal symbol `probe_2518'
   1934503:	binding file /tmp/tmp.6DDiLFbZd0/experiment-work/lazy [0] to /tmp/tmp.6DDiLFbZd0/experiment-work/libmany.so [0]: normal symbol `probe_2519'
   1934503:	binding file /tmp/tmp.6DDiLFbZd0/experiment-work/lazy [0] to /tmp/tmp.6DDiLFbZd0/experiment-work/libmany.so [0]: normal symbol `probe_2520'
   1934503:	binding file /tmp/tmp.6DDiLFbZd0/experiment-work/lazy [0] to /tmp/tmp.6DDiLFbZd0/experiment-work/libmany.so [0]: normal symbol `probe_2521'
   1934503:	binding file /tmp/tmp.6DDiLFbZd0/experiment-work/lazy [0] to /tmp/tmp.6DDiLFbZd0/experiment-work/libmany.so [0]: normal symbol `probe_2522'
   1934503:	binding file /tmp/tmp.6DDiLFbZd0/experiment-work/lazy [0] to /tmp/tmp.6DDiLFbZd0/experiment-work/libmany.so [0]: normal symbol `probe_2523'
   1934503:	binding file /tmp/tmp.6DDiLFbZd0/experiment-work/lazy [0] to /tmp/tmp.6DDiLFbZd0/experiment-work/libmany.so [0]: normal symbol `probe_2524'
   1934503:	binding file /tmp/tmp.6DDiLFbZd0/experiment-work/lazy [0] to /tmp/tmp.6DDiLFbZd0/experiment-work/libmany.so [0]: normal symbol `probe_2525'
   1934503:	binding file /tmp/tmp.6DDiLFbZd0/experiment-work/lazy [0] to /tmp/tmp.6DDiLFbZd0/experiment-work/libmany.so [0]: normal symbol `probe_2526'
   1934503:	binding file /tmp/tmp.6DDiLFbZd0/experiment-work/lazy [0] to /tmp/tmp.6DDiLFbZd0/experiment-work/libmany.so [0]: normal symbol `probe_2527'
   1934503:	binding file /tmp/tmp.6DDiLFbZd0/experiment-work/lazy [0] to /tmp/tmp.6DDiLFbZd0/experiment-work/libmany.so [0]: normal symbol `probe_2528'
   1934503:	binding file /tmp/tmp.6DDiLFbZd0/experiment-work/lazy [0] to /tmp/tmp.6DDiLFbZd0/experiment-work/libmany.so [0]: normal symbol `probe_2529'
   1934503:	binding file /tmp/tmp.6DDiLFbZd0/experiment-work/lazy [0] to /tmp/tmp.6DDiLFbZd0/experiment-work/libmany.so [0]: normal symbol `probe_2530'
   1934503:	binding file /tmp/tmp.6DDiLFbZd0/experiment-work/lazy [0] to /tmp/tmp.6DDiLFbZd0/experiment-work/libmany.so [0]: normal symbol `probe_2531'
   1934503:	binding file /tmp/tmp.6DDiLFbZd0/experiment-work/lazy [0] to /tmp/tmp.6DDiLFbZd0/experiment-work/libmany.so [0]: normal symbol `probe_2532'
   1934503:	binding file /tmp/tmp.6DDiLFbZd0/experiment-work/lazy [0] to /tmp/tmp.6DDiLFbZd0/experiment-work/libmany.so [0]: normal symbol `probe_2533'
   1934503:	binding file /tmp/tmp.6DDiLFbZd0/experiment-work/lazy [0] to /tmp/tmp.6DDiLFbZd0/experiment-work/libmany.so [0]: normal symbol `probe_2534'
   1934503:	binding file /tmp/tmp.6DDiLFbZd0/experiment-work/lazy [0] to /tmp/tmp.6DDiLFbZd0/experiment-work/libmany.so [0]: normal symbol `probe_2535'
   1934503:	binding file /tmp/tmp.6DDiLFbZd0/experiment-work/lazy [0] to /tmp/tmp.6DDiLFbZd0/experiment-work/libmany.so [0]: normal symbol `probe_2536'
   1934503:	binding file /tmp/tmp.6DDiLFbZd0/experiment-work/lazy [0] to /tmp/tmp.6DDiLFbZd0/experiment-work/libmany.so [0]: normal symbol `probe_2537'
   1934503:	binding file /tmp/tmp.6DDiLFbZd0/experiment-work/lazy [0] to /tmp/tmp.6DDiLFbZd0/experiment-work/libmany.so [0]: normal symbol `probe_2538'
   1934503:	binding file /tmp/tmp.6DDiLFbZd0/experiment-work/lazy [0] to /tmp/tmp.6DDiLFbZd0/experiment-work/libmany.so [0]: normal symbol `probe_2539'
   1934503:	binding file /tmp/tmp.6DDiLFbZd0/experiment-work/lazy [0] to /tmp/tmp.6DDiLFbZd0/experiment-work/libmany.so [0]: normal symbol `probe_2540'
   1934503:	binding file /tmp/tmp.6DDiLFbZd0/experiment-work/lazy [0] to /tmp/tmp.6DDiLFbZd0/experiment-work/libmany.so [0]: normal symbol `probe_2541'
   1934503:	binding file /tmp/tmp.6DDiLFbZd0/experiment-work/lazy [0] to /tmp/tmp.6DDiLFbZd0/experiment-work/libmany.so [0]: normal symbol `probe_2542'
   1934503:	binding file /tmp/tmp.6DDiLFbZd0/experiment-work/lazy [0] to /tmp/tmp.6DDiLFbZd0/experiment-work/libmany.so [0]: normal symbol `probe_2543'
   1934503:	binding file /tmp/tmp.6DDiLFbZd0/experiment-work/lazy [0] to /tmp/tmp.6DDiLFbZd0/experiment-work/libmany.so [0]: normal symbol `probe_2544'
   1934503:	binding file /tmp/tmp.6DDiLFbZd0/experiment-work/lazy [0] to /tmp/tmp.6DDiLFbZd0/experiment-work/libmany.so [0]: normal symbol `probe_2545'
   1934503:	binding file /tmp/tmp.6DDiLFbZd0/experiment-work/lazy [0] to /tmp/tmp.6DDiLFbZd0/experiment-work/libmany.so [0]: normal symbol `probe_2546'
   1934503:	binding file /tmp/tmp.6DDiLFbZd0/experiment-work/lazy [0] to /tmp/tmp.6DDiLFbZd0/experiment-work/libmany.so [0]: normal symbol `probe_2547'
   1934503:	binding file /tmp/tmp.6DDiLFbZd0/experiment-work/lazy [0] to /tmp/tmp.6DDiLFbZd0/experiment-work/libmany.so [0]: normal symbol `probe_2548'
   1934503:	binding file /tmp/tmp.6DDiLFbZd0/experiment-work/lazy [0] to /tmp/tmp.6DDiLFbZd0/experiment-work/libmany.so [0]: normal symbol `probe_2549'
   1934503:	binding file /tmp/tmp.6DDiLFbZd0/experiment-work/lazy [0] to /tmp/tmp.6DDiLFbZd0/experiment-work/libmany.so [0]: normal symbol `probe_2550'
   1934503:	binding file /tmp/tmp.6DDiLFbZd0/experiment-work/lazy [0] to /tmp/tmp.6DDiLFbZd0/experiment-work/libmany.so [0]: normal symbol `probe_2551'
   1934503:	binding file /tmp/tmp.6DDiLFbZd0/experiment-work/lazy [0] to /tmp/tmp.6DDiLFbZd0/experiment-work/libmany.so [0]: normal symbol `probe_2552'
   1934503:	binding file /tmp/tmp.6DDiLFbZd0/experiment-work/lazy [0] to /tmp/tmp.6DDiLFbZd0/experiment-work/libmany.so [0]: normal symbol `probe_2553'
   1934503:	binding file /tmp/tmp.6DDiLFbZd0/experiment-work/lazy [0] to /tmp/tmp.6DDiLFbZd0/experiment-work/libmany.so [0]: normal symbol `probe_2554'
   1934503:	binding file /tmp/tmp.6DDiLFbZd0/experiment-work/lazy [0] to /tmp/tmp.6DDiLFbZd0/experiment-work/libmany.so [0]: normal symbol `probe_2555'
   1934503:	binding file /tmp/tmp.6DDiLFbZd0/experiment-work/lazy [0] to /tmp/tmp.6DDiLFbZd0/experiment-work/libmany.so [0]: normal symbol `probe_2556'
   1934503:	binding file /tmp/tmp.6DDiLFbZd0/experiment-work/lazy [0] to /tmp/tmp.6DDiLFbZd0/experiment-work/libmany.so [0]: normal symbol `probe_2557'
   1934503:	binding file /tmp/tmp.6DDiLFbZd0/experiment-work/lazy [0] to /tmp/tmp.6DDiLFbZd0/experiment-work/libmany.so [0]: normal symbol `probe_2558'
   1934503:	binding file /tmp/tmp.6DDiLFbZd0/experiment-work/lazy [0] to /tmp/tmp.6DDiLFbZd0/experiment-work/libmany.so [0]: normal symbol `probe_2559'
   1934503:	binding file /tmp/tmp.6DDiLFbZd0/experiment-work/lazy [0] to /tmp/tmp.6DDiLFbZd0/experiment-work/libmany.so [0]: normal symbol `probe_2560'
   1934503:	binding file /tmp/tmp.6DDiLFbZd0/experiment-work/lazy [0] to /tmp/tmp.6DDiLFbZd0/experiment-work/libmany.so [0]: normal symbol `probe_2561'
   1934503:	binding file /tmp/tmp.6DDiLFbZd0/experiment-work/lazy [0] to /tmp/tmp.6DDiLFbZd0/experiment-work/libmany.so [0]: normal symbol `probe_2562'
   1934503:	binding file /tmp/tmp.6DDiLFbZd0/experiment-work/lazy [0] to /tmp/tmp.6DDiLFbZd0/experiment-work/libmany.so [0]: normal symbol `probe_2563'
   1934503:	binding file /tmp/tmp.6DDiLFbZd0/experiment-work/lazy [0] to /tmp/tmp.6DDiLFbZd0/experiment-work/libmany.so [0]: normal symbol `probe_2564'
   1934503:	binding file /tmp/tmp.6DDiLFbZd0/experiment-work/lazy [0] to /tmp/tmp.6DDiLFbZd0/experiment-work/libmany.so [0]: normal symbol `probe_2565'
   1934503:	binding file /tmp/tmp.6DDiLFbZd0/experiment-work/lazy [0] to /tmp/tmp.6DDiLFbZd0/experiment-work/libmany.so [0]: normal symbol `probe_2566'
   1934503:	binding file /tmp/tmp.6DDiLFbZd0/experiment-work/lazy [0] to /tmp/tmp.6DDiLFbZd0/experiment-work/libmany.so [0]: normal symbol `probe_2567'
   1934503:	binding file /tmp/tmp.6DDiLFbZd0/experiment-work/lazy [0] to /tmp/tmp.6DDiLFbZd0/experiment-work/libmany.so [0]: normal symbol `probe_2568'
   1934503:	binding file /tmp/tmp.6DDiLFbZd0/experiment-work/lazy [0] to /tmp/tmp.6DDiLFbZd0/experiment-work/libmany.so [0]: normal symbol `probe_2569'
   1934503:	binding file /tmp/tmp.6DDiLFbZd0/experiment-work/lazy [0] to /tmp/tmp.6DDiLFbZd0/experiment-work/libmany.so [0]: normal symbol `probe_2570'
   1934503:	binding file /tmp/tmp.6DDiLFbZd0/experiment-work/lazy [0] to /tmp/tmp.6DDiLFbZd0/experiment-work/libmany.so [0]: normal symbol `probe_2571'
   1934503:	binding file /tmp/tmp.6DDiLFbZd0/experiment-work/lazy [0] to /tmp/tmp.6DDiLFbZd0/experiment-work/libmany.so [0]: normal symbol `probe_2572'
   1934503:	binding file /tmp/tmp.6DDiLFbZd0/experiment-work/lazy [0] to /tmp/tmp.6DDiLFbZd0/experiment-work/libmany.so [0]: normal symbol `probe_2573'
   1934503:	binding file /tmp/tmp.6DDiLFbZd0/experiment-work/lazy [0] to /tmp/tmp.6DDiLFbZd0/experiment-work/libmany.so [0]: normal symbol `probe_2574'
   1934503:	binding file /tmp/tmp.6DDiLFbZd0/experiment-work/lazy [0] to /tmp/tmp.6DDiLFbZd0/experiment-work/libmany.so [0]: normal symbol `probe_2575'
   1934503:	binding file /tmp/tmp.6DDiLFbZd0/experiment-work/lazy [0] to /tmp/tmp.6DDiLFbZd0/experiment-work/libmany.so [0]: normal symbol `probe_2576'
   1934503:	binding file /tmp/tmp.6DDiLFbZd0/experiment-work/lazy [0] to /tmp/tmp.6DDiLFbZd0/experiment-work/libmany.so [0]: normal symbol `probe_2577'
   1934503:	binding file /tmp/tmp.6DDiLFbZd0/experiment-work/lazy [0] to /tmp/tmp.6DDiLFbZd0/experiment-work/libmany.so [0]: normal symbol `probe_2578'
   1934503:	binding file /tmp/tmp.6DDiLFbZd0/experiment-work/lazy [0] to /tmp/tmp.6DDiLFbZd0/experiment-work/libmany.so [0]: normal symbol `probe_2579'
   1934503:	binding file /tmp/tmp.6DDiLFbZd0/experiment-work/lazy [0] to /tmp/tmp.6DDiLFbZd0/experiment-work/libmany.so [0]: normal symbol `probe_2580'
   1934503:	binding file /tmp/tmp.6DDiLFbZd0/experiment-work/lazy [0] to /tmp/tmp.6DDiLFbZd0/experiment-work/libmany.so [0]: normal symbol `probe_2581'
   1934503:	binding file /tmp/tmp.6DDiLFbZd0/experiment-work/lazy [0] to /tmp/tmp.6DDiLFbZd0/experiment-work/libmany.so [0]: normal symbol `probe_2582'
   1934503:	binding file /tmp/tmp.6DDiLFbZd0/experiment-work/lazy [0] to /tmp/tmp.6DDiLFbZd0/experiment-work/libmany.so [0]: normal symbol `probe_2583'
   1934503:	binding file /tmp/tmp.6DDiLFbZd0/experiment-work/lazy [0] to /tmp/tmp.6DDiLFbZd0/experiment-work/libmany.so [0]: normal symbol `probe_2584'
   1934503:	binding file /tmp/tmp.6DDiLFbZd0/experiment-work/lazy [0] to /tmp/tmp.6DDiLFbZd0/experiment-work/libmany.so [0]: normal symbol `probe_2585'
   1934503:	binding file /tmp/tmp.6DDiLFbZd0/experiment-work/lazy [0] to /tmp/tmp.6DDiLFbZd0/experiment-work/libmany.so [0]: normal symbol `probe_2586'
   1934503:	binding file /tmp/tmp.6DDiLFbZd0/experiment-work/lazy [0] to /tmp/tmp.6DDiLFbZd0/experiment-work/libmany.so [0]: normal symbol `probe_2587'
   1934503:	binding file /tmp/tmp.6DDiLFbZd0/experiment-work/lazy [0] to /tmp/tmp.6DDiLFbZd0/experiment-work/libmany.so [0]: normal symbol `probe_2588'
   1934503:	binding file /tmp/tmp.6DDiLFbZd0/experiment-work/lazy [0] to /tmp/tmp.6DDiLFbZd0/experiment-work/libmany.so [0]: normal symbol `probe_2589'
   1934503:	binding file /tmp/tmp.6DDiLFbZd0/experiment-work/lazy [0] to /tmp/tmp.6DDiLFbZd0/experiment-work/libmany.so [0]: normal symbol `probe_2590'
   1934503:	binding file /tmp/tmp.6DDiLFbZd0/experiment-work/lazy [0] to /tmp/tmp.6DDiLFbZd0/experiment-work/libmany.so [0]: normal symbol `probe_2591'
   1934503:	binding file /tmp/tmp.6DDiLFbZd0/experiment-work/lazy [0] to /tmp/tmp.6DDiLFbZd0/experiment-work/libmany.so [0]: normal symbol `probe_2592'
   1934503:	binding file /tmp/tmp.6DDiLFbZd0/experiment-work/lazy [0] to /tmp/tmp.6DDiLFbZd0/experiment-work/libmany.so [0]: normal symbol `probe_2593'
   1934503:	binding file /tmp/tmp.6DDiLFbZd0/experiment-work/lazy [0] to /tmp/tmp.6DDiLFbZd0/experiment-work/libmany.so [0]: normal symbol `probe_2594'
   1934503:	binding file /tmp/tmp.6DDiLFbZd0/experiment-work/lazy [0] to /tmp/tmp.6DDiLFbZd0/experiment-work/libmany.so [0]: normal symbol `probe_2595'
   1934503:	binding file /tmp/tmp.6DDiLFbZd0/experiment-work/lazy [0] to /tmp/tmp.6DDiLFbZd0/experiment-work/libmany.so [0]: normal symbol `probe_2596'
   1934503:	binding file /tmp/tmp.6DDiLFbZd0/experiment-work/lazy [0] to /tmp/tmp.6DDiLFbZd0/experiment-work/libmany.so [0]: normal symbol `probe_2597'
   1934503:	binding file /tmp/tmp.6DDiLFbZd0/experiment-work/lazy [0] to /tmp/tmp.6DDiLFbZd0/experiment-work/libmany.so [0]: normal symbol `probe_2598'
   1934503:	binding file /tmp/tmp.6DDiLFbZd0/experiment-work/lazy [0] to /tmp/tmp.6DDiLFbZd0/experiment-work/libmany.so [0]: normal symbol `probe_2599'
   1934503:	binding file /tmp/tmp.6DDiLFbZd0/experiment-work/lazy [0] to /tmp/tmp.6DDiLFbZd0/experiment-work/libmany.so [0]: normal symbol `probe_2600'
   1934503:	binding file /tmp/tmp.6DDiLFbZd0/experiment-work/lazy [0] to /tmp/tmp.6DDiLFbZd0/experiment-work/libmany.so [0]: normal symbol `probe_2601'
   1934503:	binding file /tmp/tmp.6DDiLFbZd0/experiment-work/lazy [0] to /tmp/tmp.6DDiLFbZd0/experiment-work/libmany.so [0]: normal symbol `probe_2602'
   1934503:	binding file /tmp/tmp.6DDiLFbZd0/experiment-work/lazy [0] to /tmp/tmp.6DDiLFbZd0/experiment-work/libmany.so [0]: normal symbol `probe_2603'
   1934503:	binding file /tmp/tmp.6DDiLFbZd0/experiment-work/lazy [0] to /tmp/tmp.6DDiLFbZd0/experiment-work/libmany.so [0]: normal symbol `probe_2604'
   1934503:	binding file /tmp/tmp.6DDiLFbZd0/experiment-work/lazy [0] to /tmp/tmp.6DDiLFbZd0/experiment-work/libmany.so [0]: normal symbol `probe_2605'
   1934503:	binding file /tmp/tmp.6DDiLFbZd0/experiment-work/lazy [0] to /tmp/tmp.6DDiLFbZd0/experiment-work/libmany.so [0]: normal symbol `probe_2606'
   1934503:	binding file /tmp/tmp.6DDiLFbZd0/experiment-work/lazy [0] to /tmp/tmp.6DDiLFbZd0/experiment-work/libmany.so [0]: normal symbol `probe_2607'
   1934503:	binding file /tmp/tmp.6DDiLFbZd0/experiment-work/lazy [0] to /tmp/tmp.6DDiLFbZd0/experiment-work/libmany.so [0]: normal symbol `probe_2608'
   1934503:	binding file /tmp/tmp.6DDiLFbZd0/experiment-work/lazy [0] to /tmp/tmp.6DDiLFbZd0/experiment-work/libmany.so [0]: normal symbol `probe_2609'
   1934503:	binding file /tmp/tmp.6DDiLFbZd0/experiment-work/lazy [0] to /tmp/tmp.6DDiLFbZd0/experiment-work/libmany.so [0]: normal symbol `probe_2610'
   1934503:	binding file /tmp/tmp.6DDiLFbZd0/experiment-work/lazy [0] to /tmp/tmp.6DDiLFbZd0/experiment-work/libmany.so [0]: normal symbol `probe_2611'
   1934503:	binding file /tmp/tmp.6DDiLFbZd0/experiment-work/lazy [0] to /tmp/tmp.6DDiLFbZd0/experiment-work/libmany.so [0]: normal symbol `probe_2612'
   1934503:	binding file /tmp/tmp.6DDiLFbZd0/experiment-work/lazy [0] to /tmp/tmp.6DDiLFbZd0/experiment-work/libmany.so [0]: normal symbol `probe_2613'
   1934503:	binding file /tmp/tmp.6DDiLFbZd0/experiment-work/lazy [0] to /tmp/tmp.6DDiLFbZd0/experiment-work/libmany.so [0]: normal symbol `probe_2614'
   1934503:	binding file /tmp/tmp.6DDiLFbZd0/experiment-work/lazy [0] to /tmp/tmp.6DDiLFbZd0/experiment-work/libmany.so [0]: normal symbol `probe_2615'
   1934503:	binding file /tmp/tmp.6DDiLFbZd0/experiment-work/lazy [0] to /tmp/tmp.6DDiLFbZd0/experiment-work/libmany.so [0]: normal symbol `probe_2616'
   1934503:	binding file /tmp/tmp.6DDiLFbZd0/experiment-work/lazy [0] to /tmp/tmp.6DDiLFbZd0/experiment-work/libmany.so [0]: normal symbol `probe_2617'
   1934503:	binding file /tmp/tmp.6DDiLFbZd0/experiment-work/lazy [0] to /tmp/tmp.6DDiLFbZd0/experiment-work/libmany.so [0]: normal symbol `probe_2618'
   1934503:	binding file /tmp/tmp.6DDiLFbZd0/experiment-work/lazy [0] to /tmp/tmp.6DDiLFbZd0/experiment-work/libmany.so [0]: normal symbol `probe_2619'
   1934503:	binding file /tmp/tmp.6DDiLFbZd0/experiment-work/lazy [0] to /tmp/tmp.6DDiLFbZd0/experiment-work/libmany.so [0]: normal symbol `probe_2620'
   1934503:	binding file /tmp/tmp.6DDiLFbZd0/experiment-work/lazy [0] to /tmp/tmp.6DDiLFbZd0/experiment-work/libmany.so [0]: normal symbol `probe_2621'
   1934503:	binding file /tmp/tmp.6DDiLFbZd0/experiment-work/lazy [0] to /tmp/tmp.6DDiLFbZd0/experiment-work/libmany.so [0]: normal symbol `probe_2622'
   1934503:	binding file /tmp/tmp.6DDiLFbZd0/experiment-work/lazy [0] to /tmp/tmp.6DDiLFbZd0/experiment-work/libmany.so [0]: normal symbol `probe_2623'
   1934503:	binding file /tmp/tmp.6DDiLFbZd0/experiment-work/lazy [0] to /tmp/tmp.6DDiLFbZd0/experiment-work/libmany.so [0]: normal symbol `probe_2624'
   1934503:	binding file /tmp/tmp.6DDiLFbZd0/experiment-work/lazy [0] to /tmp/tmp.6DDiLFbZd0/experiment-work/libmany.so [0]: normal symbol `probe_2625'
   1934503:	binding file /tmp/tmp.6DDiLFbZd0/experiment-work/lazy [0] to /tmp/tmp.6DDiLFbZd0/experiment-work/libmany.so [0]: normal symbol `probe_2626'
   1934503:	binding file /tmp/tmp.6DDiLFbZd0/experiment-work/lazy [0] to /tmp/tmp.6DDiLFbZd0/experiment-work/libmany.so [0]: normal symbol `probe_2627'
   1934503:	binding file /tmp/tmp.6DDiLFbZd0/experiment-work/lazy [0] to /tmp/tmp.6DDiLFbZd0/experiment-work/libmany.so [0]: normal symbol `probe_2628'
   1934503:	binding file /tmp/tmp.6DDiLFbZd0/experiment-work/lazy [0] to /tmp/tmp.6DDiLFbZd0/experiment-work/libmany.so [0]: normal symbol `probe_2629'
   1934503:	binding file /tmp/tmp.6DDiLFbZd0/experiment-work/lazy [0] to /tmp/tmp.6DDiLFbZd0/experiment-work/libmany.so [0]: normal symbol `probe_2630'
   1934503:	binding file /tmp/tmp.6DDiLFbZd0/experiment-work/lazy [0] to /tmp/tmp.6DDiLFbZd0/experiment-work/libmany.so [0]: normal symbol `probe_2631'
   1934503:	binding file /tmp/tmp.6DDiLFbZd0/experiment-work/lazy [0] to /tmp/tmp.6DDiLFbZd0/experiment-work/libmany.so [0]: normal symbol `probe_2632'
   1934503:	binding file /tmp/tmp.6DDiLFbZd0/experiment-work/lazy [0] to /tmp/tmp.6DDiLFbZd0/experiment-work/libmany.so [0]: normal symbol `probe_2633'
   1934503:	binding file /tmp/tmp.6DDiLFbZd0/experiment-work/lazy [0] to /tmp/tmp.6DDiLFbZd0/experiment-work/libmany.so [0]: normal symbol `probe_2634'
   1934503:	binding file /tmp/tmp.6DDiLFbZd0/experiment-work/lazy [0] to /tmp/tmp.6DDiLFbZd0/experiment-work/libmany.so [0]: normal symbol `probe_2635'
   1934503:	binding file /tmp/tmp.6DDiLFbZd0/experiment-work/lazy [0] to /tmp/tmp.6DDiLFbZd0/experiment-work/libmany.so [0]: normal symbol `probe_2636'
   1934503:	binding file /tmp/tmp.6DDiLFbZd0/experiment-work/lazy [0] to /tmp/tmp.6DDiLFbZd0/experiment-work/libmany.so [0]: normal symbol `probe_2637'
   1934503:	binding file /tmp/tmp.6DDiLFbZd0/experiment-work/lazy [0] to /tmp/tmp.6DDiLFbZd0/experiment-work/libmany.so [0]: normal symbol `probe_2638'
   1934503:	binding file /tmp/tmp.6DDiLFbZd0/experiment-work/lazy [0] to /tmp/tmp.6DDiLFbZd0/experiment-work/libmany.so [0]: normal symbol `probe_2639'
   1934503:	binding file /tmp/tmp.6DDiLFbZd0/experiment-work/lazy [0] to /tmp/tmp.6DDiLFbZd0/experiment-work/libmany.so [0]: normal symbol `probe_2640'
   1934503:	binding file /tmp/tmp.6DDiLFbZd0/experiment-work/lazy [0] to /tmp/tmp.6DDiLFbZd0/experiment-work/libmany.so [0]: normal symbol `probe_2641'
   1934503:	binding file /tmp/tmp.6DDiLFbZd0/experiment-work/lazy [0] to /tmp/tmp.6DDiLFbZd0/experiment-work/libmany.so [0]: normal symbol `probe_2642'
   1934503:	binding file /tmp/tmp.6DDiLFbZd0/experiment-work/lazy [0] to /tmp/tmp.6DDiLFbZd0/experiment-work/libmany.so [0]: normal symbol `probe_2643'
   1934503:	binding file /tmp/tmp.6DDiLFbZd0/experiment-work/lazy [0] to /tmp/tmp.6DDiLFbZd0/experiment-work/libmany.so [0]: normal symbol `probe_2644'
   1934503:	binding file /tmp/tmp.6DDiLFbZd0/experiment-work/lazy [0] to /tmp/tmp.6DDiLFbZd0/experiment-work/libmany.so [0]: normal symbol `probe_2645'
   1934503:	binding file /tmp/tmp.6DDiLFbZd0/experiment-work/lazy [0] to /tmp/tmp.6DDiLFbZd0/experiment-work/libmany.so [0]: normal symbol `probe_2646'
   1934503:	binding file /tmp/tmp.6DDiLFbZd0/experiment-work/lazy [0] to /tmp/tmp.6DDiLFbZd0/experiment-work/libmany.so [0]: normal symbol `probe_2647'
   1934503:	binding file /tmp/tmp.6DDiLFbZd0/experiment-work/lazy [0] to /tmp/tmp.6DDiLFbZd0/experiment-work/libmany.so [0]: normal symbol `probe_2648'
   1934503:	binding file /tmp/tmp.6DDiLFbZd0/experiment-work/lazy [0] to /tmp/tmp.6DDiLFbZd0/experiment-work/libmany.so [0]: normal symbol `probe_2649'
   1934503:	binding file /tmp/tmp.6DDiLFbZd0/experiment-work/lazy [0] to /tmp/tmp.6DDiLFbZd0/experiment-work/libmany.so [0]: normal symbol `probe_2650'
   1934503:	binding file /tmp/tmp.6DDiLFbZd0/experiment-work/lazy [0] to /tmp/tmp.6DDiLFbZd0/experiment-work/libmany.so [0]: normal symbol `probe_2651'
   1934503:	binding file /tmp/tmp.6DDiLFbZd0/experiment-work/lazy [0] to /tmp/tmp.6DDiLFbZd0/experiment-work/libmany.so [0]: normal symbol `probe_2652'
   1934503:	binding file /tmp/tmp.6DDiLFbZd0/experiment-work/lazy [0] to /tmp/tmp.6DDiLFbZd0/experiment-work/libmany.so [0]: normal symbol `probe_2653'
   1934503:	binding file /tmp/tmp.6DDiLFbZd0/experiment-work/lazy [0] to /tmp/tmp.6DDiLFbZd0/experiment-work/libmany.so [0]: normal symbol `probe_2654'
   1934503:	binding file /tmp/tmp.6DDiLFbZd0/experiment-work/lazy [0] to /tmp/tmp.6DDiLFbZd0/experiment-work/libmany.so [0]: normal symbol `probe_2655'
   1934503:	binding file /tmp/tmp.6DDiLFbZd0/experiment-work/lazy [0] to /tmp/tmp.6DDiLFbZd0/experiment-work/libmany.so [0]: normal symbol `probe_2656'
   1934503:	binding file /tmp/tmp.6DDiLFbZd0/experiment-work/lazy [0] to /tmp/tmp.6DDiLFbZd0/experiment-work/libmany.so [0]: normal symbol `probe_2657'
   1934503:	binding file /tmp/tmp.6DDiLFbZd0/experiment-work/lazy [0] to /tmp/tmp.6DDiLFbZd0/experiment-work/libmany.so [0]: normal symbol `probe_2658'
   1934503:	binding file /tmp/tmp.6DDiLFbZd0/experiment-work/lazy [0] to /tmp/tmp.6DDiLFbZd0/experiment-work/libmany.so [0]: normal symbol `probe_2659'
   1934503:	binding file /tmp/tmp.6DDiLFbZd0/experiment-work/lazy [0] to /tmp/tmp.6DDiLFbZd0/experiment-work/libmany.so [0]: normal symbol `probe_2660'
   1934503:	binding file /tmp/tmp.6DDiLFbZd0/experiment-work/lazy [0] to /tmp/tmp.6DDiLFbZd0/experiment-work/libmany.so [0]: normal symbol `probe_2661'
   1934503:	binding file /tmp/tmp.6DDiLFbZd0/experiment-work/lazy [0] to /tmp/tmp.6DDiLFbZd0/experiment-work/libmany.so [0]: normal symbol `probe_2662'
   1934503:	binding file /tmp/tmp.6DDiLFbZd0/experiment-work/lazy [0] to /tmp/tmp.6DDiLFbZd0/experiment-work/libmany.so [0]: normal symbol `probe_2663'
   1934503:	binding file /tmp/tmp.6DDiLFbZd0/experiment-work/lazy [0] to /tmp/tmp.6DDiLFbZd0/experiment-work/libmany.so [0]: normal symbol `probe_2664'
   1934503:	binding file /tmp/tmp.6DDiLFbZd0/experiment-work/lazy [0] to /tmp/tmp.6DDiLFbZd0/experiment-work/libmany.so [0]: normal symbol `probe_2665'
   1934503:	binding file /tmp/tmp.6DDiLFbZd0/experiment-work/lazy [0] to /tmp/tmp.6DDiLFbZd0/experiment-work/libmany.so [0]: normal symbol `probe_2666'
   1934503:	binding file /tmp/tmp.6DDiLFbZd0/experiment-work/lazy [0] to /tmp/tmp.6DDiLFbZd0/experiment-work/libmany.so [0]: normal symbol `probe_2667'
   1934503:	binding file /tmp/tmp.6DDiLFbZd0/experiment-work/lazy [0] to /tmp/tmp.6DDiLFbZd0/experiment-work/libmany.so [0]: normal symbol `probe_2668'
   1934503:	binding file /tmp/tmp.6DDiLFbZd0/experiment-work/lazy [0] to /tmp/tmp.6DDiLFbZd0/experiment-work/libmany.so [0]: normal symbol `probe_2669'
   1934503:	binding file /tmp/tmp.6DDiLFbZd0/experiment-work/lazy [0] to /tmp/tmp.6DDiLFbZd0/experiment-work/libmany.so [0]: normal symbol `probe_2670'
   1934503:	binding file /tmp/tmp.6DDiLFbZd0/experiment-work/lazy [0] to /tmp/tmp.6DDiLFbZd0/experiment-work/libmany.so [0]: normal symbol `probe_2671'
   1934503:	binding file /tmp/tmp.6DDiLFbZd0/experiment-work/lazy [0] to /tmp/tmp.6DDiLFbZd0/experiment-work/libmany.so [0]: normal symbol `probe_2672'
   1934503:	binding file /tmp/tmp.6DDiLFbZd0/experiment-work/lazy [0] to /tmp/tmp.6DDiLFbZd0/experiment-work/libmany.so [0]: normal symbol `probe_2673'
   1934503:	binding file /tmp/tmp.6DDiLFbZd0/experiment-work/lazy [0] to /tmp/tmp.6DDiLFbZd0/experiment-work/libmany.so [0]: normal symbol `probe_2674'
   1934503:	binding file /tmp/tmp.6DDiLFbZd0/experiment-work/lazy [0] to /tmp/tmp.6DDiLFbZd0/experiment-work/libmany.so [0]: normal symbol `probe_2675'
   1934503:	binding file /tmp/tmp.6DDiLFbZd0/experiment-work/lazy [0] to /tmp/tmp.6DDiLFbZd0/experiment-work/libmany.so [0]: normal symbol `probe_2676'
   1934503:	binding file /tmp/tmp.6DDiLFbZd0/experiment-work/lazy [0] to /tmp/tmp.6DDiLFbZd0/experiment-work/libmany.so [0]: normal symbol `probe_2677'
   1934503:	binding file /tmp/tmp.6DDiLFbZd0/experiment-work/lazy [0] to /tmp/tmp.6DDiLFbZd0/experiment-work/libmany.so [0]: normal symbol `probe_2678'
   1934503:	binding file /tmp/tmp.6DDiLFbZd0/experiment-work/lazy [0] to /tmp/tmp.6DDiLFbZd0/experiment-work/libmany.so [0]: normal symbol `probe_2679'
   1934503:	binding file /tmp/tmp.6DDiLFbZd0/experiment-work/lazy [0] to /tmp/tmp.6DDiLFbZd0/experiment-work/libmany.so [0]: normal symbol `probe_2680'
   1934503:	binding file /tmp/tmp.6DDiLFbZd0/experiment-work/lazy [0] to /tmp/tmp.6DDiLFbZd0/experiment-work/libmany.so [0]: normal symbol `probe_2681'
   1934503:	binding file /tmp/tmp.6DDiLFbZd0/experiment-work/lazy [0] to /tmp/tmp.6DDiLFbZd0/experiment-work/libmany.so [0]: normal symbol `probe_2682'
   1934503:	binding file /tmp/tmp.6DDiLFbZd0/experiment-work/lazy [0] to /tmp/tmp.6DDiLFbZd0/experiment-work/libmany.so [0]: normal symbol `probe_2683'
   1934503:	binding file /tmp/tmp.6DDiLFbZd0/experiment-work/lazy [0] to /tmp/tmp.6DDiLFbZd0/experiment-work/libmany.so [0]: normal symbol `probe_2684'
   1934503:	binding file /tmp/tmp.6DDiLFbZd0/experiment-work/lazy [0] to /tmp/tmp.6DDiLFbZd0/experiment-work/libmany.so [0]: normal symbol `probe_2685'
   1934503:	binding file /tmp/tmp.6DDiLFbZd0/experiment-work/lazy [0] to /tmp/tmp.6DDiLFbZd0/experiment-work/libmany.so [0]: normal symbol `probe_2686'
   1934503:	binding file /tmp/tmp.6DDiLFbZd0/experiment-work/lazy [0] to /tmp/tmp.6DDiLFbZd0/experiment-work/libmany.so [0]: normal symbol `probe_2687'
   1934503:	binding file /tmp/tmp.6DDiLFbZd0/experiment-work/lazy [0] to /tmp/tmp.6DDiLFbZd0/experiment-work/libmany.so [0]: normal symbol `probe_2688'
   1934503:	binding file /tmp/tmp.6DDiLFbZd0/experiment-work/lazy [0] to /tmp/tmp.6DDiLFbZd0/experiment-work/libmany.so [0]: normal symbol `probe_2689'
   1934503:	binding file /tmp/tmp.6DDiLFbZd0/experiment-work/lazy [0] to /tmp/tmp.6DDiLFbZd0/experiment-work/libmany.so [0]: normal symbol `probe_2690'
   1934503:	binding file /tmp/tmp.6DDiLFbZd0/experiment-work/lazy [0] to /tmp/tmp.6DDiLFbZd0/experiment-work/libmany.so [0]: normal symbol `probe_2691'
   1934503:	binding file /tmp/tmp.6DDiLFbZd0/experiment-work/lazy [0] to /tmp/tmp.6DDiLFbZd0/experiment-work/libmany.so [0]: normal symbol `probe_2692'
   1934503:	binding file /tmp/tmp.6DDiLFbZd0/experiment-work/lazy [0] to /tmp/tmp.6DDiLFbZd0/experiment-work/libmany.so [0]: normal symbol `probe_2693'
   1934503:	binding file /tmp/tmp.6DDiLFbZd0/experiment-work/lazy [0] to /tmp/tmp.6DDiLFbZd0/experiment-work/libmany.so [0]: normal symbol `probe_2694'
   1934503:	binding file /tmp/tmp.6DDiLFbZd0/experiment-work/lazy [0] to /tmp/tmp.6DDiLFbZd0/experiment-work/libmany.so [0]: normal symbol `probe_2695'
   1934503:	binding file /tmp/tmp.6DDiLFbZd0/experiment-work/lazy [0] to /tmp/tmp.6DDiLFbZd0/experiment-work/libmany.so [0]: normal symbol `probe_2696'
   1934503:	binding file /tmp/tmp.6DDiLFbZd0/experiment-work/lazy [0] to /tmp/tmp.6DDiLFbZd0/experiment-work/libmany.so [0]: normal symbol `probe_2697'
   1934503:	binding file /tmp/tmp.6DDiLFbZd0/experiment-work/lazy [0] to /tmp/tmp.6DDiLFbZd0/experiment-work/libmany.so [0]: normal symbol `probe_2698'
   1934503:	binding file /tmp/tmp.6DDiLFbZd0/experiment-work/lazy [0] to /tmp/tmp.6DDiLFbZd0/experiment-work/libmany.so [0]: normal symbol `probe_2699'
   1934503:	binding file /tmp/tmp.6DDiLFbZd0/experiment-work/lazy [0] to /tmp/tmp.6DDiLFbZd0/experiment-work/libmany.so [0]: normal symbol `probe_2700'
   1934503:	binding file /tmp/tmp.6DDiLFbZd0/experiment-work/lazy [0] to /tmp/tmp.6DDiLFbZd0/experiment-work/libmany.so [0]: normal symbol `probe_2701'
   1934503:	binding file /tmp/tmp.6DDiLFbZd0/experiment-work/lazy [0] to /tmp/tmp.6DDiLFbZd0/experiment-work/libmany.so [0]: normal symbol `probe_2702'
   1934503:	binding file /tmp/tmp.6DDiLFbZd0/experiment-work/lazy [0] to /tmp/tmp.6DDiLFbZd0/experiment-work/libmany.so [0]: normal symbol `probe_2703'
   1934503:	binding file /tmp/tmp.6DDiLFbZd0/experiment-work/lazy [0] to /tmp/tmp.6DDiLFbZd0/experiment-work/libmany.so [0]: normal symbol `probe_2704'
   1934503:	binding file /tmp/tmp.6DDiLFbZd0/experiment-work/lazy [0] to /tmp/tmp.6DDiLFbZd0/experiment-work/libmany.so [0]: normal symbol `probe_2705'
   1934503:	binding file /tmp/tmp.6DDiLFbZd0/experiment-work/lazy [0] to /tmp/tmp.6DDiLFbZd0/experiment-work/libmany.so [0]: normal symbol `probe_2706'
   1934503:	binding file /tmp/tmp.6DDiLFbZd0/experiment-work/lazy [0] to /tmp/tmp.6DDiLFbZd0/experiment-work/libmany.so [0]: normal symbol `probe_2707'
   1934503:	binding file /tmp/tmp.6DDiLFbZd0/experiment-work/lazy [0] to /tmp/tmp.6DDiLFbZd0/experiment-work/libmany.so [0]: normal symbol `probe_2708'
   1934503:	binding file /tmp/tmp.6DDiLFbZd0/experiment-work/lazy [0] to /tmp/tmp.6DDiLFbZd0/experiment-work/libmany.so [0]: normal symbol `probe_2709'
   1934503:	binding file /tmp/tmp.6DDiLFbZd0/experiment-work/lazy [0] to /tmp/tmp.6DDiLFbZd0/experiment-work/libmany.so [0]: normal symbol `probe_2710'
   1934503:	binding file /tmp/tmp.6DDiLFbZd0/experiment-work/lazy [0] to /tmp/tmp.6DDiLFbZd0/experiment-work/libmany.so [0]: normal symbol `probe_2711'
   1934503:	binding file /tmp/tmp.6DDiLFbZd0/experiment-work/lazy [0] to /tmp/tmp.6DDiLFbZd0/experiment-work/libmany.so [0]: normal symbol `probe_2712'
   1934503:	binding file /tmp/tmp.6DDiLFbZd0/experiment-work/lazy [0] to /tmp/tmp.6DDiLFbZd0/experiment-work/libmany.so [0]: normal symbol `probe_2713'
   1934503:	binding file /tmp/tmp.6DDiLFbZd0/experiment-work/lazy [0] to /tmp/tmp.6DDiLFbZd0/experiment-work/libmany.so [0]: normal symbol `probe_2714'
   1934503:	binding file /tmp/tmp.6DDiLFbZd0/experiment-work/lazy [0] to /tmp/tmp.6DDiLFbZd0/experiment-work/libmany.so [0]: normal symbol `probe_2715'
   1934503:	binding file /tmp/tmp.6DDiLFbZd0/experiment-work/lazy [0] to /tmp/tmp.6DDiLFbZd0/experiment-work/libmany.so [0]: normal symbol `probe_2716'
   1934503:	binding file /tmp/tmp.6DDiLFbZd0/experiment-work/lazy [0] to /tmp/tmp.6DDiLFbZd0/experiment-work/libmany.so [0]: normal symbol `probe_2717'
   1934503:	binding file /tmp/tmp.6DDiLFbZd0/experiment-work/lazy [0] to /tmp/tmp.6DDiLFbZd0/experiment-work/libmany.so [0]: normal symbol `probe_2718'
   1934503:	binding file /tmp/tmp.6DDiLFbZd0/experiment-work/lazy [0] to /tmp/tmp.6DDiLFbZd0/experiment-work/libmany.so [0]: normal symbol `probe_2719'
   1934503:	binding file /tmp/tmp.6DDiLFbZd0/experiment-work/lazy [0] to /tmp/tmp.6DDiLFbZd0/experiment-work/libmany.so [0]: normal symbol `probe_2720'
   1934503:	binding file /tmp/tmp.6DDiLFbZd0/experiment-work/lazy [0] to /tmp/tmp.6DDiLFbZd0/experiment-work/libmany.so [0]: normal symbol `probe_2721'
   1934503:	binding file /tmp/tmp.6DDiLFbZd0/experiment-work/lazy [0] to /tmp/tmp.6DDiLFbZd0/experiment-work/libmany.so [0]: normal symbol `probe_2722'
   1934503:	binding file /tmp/tmp.6DDiLFbZd0/experiment-work/lazy [0] to /tmp/tmp.6DDiLFbZd0/experiment-work/libmany.so [0]: normal symbol `probe_2723'
   1934503:	binding file /tmp/tmp.6DDiLFbZd0/experiment-work/lazy [0] to /tmp/tmp.6DDiLFbZd0/experiment-work/libmany.so [0]: normal symbol `probe_2724'
   1934503:	binding file /tmp/tmp.6DDiLFbZd0/experiment-work/lazy [0] to /tmp/tmp.6DDiLFbZd0/experiment-work/libmany.so [0]: normal symbol `probe_2725'
   1934503:	binding file /tmp/tmp.6DDiLFbZd0/experiment-work/lazy [0] to /tmp/tmp.6DDiLFbZd0/experiment-work/libmany.so [0]: normal symbol `probe_2726'
   1934503:	binding file /tmp/tmp.6DDiLFbZd0/experiment-work/lazy [0] to /tmp/tmp.6DDiLFbZd0/experiment-work/libmany.so [0]: normal symbol `probe_2727'
   1934503:	binding file /tmp/tmp.6DDiLFbZd0/experiment-work/lazy [0] to /tmp/tmp.6DDiLFbZd0/experiment-work/libmany.so [0]: normal symbol `probe_2728'
   1934503:	binding file /tmp/tmp.6DDiLFbZd0/experiment-work/lazy [0] to /tmp/tmp.6DDiLFbZd0/experiment-work/libmany.so [0]: normal symbol `probe_2729'
   1934503:	binding file /tmp/tmp.6DDiLFbZd0/experiment-work/lazy [0] to /tmp/tmp.6DDiLFbZd0/experiment-work/libmany.so [0]: normal symbol `probe_2730'
   1934503:	binding file /tmp/tmp.6DDiLFbZd0/experiment-work/lazy [0] to /tmp/tmp.6DDiLFbZd0/experiment-work/libmany.so [0]: normal symbol `probe_2731'
   1934503:	binding file /tmp/tmp.6DDiLFbZd0/experiment-work/lazy [0] to /tmp/tmp.6DDiLFbZd0/experiment-work/libmany.so [0]: normal symbol `probe_2732'
   1934503:	binding file /tmp/tmp.6DDiLFbZd0/experiment-work/lazy [0] to /tmp/tmp.6DDiLFbZd0/experiment-work/libmany.so [0]: normal symbol `probe_2733'
   1934503:	binding file /tmp/tmp.6DDiLFbZd0/experiment-work/lazy [0] to /tmp/tmp.6DDiLFbZd0/experiment-work/libmany.so [0]: normal symbol `probe_2734'
   1934503:	binding file /tmp/tmp.6DDiLFbZd0/experiment-work/lazy [0] to /tmp/tmp.6DDiLFbZd0/experiment-work/libmany.so [0]: normal symbol `probe_2735'
   1934503:	binding file /tmp/tmp.6DDiLFbZd0/experiment-work/lazy [0] to /tmp/tmp.6DDiLFbZd0/experiment-work/libmany.so [0]: normal symbol `probe_2736'
   1934503:	binding file /tmp/tmp.6DDiLFbZd0/experiment-work/lazy [0] to /tmp/tmp.6DDiLFbZd0/experiment-work/libmany.so [0]: normal symbol `probe_2737'
   1934503:	binding file /tmp/tmp.6DDiLFbZd0/experiment-work/lazy [0] to /tmp/tmp.6DDiLFbZd0/experiment-work/libmany.so [0]: normal symbol `probe_2738'
   1934503:	binding file /tmp/tmp.6DDiLFbZd0/experiment-work/lazy [0] to /tmp/tmp.6DDiLFbZd0/experiment-work/libmany.so [0]: normal symbol `probe_2739'
   1934503:	binding file /tmp/tmp.6DDiLFbZd0/experiment-work/lazy [0] to /tmp/tmp.6DDiLFbZd0/experiment-work/libmany.so [0]: normal symbol `probe_2740'
   1934503:	binding file /tmp/tmp.6DDiLFbZd0/experiment-work/lazy [0] to /tmp/tmp.6DDiLFbZd0/experiment-work/libmany.so [0]: normal symbol `probe_2741'
   1934503:	binding file /tmp/tmp.6DDiLFbZd0/experiment-work/lazy [0] to /tmp/tmp.6DDiLFbZd0/experiment-work/libmany.so [0]: normal symbol `probe_2742'
   1934503:	binding file /tmp/tmp.6DDiLFbZd0/experiment-work/lazy [0] to /tmp/tmp.6DDiLFbZd0/experiment-work/libmany.so [0]: normal symbol `probe_2743'
   1934503:	binding file /tmp/tmp.6DDiLFbZd0/experiment-work/lazy [0] to /tmp/tmp.6DDiLFbZd0/experiment-work/libmany.so [0]: normal symbol `probe_2744'
   1934503:	binding file /tmp/tmp.6DDiLFbZd0/experiment-work/lazy [0] to /tmp/tmp.6DDiLFbZd0/experiment-work/libmany.so [0]: normal symbol `probe_2745'
   1934503:	binding file /tmp/tmp.6DDiLFbZd0/experiment-work/lazy [0] to /tmp/tmp.6DDiLFbZd0/experiment-work/libmany.so [0]: normal symbol `probe_2746'
   1934503:	binding file /tmp/tmp.6DDiLFbZd0/experiment-work/lazy [0] to /tmp/tmp.6DDiLFbZd0/experiment-work/libmany.so [0]: normal symbol `probe_2747'
   1934503:	binding file /tmp/tmp.6DDiLFbZd0/experiment-work/lazy [0] to /tmp/tmp.6DDiLFbZd0/experiment-work/libmany.so [0]: normal symbol `probe_2748'
   1934503:	binding file /tmp/tmp.6DDiLFbZd0/experiment-work/lazy [0] to /tmp/tmp.6DDiLFbZd0/experiment-work/libmany.so [0]: normal symbol `probe_2749'
   1934503:	binding file /tmp/tmp.6DDiLFbZd0/experiment-work/lazy [0] to /tmp/tmp.6DDiLFbZd0/experiment-work/libmany.so [0]: normal symbol `probe_2750'
   1934503:	binding file /tmp/tmp.6DDiLFbZd0/experiment-work/lazy [0] to /tmp/tmp.6DDiLFbZd0/experiment-work/libmany.so [0]: normal symbol `probe_2751'
   1934503:	binding file /tmp/tmp.6DDiLFbZd0/experiment-work/lazy [0] to /tmp/tmp.6DDiLFbZd0/experiment-work/libmany.so [0]: normal symbol `probe_2752'
   1934503:	binding file /tmp/tmp.6DDiLFbZd0/experiment-work/lazy [0] to /tmp/tmp.6DDiLFbZd0/experiment-work/libmany.so [0]: normal symbol `probe_2753'
   1934503:	binding file /tmp/tmp.6DDiLFbZd0/experiment-work/lazy [0] to /tmp/tmp.6DDiLFbZd0/experiment-work/libmany.so [0]: normal symbol `probe_2754'
   1934503:	binding file /tmp/tmp.6DDiLFbZd0/experiment-work/lazy [0] to /tmp/tmp.6DDiLFbZd0/experiment-work/libmany.so [0]: normal symbol `probe_2755'
   1934503:	binding file /tmp/tmp.6DDiLFbZd0/experiment-work/lazy [0] to /tmp/tmp.6DDiLFbZd0/experiment-work/libmany.so [0]: normal symbol `probe_2756'
   1934503:	binding file /tmp/tmp.6DDiLFbZd0/experiment-work/lazy [0] to /tmp/tmp.6DDiLFbZd0/experiment-work/libmany.so [0]: normal symbol `probe_2757'
   1934503:	binding file /tmp/tmp.6DDiLFbZd0/experiment-work/lazy [0] to /tmp/tmp.6DDiLFbZd0/experiment-work/libmany.so [0]: normal symbol `probe_2758'
   1934503:	binding file /tmp/tmp.6DDiLFbZd0/experiment-work/lazy [0] to /tmp/tmp.6DDiLFbZd0/experiment-work/libmany.so [0]: normal symbol `probe_2759'
   1934503:	binding file /tmp/tmp.6DDiLFbZd0/experiment-work/lazy [0] to /tmp/tmp.6DDiLFbZd0/experiment-work/libmany.so [0]: normal symbol `probe_2760'
   1934503:	binding file /tmp/tmp.6DDiLFbZd0/experiment-work/lazy [0] to /tmp/tmp.6DDiLFbZd0/experiment-work/libmany.so [0]: normal symbol `probe_2761'
   1934503:	binding file /tmp/tmp.6DDiLFbZd0/experiment-work/lazy [0] to /tmp/tmp.6DDiLFbZd0/experiment-work/libmany.so [0]: normal symbol `probe_2762'
   1934503:	binding file /tmp/tmp.6DDiLFbZd0/experiment-work/lazy [0] to /tmp/tmp.6DDiLFbZd0/experiment-work/libmany.so [0]: normal symbol `probe_2763'
   1934503:	binding file /tmp/tmp.6DDiLFbZd0/experiment-work/lazy [0] to /tmp/tmp.6DDiLFbZd0/experiment-work/libmany.so [0]: normal symbol `probe_2764'
   1934503:	binding file /tmp/tmp.6DDiLFbZd0/experiment-work/lazy [0] to /tmp/tmp.6DDiLFbZd0/experiment-work/libmany.so [0]: normal symbol `probe_2765'
   1934503:	binding file /tmp/tmp.6DDiLFbZd0/experiment-work/lazy [0] to /tmp/tmp.6DDiLFbZd0/experiment-work/libmany.so [0]: normal symbol `probe_2766'
   1934503:	binding file /tmp/tmp.6DDiLFbZd0/experiment-work/lazy [0] to /tmp/tmp.6DDiLFbZd0/experiment-work/libmany.so [0]: normal symbol `probe_2767'
   1934503:	binding file /tmp/tmp.6DDiLFbZd0/experiment-work/lazy [0] to /tmp/tmp.6DDiLFbZd0/experiment-work/libmany.so [0]: normal symbol `probe_2768'
   1934503:	binding file /tmp/tmp.6DDiLFbZd0/experiment-work/lazy [0] to /tmp/tmp.6DDiLFbZd0/experiment-work/libmany.so [0]: normal symbol `probe_2769'
   1934503:	binding file /tmp/tmp.6DDiLFbZd0/experiment-work/lazy [0] to /tmp/tmp.6DDiLFbZd0/experiment-work/libmany.so [0]: normal symbol `probe_2770'
   1934503:	binding file /tmp/tmp.6DDiLFbZd0/experiment-work/lazy [0] to /tmp/tmp.6DDiLFbZd0/experiment-work/libmany.so [0]: normal symbol `probe_2771'
   1934503:	binding file /tmp/tmp.6DDiLFbZd0/experiment-work/lazy [0] to /tmp/tmp.6DDiLFbZd0/experiment-work/libmany.so [0]: normal symbol `probe_2772'
   1934503:	binding file /tmp/tmp.6DDiLFbZd0/experiment-work/lazy [0] to /tmp/tmp.6DDiLFbZd0/experiment-work/libmany.so [0]: normal symbol `probe_2773'
   1934503:	binding file /tmp/tmp.6DDiLFbZd0/experiment-work/lazy [0] to /tmp/tmp.6DDiLFbZd0/experiment-work/libmany.so [0]: normal symbol `probe_2774'
   1934503:	binding file /tmp/tmp.6DDiLFbZd0/experiment-work/lazy [0] to /tmp/tmp.6DDiLFbZd0/experiment-work/libmany.so [0]: normal symbol `probe_2775'
   1934503:	binding file /tmp/tmp.6DDiLFbZd0/experiment-work/lazy [0] to /tmp/tmp.6DDiLFbZd0/experiment-work/libmany.so [0]: normal symbol `probe_2776'
   1934503:	binding file /tmp/tmp.6DDiLFbZd0/experiment-work/lazy [0] to /tmp/tmp.6DDiLFbZd0/experiment-work/libmany.so [0]: normal symbol `probe_2777'
   1934503:	binding file /tmp/tmp.6DDiLFbZd0/experiment-work/lazy [0] to /tmp/tmp.6DDiLFbZd0/experiment-work/libmany.so [0]: normal symbol `probe_2778'
   1934503:	binding file /tmp/tmp.6DDiLFbZd0/experiment-work/lazy [0] to /tmp/tmp.6DDiLFbZd0/experiment-work/libmany.so [0]: normal symbol `probe_2779'
   1934503:	binding file /tmp/tmp.6DDiLFbZd0/experiment-work/lazy [0] to /tmp/tmp.6DDiLFbZd0/experiment-work/libmany.so [0]: normal symbol `probe_2780'
   1934503:	binding file /tmp/tmp.6DDiLFbZd0/experiment-work/lazy [0] to /tmp/tmp.6DDiLFbZd0/experiment-work/libmany.so [0]: normal symbol `probe_2781'
   1934503:	binding file /tmp/tmp.6DDiLFbZd0/experiment-work/lazy [0] to /tmp/tmp.6DDiLFbZd0/experiment-work/libmany.so [0]: normal symbol `probe_2782'
   1934503:	binding file /tmp/tmp.6DDiLFbZd0/experiment-work/lazy [0] to /tmp/tmp.6DDiLFbZd0/experiment-work/libmany.so [0]: normal symbol `probe_2783'
   1934503:	binding file /tmp/tmp.6DDiLFbZd0/experiment-work/lazy [0] to /tmp/tmp.6DDiLFbZd0/experiment-work/libmany.so [0]: normal symbol `probe_2784'
   1934503:	binding file /tmp/tmp.6DDiLFbZd0/experiment-work/lazy [0] to /tmp/tmp.6DDiLFbZd0/experiment-work/libmany.so [0]: normal symbol `probe_2785'
   1934503:	binding file /tmp/tmp.6DDiLFbZd0/experiment-work/lazy [0] to /tmp/tmp.6DDiLFbZd0/experiment-work/libmany.so [0]: normal symbol `probe_2786'
   1934503:	binding file /tmp/tmp.6DDiLFbZd0/experiment-work/lazy [0] to /tmp/tmp.6DDiLFbZd0/experiment-work/libmany.so [0]: normal symbol `probe_2787'
   1934503:	binding file /tmp/tmp.6DDiLFbZd0/experiment-work/lazy [0] to /tmp/tmp.6DDiLFbZd0/experiment-work/libmany.so [0]: normal symbol `probe_2788'
   1934503:	binding file /tmp/tmp.6DDiLFbZd0/experiment-work/lazy [0] to /tmp/tmp.6DDiLFbZd0/experiment-work/libmany.so [0]: normal symbol `probe_2789'
   1934503:	binding file /tmp/tmp.6DDiLFbZd0/experiment-work/lazy [0] to /tmp/tmp.6DDiLFbZd0/experiment-work/libmany.so [0]: normal symbol `probe_2790'
   1934503:	binding file /tmp/tmp.6DDiLFbZd0/experiment-work/lazy [0] to /tmp/tmp.6DDiLFbZd0/experiment-work/libmany.so [0]: normal symbol `probe_2791'
   1934503:	binding file /tmp/tmp.6DDiLFbZd0/experiment-work/lazy [0] to /tmp/tmp.6DDiLFbZd0/experiment-work/libmany.so [0]: normal symbol `probe_2792'
   1934503:	binding file /tmp/tmp.6DDiLFbZd0/experiment-work/lazy [0] to /tmp/tmp.6DDiLFbZd0/experiment-work/libmany.so [0]: normal symbol `probe_2793'
   1934503:	binding file /tmp/tmp.6DDiLFbZd0/experiment-work/lazy [0] to /tmp/tmp.6DDiLFbZd0/experiment-work/libmany.so [0]: normal symbol `probe_2794'
   1934503:	binding file /tmp/tmp.6DDiLFbZd0/experiment-work/lazy [0] to /tmp/tmp.6DDiLFbZd0/experiment-work/libmany.so [0]: normal symbol `probe_2795'
   1934503:	binding file /tmp/tmp.6DDiLFbZd0/experiment-work/lazy [0] to /tmp/tmp.6DDiLFbZd0/experiment-work/libmany.so [0]: normal symbol `probe_2796'
   1934503:	binding file /tmp/tmp.6DDiLFbZd0/experiment-work/lazy [0] to /tmp/tmp.6DDiLFbZd0/experiment-work/libmany.so [0]: normal symbol `probe_2797'
   1934503:	binding file /tmp/tmp.6DDiLFbZd0/experiment-work/lazy [0] to /tmp/tmp.6DDiLFbZd0/experiment-work/libmany.so [0]: normal symbol `probe_2798'
   1934503:	binding file /tmp/tmp.6DDiLFbZd0/experiment-work/lazy [0] to /tmp/tmp.6DDiLFbZd0/experiment-work/libmany.so [0]: normal symbol `probe_2799'
   1934503:	binding file /tmp/tmp.6DDiLFbZd0/experiment-work/lazy [0] to /tmp/tmp.6DDiLFbZd0/experiment-work/libmany.so [0]: normal symbol `probe_2800'
   1934503:	binding file /tmp/tmp.6DDiLFbZd0/experiment-work/lazy [0] to /tmp/tmp.6DDiLFbZd0/experiment-work/libmany.so [0]: normal symbol `probe_2801'
   1934503:	binding file /tmp/tmp.6DDiLFbZd0/experiment-work/lazy [0] to /tmp/tmp.6DDiLFbZd0/experiment-work/libmany.so [0]: normal symbol `probe_2802'
   1934503:	binding file /tmp/tmp.6DDiLFbZd0/experiment-work/lazy [0] to /tmp/tmp.6DDiLFbZd0/experiment-work/libmany.so [0]: normal symbol `probe_2803'
   1934503:	binding file /tmp/tmp.6DDiLFbZd0/experiment-work/lazy [0] to /tmp/tmp.6DDiLFbZd0/experiment-work/libmany.so [0]: normal symbol `probe_2804'
   1934503:	binding file /tmp/tmp.6DDiLFbZd0/experiment-work/lazy [0] to /tmp/tmp.6DDiLFbZd0/experiment-work/libmany.so [0]: normal symbol `probe_2805'
   1934503:	binding file /tmp/tmp.6DDiLFbZd0/experiment-work/lazy [0] to /tmp/tmp.6DDiLFbZd0/experiment-work/libmany.so [0]: normal symbol `probe_2806'
   1934503:	binding file /tmp/tmp.6DDiLFbZd0/experiment-work/lazy [0] to /tmp/tmp.6DDiLFbZd0/experiment-work/libmany.so [0]: normal symbol `probe_2807'
   1934503:	binding file /tmp/tmp.6DDiLFbZd0/experiment-work/lazy [0] to /tmp/tmp.6DDiLFbZd0/experiment-work/libmany.so [0]: normal symbol `probe_2808'
   1934503:	binding file /tmp/tmp.6DDiLFbZd0/experiment-work/lazy [0] to /tmp/tmp.6DDiLFbZd0/experiment-work/libmany.so [0]: normal symbol `probe_2809'
   1934503:	binding file /tmp/tmp.6DDiLFbZd0/experiment-work/lazy [0] to /tmp/tmp.6DDiLFbZd0/experiment-work/libmany.so [0]: normal symbol `probe_2810'
   1934503:	binding file /tmp/tmp.6DDiLFbZd0/experiment-work/lazy [0] to /tmp/tmp.6DDiLFbZd0/experiment-work/libmany.so [0]: normal symbol `probe_2811'
   1934503:	binding file /tmp/tmp.6DDiLFbZd0/experiment-work/lazy [0] to /tmp/tmp.6DDiLFbZd0/experiment-work/libmany.so [0]: normal symbol `probe_2812'
   1934503:	binding file /tmp/tmp.6DDiLFbZd0/experiment-work/lazy [0] to /tmp/tmp.6DDiLFbZd0/experiment-work/libmany.so [0]: normal symbol `probe_2813'
   1934503:	binding file /tmp/tmp.6DDiLFbZd0/experiment-work/lazy [0] to /tmp/tmp.6DDiLFbZd0/experiment-work/libmany.so [0]: normal symbol `probe_2814'
   1934503:	binding file /tmp/tmp.6DDiLFbZd0/experiment-work/lazy [0] to /tmp/tmp.6DDiLFbZd0/experiment-work/libmany.so [0]: normal symbol `probe_2815'
   1934503:	binding file /tmp/tmp.6DDiLFbZd0/experiment-work/lazy [0] to /tmp/tmp.6DDiLFbZd0/experiment-work/libmany.so [0]: normal symbol `probe_2816'
   1934503:	binding file /tmp/tmp.6DDiLFbZd0/experiment-work/lazy [0] to /tmp/tmp.6DDiLFbZd0/experiment-work/libmany.so [0]: normal symbol `probe_2817'
   1934503:	binding file /tmp/tmp.6DDiLFbZd0/experiment-work/lazy [0] to /tmp/tmp.6DDiLFbZd0/experiment-work/libmany.so [0]: normal symbol `probe_2818'
   1934503:	binding file /tmp/tmp.6DDiLFbZd0/experiment-work/lazy [0] to /tmp/tmp.6DDiLFbZd0/experiment-work/libmany.so [0]: normal symbol `probe_2819'
   1934503:	binding file /tmp/tmp.6DDiLFbZd0/experiment-work/lazy [0] to /tmp/tmp.6DDiLFbZd0/experiment-work/libmany.so [0]: normal symbol `probe_2820'
   1934503:	binding file /tmp/tmp.6DDiLFbZd0/experiment-work/lazy [0] to /tmp/tmp.6DDiLFbZd0/experiment-work/libmany.so [0]: normal symbol `probe_2821'
   1934503:	binding file /tmp/tmp.6DDiLFbZd0/experiment-work/lazy [0] to /tmp/tmp.6DDiLFbZd0/experiment-work/libmany.so [0]: normal symbol `probe_2822'
   1934503:	binding file /tmp/tmp.6DDiLFbZd0/experiment-work/lazy [0] to /tmp/tmp.6DDiLFbZd0/experiment-work/libmany.so [0]: normal symbol `probe_2823'
   1934503:	binding file /tmp/tmp.6DDiLFbZd0/experiment-work/lazy [0] to /tmp/tmp.6DDiLFbZd0/experiment-work/libmany.so [0]: normal symbol `probe_2824'
   1934503:	binding file /tmp/tmp.6DDiLFbZd0/experiment-work/lazy [0] to /tmp/tmp.6DDiLFbZd0/experiment-work/libmany.so [0]: normal symbol `probe_2825'
   1934503:	binding file /tmp/tmp.6DDiLFbZd0/experiment-work/lazy [0] to /tmp/tmp.6DDiLFbZd0/experiment-work/libmany.so [0]: normal symbol `probe_2826'
   1934503:	binding file /tmp/tmp.6DDiLFbZd0/experiment-work/lazy [0] to /tmp/tmp.6DDiLFbZd0/experiment-work/libmany.so [0]: normal symbol `probe_2827'
   1934503:	binding file /tmp/tmp.6DDiLFbZd0/experiment-work/lazy [0] to /tmp/tmp.6DDiLFbZd0/experiment-work/libmany.so [0]: normal symbol `probe_2828'
   1934503:	binding file /tmp/tmp.6DDiLFbZd0/experiment-work/lazy [0] to /tmp/tmp.6DDiLFbZd0/experiment-work/libmany.so [0]: normal symbol `probe_2829'
   1934503:	binding file /tmp/tmp.6DDiLFbZd0/experiment-work/lazy [0] to /tmp/tmp.6DDiLFbZd0/experiment-work/libmany.so [0]: normal symbol `probe_2830'
   1934503:	binding file /tmp/tmp.6DDiLFbZd0/experiment-work/lazy [0] to /tmp/tmp.6DDiLFbZd0/experiment-work/libmany.so [0]: normal symbol `probe_2831'
   1934503:	binding file /tmp/tmp.6DDiLFbZd0/experiment-work/lazy [0] to /tmp/tmp.6DDiLFbZd0/experiment-work/libmany.so [0]: normal symbol `probe_2832'
   1934503:	binding file /tmp/tmp.6DDiLFbZd0/experiment-work/lazy [0] to /tmp/tmp.6DDiLFbZd0/experiment-work/libmany.so [0]: normal symbol `probe_2833'
   1934503:	binding file /tmp/tmp.6DDiLFbZd0/experiment-work/lazy [0] to /tmp/tmp.6DDiLFbZd0/experiment-work/libmany.so [0]: normal symbol `probe_2834'
   1934503:	binding file /tmp/tmp.6DDiLFbZd0/experiment-work/lazy [0] to /tmp/tmp.6DDiLFbZd0/experiment-work/libmany.so [0]: normal symbol `probe_2835'
   1934503:	binding file /tmp/tmp.6DDiLFbZd0/experiment-work/lazy [0] to /tmp/tmp.6DDiLFbZd0/experiment-work/libmany.so [0]: normal symbol `probe_2836'
   1934503:	binding file /tmp/tmp.6DDiLFbZd0/experiment-work/lazy [0] to /tmp/tmp.6DDiLFbZd0/experiment-work/libmany.so [0]: normal symbol `probe_2837'
   1934503:	binding file /tmp/tmp.6DDiLFbZd0/experiment-work/lazy [0] to /tmp/tmp.6DDiLFbZd0/experiment-work/libmany.so [0]: normal symbol `probe_2838'
   1934503:	binding file /tmp/tmp.6DDiLFbZd0/experiment-work/lazy [0] to /tmp/tmp.6DDiLFbZd0/experiment-work/libmany.so [0]: normal symbol `probe_2839'
   1934503:	binding file /tmp/tmp.6DDiLFbZd0/experiment-work/lazy [0] to /tmp/tmp.6DDiLFbZd0/experiment-work/libmany.so [0]: normal symbol `probe_2840'
   1934503:	binding file /tmp/tmp.6DDiLFbZd0/experiment-work/lazy [0] to /tmp/tmp.6DDiLFbZd0/experiment-work/libmany.so [0]: normal symbol `probe_2841'
   1934503:	binding file /tmp/tmp.6DDiLFbZd0/experiment-work/lazy [0] to /tmp/tmp.6DDiLFbZd0/experiment-work/libmany.so [0]: normal symbol `probe_2842'
   1934503:	binding file /tmp/tmp.6DDiLFbZd0/experiment-work/lazy [0] to /tmp/tmp.6DDiLFbZd0/experiment-work/libmany.so [0]: normal symbol `probe_2843'
   1934503:	binding file /tmp/tmp.6DDiLFbZd0/experiment-work/lazy [0] to /tmp/tmp.6DDiLFbZd0/experiment-work/libmany.so [0]: normal symbol `probe_2844'
   1934503:	binding file /tmp/tmp.6DDiLFbZd0/experiment-work/lazy [0] to /tmp/tmp.6DDiLFbZd0/experiment-work/libmany.so [0]: normal symbol `probe_2845'
   1934503:	binding file /tmp/tmp.6DDiLFbZd0/experiment-work/lazy [0] to /tmp/tmp.6DDiLFbZd0/experiment-work/libmany.so [0]: normal symbol `probe_2846'
   1934503:	binding file /tmp/tmp.6DDiLFbZd0/experiment-work/lazy [0] to /tmp/tmp.6DDiLFbZd0/experiment-work/libmany.so [0]: normal symbol `probe_2847'
   1934503:	binding file /tmp/tmp.6DDiLFbZd0/experiment-work/lazy [0] to /tmp/tmp.6DDiLFbZd0/experiment-work/libmany.so [0]: normal symbol `probe_2848'
   1934503:	binding file /tmp/tmp.6DDiLFbZd0/experiment-work/lazy [0] to /tmp/tmp.6DDiLFbZd0/experiment-work/libmany.so [0]: normal symbol `probe_2849'
   1934503:	binding file /tmp/tmp.6DDiLFbZd0/experiment-work/lazy [0] to /tmp/tmp.6DDiLFbZd0/experiment-work/libmany.so [0]: normal symbol `probe_2850'
   1934503:	binding file /tmp/tmp.6DDiLFbZd0/experiment-work/lazy [0] to /tmp/tmp.6DDiLFbZd0/experiment-work/libmany.so [0]: normal symbol `probe_2851'
   1934503:	binding file /tmp/tmp.6DDiLFbZd0/experiment-work/lazy [0] to /tmp/tmp.6DDiLFbZd0/experiment-work/libmany.so [0]: normal symbol `probe_2852'
   1934503:	binding file /tmp/tmp.6DDiLFbZd0/experiment-work/lazy [0] to /tmp/tmp.6DDiLFbZd0/experiment-work/libmany.so [0]: normal symbol `probe_2853'
   1934503:	binding file /tmp/tmp.6DDiLFbZd0/experiment-work/lazy [0] to /tmp/tmp.6DDiLFbZd0/experiment-work/libmany.so [0]: normal symbol `probe_2854'
   1934503:	binding file /tmp/tmp.6DDiLFbZd0/experiment-work/lazy [0] to /tmp/tmp.6DDiLFbZd0/experiment-work/libmany.so [0]: normal symbol `probe_2855'
   1934503:	binding file /tmp/tmp.6DDiLFbZd0/experiment-work/lazy [0] to /tmp/tmp.6DDiLFbZd0/experiment-work/libmany.so [0]: normal symbol `probe_2856'
   1934503:	binding file /tmp/tmp.6DDiLFbZd0/experiment-work/lazy [0] to /tmp/tmp.6DDiLFbZd0/experiment-work/libmany.so [0]: normal symbol `probe_2857'
   1934503:	binding file /tmp/tmp.6DDiLFbZd0/experiment-work/lazy [0] to /tmp/tmp.6DDiLFbZd0/experiment-work/libmany.so [0]: normal symbol `probe_2858'
   1934503:	binding file /tmp/tmp.6DDiLFbZd0/experiment-work/lazy [0] to /tmp/tmp.6DDiLFbZd0/experiment-work/libmany.so [0]: normal symbol `probe_2859'
   1934503:	binding file /tmp/tmp.6DDiLFbZd0/experiment-work/lazy [0] to /tmp/tmp.6DDiLFbZd0/experiment-work/libmany.so [0]: normal symbol `probe_2860'
   1934503:	binding file /tmp/tmp.6DDiLFbZd0/experiment-work/lazy [0] to /tmp/tmp.6DDiLFbZd0/experiment-work/libmany.so [0]: normal symbol `probe_2861'
   1934503:	binding file /tmp/tmp.6DDiLFbZd0/experiment-work/lazy [0] to /tmp/tmp.6DDiLFbZd0/experiment-work/libmany.so [0]: normal symbol `probe_2862'
   1934503:	binding file /tmp/tmp.6DDiLFbZd0/experiment-work/lazy [0] to /tmp/tmp.6DDiLFbZd0/experiment-work/libmany.so [0]: normal symbol `probe_2863'
   1934503:	binding file /tmp/tmp.6DDiLFbZd0/experiment-work/lazy [0] to /tmp/tmp.6DDiLFbZd0/experiment-work/libmany.so [0]: normal symbol `probe_2864'
   1934503:	binding file /tmp/tmp.6DDiLFbZd0/experiment-work/lazy [0] to /tmp/tmp.6DDiLFbZd0/experiment-work/libmany.so [0]: normal symbol `probe_2865'
   1934503:	binding file /tmp/tmp.6DDiLFbZd0/experiment-work/lazy [0] to /tmp/tmp.6DDiLFbZd0/experiment-work/libmany.so [0]: normal symbol `probe_2866'
   1934503:	binding file /tmp/tmp.6DDiLFbZd0/experiment-work/lazy [0] to /tmp/tmp.6DDiLFbZd0/experiment-work/libmany.so [0]: normal symbol `probe_2867'
   1934503:	binding file /tmp/tmp.6DDiLFbZd0/experiment-work/lazy [0] to /tmp/tmp.6DDiLFbZd0/experiment-work/libmany.so [0]: normal symbol `probe_2868'
   1934503:	binding file /tmp/tmp.6DDiLFbZd0/experiment-work/lazy [0] to /tmp/tmp.6DDiLFbZd0/experiment-work/libmany.so [0]: normal symbol `probe_2869'
   1934503:	binding file /tmp/tmp.6DDiLFbZd0/experiment-work/lazy [0] to /tmp/tmp.6DDiLFbZd0/experiment-work/libmany.so [0]: normal symbol `probe_2870'
   1934503:	binding file /tmp/tmp.6DDiLFbZd0/experiment-work/lazy [0] to /tmp/tmp.6DDiLFbZd0/experiment-work/libmany.so [0]: normal symbol `probe_2871'
   1934503:	binding file /tmp/tmp.6DDiLFbZd0/experiment-work/lazy [0] to /tmp/tmp.6DDiLFbZd0/experiment-work/libmany.so [0]: normal symbol `probe_2872'
   1934503:	binding file /tmp/tmp.6DDiLFbZd0/experiment-work/lazy [0] to /tmp/tmp.6DDiLFbZd0/experiment-work/libmany.so [0]: normal symbol `probe_2873'
   1934503:	binding file /tmp/tmp.6DDiLFbZd0/experiment-work/lazy [0] to /tmp/tmp.6DDiLFbZd0/experiment-work/libmany.so [0]: normal symbol `probe_2874'
   1934503:	binding file /tmp/tmp.6DDiLFbZd0/experiment-work/lazy [0] to /tmp/tmp.6DDiLFbZd0/experiment-work/libmany.so [0]: normal symbol `probe_2875'
   1934503:	binding file /tmp/tmp.6DDiLFbZd0/experiment-work/lazy [0] to /tmp/tmp.6DDiLFbZd0/experiment-work/libmany.so [0]: normal symbol `probe_2876'
   1934503:	binding file /tmp/tmp.6DDiLFbZd0/experiment-work/lazy [0] to /tmp/tmp.6DDiLFbZd0/experiment-work/libmany.so [0]: normal symbol `probe_2877'
   1934503:	binding file /tmp/tmp.6DDiLFbZd0/experiment-work/lazy [0] to /tmp/tmp.6DDiLFbZd0/experiment-work/libmany.so [0]: normal symbol `probe_2878'
   1934503:	binding file /tmp/tmp.6DDiLFbZd0/experiment-work/lazy [0] to /tmp/tmp.6DDiLFbZd0/experiment-work/libmany.so [0]: normal symbol `probe_2879'
   1934503:	binding file /tmp/tmp.6DDiLFbZd0/experiment-work/lazy [0] to /tmp/tmp.6DDiLFbZd0/experiment-work/libmany.so [0]: normal symbol `probe_2880'
   1934503:	binding file /tmp/tmp.6DDiLFbZd0/experiment-work/lazy [0] to /tmp/tmp.6DDiLFbZd0/experiment-work/libmany.so [0]: normal symbol `probe_2881'
   1934503:	binding file /tmp/tmp.6DDiLFbZd0/experiment-work/lazy [0] to /tmp/tmp.6DDiLFbZd0/experiment-work/libmany.so [0]: normal symbol `probe_2882'
   1934503:	binding file /tmp/tmp.6DDiLFbZd0/experiment-work/lazy [0] to /tmp/tmp.6DDiLFbZd0/experiment-work/libmany.so [0]: normal symbol `probe_2883'
   1934503:	binding file /tmp/tmp.6DDiLFbZd0/experiment-work/lazy [0] to /tmp/tmp.6DDiLFbZd0/experiment-work/libmany.so [0]: normal symbol `probe_2884'
   1934503:	binding file /tmp/tmp.6DDiLFbZd0/experiment-work/lazy [0] to /tmp/tmp.6DDiLFbZd0/experiment-work/libmany.so [0]: normal symbol `probe_2885'
   1934503:	binding file /tmp/tmp.6DDiLFbZd0/experiment-work/lazy [0] to /tmp/tmp.6DDiLFbZd0/experiment-work/libmany.so [0]: normal symbol `probe_2886'
   1934503:	binding file /tmp/tmp.6DDiLFbZd0/experiment-work/lazy [0] to /tmp/tmp.6DDiLFbZd0/experiment-work/libmany.so [0]: normal symbol `probe_2887'
   1934503:	binding file /tmp/tmp.6DDiLFbZd0/experiment-work/lazy [0] to /tmp/tmp.6DDiLFbZd0/experiment-work/libmany.so [0]: normal symbol `probe_2888'
   1934503:	binding file /tmp/tmp.6DDiLFbZd0/experiment-work/lazy [0] to /tmp/tmp.6DDiLFbZd0/experiment-work/libmany.so [0]: normal symbol `probe_2889'
   1934503:	binding file /tmp/tmp.6DDiLFbZd0/experiment-work/lazy [0] to /tmp/tmp.6DDiLFbZd0/experiment-work/libmany.so [0]: normal symbol `probe_2890'
   1934503:	binding file /tmp/tmp.6DDiLFbZd0/experiment-work/lazy [0] to /tmp/tmp.6DDiLFbZd0/experiment-work/libmany.so [0]: normal symbol `probe_2891'
   1934503:	binding file /tmp/tmp.6DDiLFbZd0/experiment-work/lazy [0] to /tmp/tmp.6DDiLFbZd0/experiment-work/libmany.so [0]: normal symbol `probe_2892'
   1934503:	binding file /tmp/tmp.6DDiLFbZd0/experiment-work/lazy [0] to /tmp/tmp.6DDiLFbZd0/experiment-work/libmany.so [0]: normal symbol `probe_2893'
   1934503:	binding file /tmp/tmp.6DDiLFbZd0/experiment-work/lazy [0] to /tmp/tmp.6DDiLFbZd0/experiment-work/libmany.so [0]: normal symbol `probe_2894'
   1934503:	binding file /tmp/tmp.6DDiLFbZd0/experiment-work/lazy [0] to /tmp/tmp.6DDiLFbZd0/experiment-work/libmany.so [0]: normal symbol `probe_2895'
   1934503:	binding file /tmp/tmp.6DDiLFbZd0/experiment-work/lazy [0] to /tmp/tmp.6DDiLFbZd0/experiment-work/libmany.so [0]: normal symbol `probe_2896'
   1934503:	binding file /tmp/tmp.6DDiLFbZd0/experiment-work/lazy [0] to /tmp/tmp.6DDiLFbZd0/experiment-work/libmany.so [0]: normal symbol `probe_2897'
   1934503:	binding file /tmp/tmp.6DDiLFbZd0/experiment-work/lazy [0] to /tmp/tmp.6DDiLFbZd0/experiment-work/libmany.so [0]: normal symbol `probe_2898'
   1934503:	binding file /tmp/tmp.6DDiLFbZd0/experiment-work/lazy [0] to /tmp/tmp.6DDiLFbZd0/experiment-work/libmany.so [0]: normal symbol `probe_2899'
   1934503:	binding file /tmp/tmp.6DDiLFbZd0/experiment-work/lazy [0] to /tmp/tmp.6DDiLFbZd0/experiment-work/libmany.so [0]: normal symbol `probe_2900'
   1934503:	binding file /tmp/tmp.6DDiLFbZd0/experiment-work/lazy [0] to /tmp/tmp.6DDiLFbZd0/experiment-work/libmany.so [0]: normal symbol `probe_2901'
   1934503:	binding file /tmp/tmp.6DDiLFbZd0/experiment-work/lazy [0] to /tmp/tmp.6DDiLFbZd0/experiment-work/libmany.so [0]: normal symbol `probe_2902'
   1934503:	binding file /tmp/tmp.6DDiLFbZd0/experiment-work/lazy [0] to /tmp/tmp.6DDiLFbZd0/experiment-work/libmany.so [0]: normal symbol `probe_2903'
   1934503:	binding file /tmp/tmp.6DDiLFbZd0/experiment-work/lazy [0] to /tmp/tmp.6DDiLFbZd0/experiment-work/libmany.so [0]: normal symbol `probe_2904'
   1934503:	binding file /tmp/tmp.6DDiLFbZd0/experiment-work/lazy [0] to /tmp/tmp.6DDiLFbZd0/experiment-work/libmany.so [0]: normal symbol `probe_2905'
   1934503:	binding file /tmp/tmp.6DDiLFbZd0/experiment-work/lazy [0] to /tmp/tmp.6DDiLFbZd0/experiment-work/libmany.so [0]: normal symbol `probe_2906'
   1934503:	binding file /tmp/tmp.6DDiLFbZd0/experiment-work/lazy [0] to /tmp/tmp.6DDiLFbZd0/experiment-work/libmany.so [0]: normal symbol `probe_2907'
   1934503:	binding file /tmp/tmp.6DDiLFbZd0/experiment-work/lazy [0] to /tmp/tmp.6DDiLFbZd0/experiment-work/libmany.so [0]: normal symbol `probe_2908'
   1934503:	binding file /tmp/tmp.6DDiLFbZd0/experiment-work/lazy [0] to /tmp/tmp.6DDiLFbZd0/experiment-work/libmany.so [0]: normal symbol `probe_2909'
   1934503:	binding file /tmp/tmp.6DDiLFbZd0/experiment-work/lazy [0] to /tmp/tmp.6DDiLFbZd0/experiment-work/libmany.so [0]: normal symbol `probe_2910'
   1934503:	binding file /tmp/tmp.6DDiLFbZd0/experiment-work/lazy [0] to /tmp/tmp.6DDiLFbZd0/experiment-work/libmany.so [0]: normal symbol `probe_2911'
   1934503:	binding file /tmp/tmp.6DDiLFbZd0/experiment-work/lazy [0] to /tmp/tmp.6DDiLFbZd0/experiment-work/libmany.so [0]: normal symbol `probe_2912'
   1934503:	binding file /tmp/tmp.6DDiLFbZd0/experiment-work/lazy [0] to /tmp/tmp.6DDiLFbZd0/experiment-work/libmany.so [0]: normal symbol `probe_2913'
   1934503:	binding file /tmp/tmp.6DDiLFbZd0/experiment-work/lazy [0] to /tmp/tmp.6DDiLFbZd0/experiment-work/libmany.so [0]: normal symbol `probe_2914'
   1934503:	binding file /tmp/tmp.6DDiLFbZd0/experiment-work/lazy [0] to /tmp/tmp.6DDiLFbZd0/experiment-work/libmany.so [0]: normal symbol `probe_2915'
   1934503:	binding file /tmp/tmp.6DDiLFbZd0/experiment-work/lazy [0] to /tmp/tmp.6DDiLFbZd0/experiment-work/libmany.so [0]: normal symbol `probe_2916'
   1934503:	binding file /tmp/tmp.6DDiLFbZd0/experiment-work/lazy [0] to /tmp/tmp.6DDiLFbZd0/experiment-work/libmany.so [0]: normal symbol `probe_2917'
   1934503:	binding file /tmp/tmp.6DDiLFbZd0/experiment-work/lazy [0] to /tmp/tmp.6DDiLFbZd0/experiment-work/libmany.so [0]: normal symbol `probe_2918'
   1934503:	binding file /tmp/tmp.6DDiLFbZd0/experiment-work/lazy [0] to /tmp/tmp.6DDiLFbZd0/experiment-work/libmany.so [0]: normal symbol `probe_2919'
   1934503:	binding file /tmp/tmp.6DDiLFbZd0/experiment-work/lazy [0] to /tmp/tmp.6DDiLFbZd0/experiment-work/libmany.so [0]: normal symbol `probe_2920'
   1934503:	binding file /tmp/tmp.6DDiLFbZd0/experiment-work/lazy [0] to /tmp/tmp.6DDiLFbZd0/experiment-work/libmany.so [0]: normal symbol `probe_2921'
   1934503:	binding file /tmp/tmp.6DDiLFbZd0/experiment-work/lazy [0] to /tmp/tmp.6DDiLFbZd0/experiment-work/libmany.so [0]: normal symbol `probe_2922'
   1934503:	binding file /tmp/tmp.6DDiLFbZd0/experiment-work/lazy [0] to /tmp/tmp.6DDiLFbZd0/experiment-work/libmany.so [0]: normal symbol `probe_2923'
   1934503:	binding file /tmp/tmp.6DDiLFbZd0/experiment-work/lazy [0] to /tmp/tmp.6DDiLFbZd0/experiment-work/libmany.so [0]: normal symbol `probe_2924'
   1934503:	binding file /tmp/tmp.6DDiLFbZd0/experiment-work/lazy [0] to /tmp/tmp.6DDiLFbZd0/experiment-work/libmany.so [0]: normal symbol `probe_2925'
   1934503:	binding file /tmp/tmp.6DDiLFbZd0/experiment-work/lazy [0] to /tmp/tmp.6DDiLFbZd0/experiment-work/libmany.so [0]: normal symbol `probe_2926'
   1934503:	binding file /tmp/tmp.6DDiLFbZd0/experiment-work/lazy [0] to /tmp/tmp.6DDiLFbZd0/experiment-work/libmany.so [0]: normal symbol `probe_2927'
   1934503:	binding file /tmp/tmp.6DDiLFbZd0/experiment-work/lazy [0] to /tmp/tmp.6DDiLFbZd0/experiment-work/libmany.so [0]: normal symbol `probe_2928'
   1934503:	binding file /tmp/tmp.6DDiLFbZd0/experiment-work/lazy [0] to /tmp/tmp.6DDiLFbZd0/experiment-work/libmany.so [0]: normal symbol `probe_2929'
   1934503:	binding file /tmp/tmp.6DDiLFbZd0/experiment-work/lazy [0] to /tmp/tmp.6DDiLFbZd0/experiment-work/libmany.so [0]: normal symbol `probe_2930'
   1934503:	binding file /tmp/tmp.6DDiLFbZd0/experiment-work/lazy [0] to /tmp/tmp.6DDiLFbZd0/experiment-work/libmany.so [0]: normal symbol `probe_2931'
   1934503:	binding file /tmp/tmp.6DDiLFbZd0/experiment-work/lazy [0] to /tmp/tmp.6DDiLFbZd0/experiment-work/libmany.so [0]: normal symbol `probe_2932'
   1934503:	binding file /tmp/tmp.6DDiLFbZd0/experiment-work/lazy [0] to /tmp/tmp.6DDiLFbZd0/experiment-work/libmany.so [0]: normal symbol `probe_2933'
   1934503:	binding file /tmp/tmp.6DDiLFbZd0/experiment-work/lazy [0] to /tmp/tmp.6DDiLFbZd0/experiment-work/libmany.so [0]: normal symbol `probe_2934'
   1934503:	binding file /tmp/tmp.6DDiLFbZd0/experiment-work/lazy [0] to /tmp/tmp.6DDiLFbZd0/experiment-work/libmany.so [0]: normal symbol `probe_2935'
   1934503:	binding file /tmp/tmp.6DDiLFbZd0/experiment-work/lazy [0] to /tmp/tmp.6DDiLFbZd0/experiment-work/libmany.so [0]: normal symbol `probe_2936'
   1934503:	binding file /tmp/tmp.6DDiLFbZd0/experiment-work/lazy [0] to /tmp/tmp.6DDiLFbZd0/experiment-work/libmany.so [0]: normal symbol `probe_2937'
   1934503:	binding file /tmp/tmp.6DDiLFbZd0/experiment-work/lazy [0] to /tmp/tmp.6DDiLFbZd0/experiment-work/libmany.so [0]: normal symbol `probe_2938'
   1934503:	binding file /tmp/tmp.6DDiLFbZd0/experiment-work/lazy [0] to /tmp/tmp.6DDiLFbZd0/experiment-work/libmany.so [0]: normal symbol `probe_2939'
   1934503:	binding file /tmp/tmp.6DDiLFbZd0/experiment-work/lazy [0] to /tmp/tmp.6DDiLFbZd0/experiment-work/libmany.so [0]: normal symbol `probe_2940'
   1934503:	binding file /tmp/tmp.6DDiLFbZd0/experiment-work/lazy [0] to /tmp/tmp.6DDiLFbZd0/experiment-work/libmany.so [0]: normal symbol `probe_2941'
   1934503:	binding file /tmp/tmp.6DDiLFbZd0/experiment-work/lazy [0] to /tmp/tmp.6DDiLFbZd0/experiment-work/libmany.so [0]: normal symbol `probe_2942'
   1934503:	binding file /tmp/tmp.6DDiLFbZd0/experiment-work/lazy [0] to /tmp/tmp.6DDiLFbZd0/experiment-work/libmany.so [0]: normal symbol `probe_2943'
   1934503:	binding file /tmp/tmp.6DDiLFbZd0/experiment-work/lazy [0] to /tmp/tmp.6DDiLFbZd0/experiment-work/libmany.so [0]: normal symbol `probe_2944'
   1934503:	binding file /tmp/tmp.6DDiLFbZd0/experiment-work/lazy [0] to /tmp/tmp.6DDiLFbZd0/experiment-work/libmany.so [0]: normal symbol `probe_2945'
   1934503:	binding file /tmp/tmp.6DDiLFbZd0/experiment-work/lazy [0] to /tmp/tmp.6DDiLFbZd0/experiment-work/libmany.so [0]: normal symbol `probe_2946'
   1934503:	binding file /tmp/tmp.6DDiLFbZd0/experiment-work/lazy [0] to /tmp/tmp.6DDiLFbZd0/experiment-work/libmany.so [0]: normal symbol `probe_2947'
   1934503:	binding file /tmp/tmp.6DDiLFbZd0/experiment-work/lazy [0] to /tmp/tmp.6DDiLFbZd0/experiment-work/libmany.so [0]: normal symbol `probe_2948'
   1934503:	binding file /tmp/tmp.6DDiLFbZd0/experiment-work/lazy [0] to /tmp/tmp.6DDiLFbZd0/experiment-work/libmany.so [0]: normal symbol `probe_2949'
   1934503:	binding file /tmp/tmp.6DDiLFbZd0/experiment-work/lazy [0] to /tmp/tmp.6DDiLFbZd0/experiment-work/libmany.so [0]: normal symbol `probe_2950'
   1934503:	binding file /tmp/tmp.6DDiLFbZd0/experiment-work/lazy [0] to /tmp/tmp.6DDiLFbZd0/experiment-work/libmany.so [0]: normal symbol `probe_2951'
   1934503:	binding file /tmp/tmp.6DDiLFbZd0/experiment-work/lazy [0] to /tmp/tmp.6DDiLFbZd0/experiment-work/libmany.so [0]: normal symbol `probe_2952'
   1934503:	binding file /tmp/tmp.6DDiLFbZd0/experiment-work/lazy [0] to /tmp/tmp.6DDiLFbZd0/experiment-work/libmany.so [0]: normal symbol `probe_2953'
   1934503:	binding file /tmp/tmp.6DDiLFbZd0/experiment-work/lazy [0] to /tmp/tmp.6DDiLFbZd0/experiment-work/libmany.so [0]: normal symbol `probe_2954'
   1934503:	binding file /tmp/tmp.6DDiLFbZd0/experiment-work/lazy [0] to /tmp/tmp.6DDiLFbZd0/experiment-work/libmany.so [0]: normal symbol `probe_2955'
   1934503:	binding file /tmp/tmp.6DDiLFbZd0/experiment-work/lazy [0] to /tmp/tmp.6DDiLFbZd0/experiment-work/libmany.so [0]: normal symbol `probe_2956'
   1934503:	binding file /tmp/tmp.6DDiLFbZd0/experiment-work/lazy [0] to /tmp/tmp.6DDiLFbZd0/experiment-work/libmany.so [0]: normal symbol `probe_2957'
   1934503:	binding file /tmp/tmp.6DDiLFbZd0/experiment-work/lazy [0] to /tmp/tmp.6DDiLFbZd0/experiment-work/libmany.so [0]: normal symbol `probe_2958'
   1934503:	binding file /tmp/tmp.6DDiLFbZd0/experiment-work/lazy [0] to /tmp/tmp.6DDiLFbZd0/experiment-work/libmany.so [0]: normal symbol `probe_2959'
   1934503:	binding file /tmp/tmp.6DDiLFbZd0/experiment-work/lazy [0] to /tmp/tmp.6DDiLFbZd0/experiment-work/libmany.so [0]: normal symbol `probe_2960'
   1934503:	binding file /tmp/tmp.6DDiLFbZd0/experiment-work/lazy [0] to /tmp/tmp.6DDiLFbZd0/experiment-work/libmany.so [0]: normal symbol `probe_2961'
   1934503:	binding file /tmp/tmp.6DDiLFbZd0/experiment-work/lazy [0] to /tmp/tmp.6DDiLFbZd0/experiment-work/libmany.so [0]: normal symbol `probe_2962'
   1934503:	binding file /tmp/tmp.6DDiLFbZd0/experiment-work/lazy [0] to /tmp/tmp.6DDiLFbZd0/experiment-work/libmany.so [0]: normal symbol `probe_2963'
   1934503:	binding file /tmp/tmp.6DDiLFbZd0/experiment-work/lazy [0] to /tmp/tmp.6DDiLFbZd0/experiment-work/libmany.so [0]: normal symbol `probe_2964'
   1934503:	binding file /tmp/tmp.6DDiLFbZd0/experiment-work/lazy [0] to /tmp/tmp.6DDiLFbZd0/experiment-work/libmany.so [0]: normal symbol `probe_2965'
   1934503:	binding file /tmp/tmp.6DDiLFbZd0/experiment-work/lazy [0] to /tmp/tmp.6DDiLFbZd0/experiment-work/libmany.so [0]: normal symbol `probe_2966'
   1934503:	binding file /tmp/tmp.6DDiLFbZd0/experiment-work/lazy [0] to /tmp/tmp.6DDiLFbZd0/experiment-work/libmany.so [0]: normal symbol `probe_2967'
   1934503:	binding file /tmp/tmp.6DDiLFbZd0/experiment-work/lazy [0] to /tmp/tmp.6DDiLFbZd0/experiment-work/libmany.so [0]: normal symbol `probe_2968'
   1934503:	binding file /tmp/tmp.6DDiLFbZd0/experiment-work/lazy [0] to /tmp/tmp.6DDiLFbZd0/experiment-work/libmany.so [0]: normal symbol `probe_2969'
   1934503:	binding file /tmp/tmp.6DDiLFbZd0/experiment-work/lazy [0] to /tmp/tmp.6DDiLFbZd0/experiment-work/libmany.so [0]: normal symbol `probe_2970'
   1934503:	binding file /tmp/tmp.6DDiLFbZd0/experiment-work/lazy [0] to /tmp/tmp.6DDiLFbZd0/experiment-work/libmany.so [0]: normal symbol `probe_2971'
   1934503:	binding file /tmp/tmp.6DDiLFbZd0/experiment-work/lazy [0] to /tmp/tmp.6DDiLFbZd0/experiment-work/libmany.so [0]: normal symbol `probe_2972'
   1934503:	binding file /tmp/tmp.6DDiLFbZd0/experiment-work/lazy [0] to /tmp/tmp.6DDiLFbZd0/experiment-work/libmany.so [0]: normal symbol `probe_2973'
   1934503:	binding file /tmp/tmp.6DDiLFbZd0/experiment-work/lazy [0] to /tmp/tmp.6DDiLFbZd0/experiment-work/libmany.so [0]: normal symbol `probe_2974'
   1934503:	binding file /tmp/tmp.6DDiLFbZd0/experiment-work/lazy [0] to /tmp/tmp.6DDiLFbZd0/experiment-work/libmany.so [0]: normal symbol `probe_2975'
   1934503:	binding file /tmp/tmp.6DDiLFbZd0/experiment-work/lazy [0] to /tmp/tmp.6DDiLFbZd0/experiment-work/libmany.so [0]: normal symbol `probe_2976'
   1934503:	binding file /tmp/tmp.6DDiLFbZd0/experiment-work/lazy [0] to /tmp/tmp.6DDiLFbZd0/experiment-work/libmany.so [0]: normal symbol `probe_2977'
   1934503:	binding file /tmp/tmp.6DDiLFbZd0/experiment-work/lazy [0] to /tmp/tmp.6DDiLFbZd0/experiment-work/libmany.so [0]: normal symbol `probe_2978'
   1934503:	binding file /tmp/tmp.6DDiLFbZd0/experiment-work/lazy [0] to /tmp/tmp.6DDiLFbZd0/experiment-work/libmany.so [0]: normal symbol `probe_2979'
   1934503:	binding file /tmp/tmp.6DDiLFbZd0/experiment-work/lazy [0] to /tmp/tmp.6DDiLFbZd0/experiment-work/libmany.so [0]: normal symbol `probe_2980'
   1934503:	binding file /tmp/tmp.6DDiLFbZd0/experiment-work/lazy [0] to /tmp/tmp.6DDiLFbZd0/experiment-work/libmany.so [0]: normal symbol `probe_2981'
   1934503:	binding file /tmp/tmp.6DDiLFbZd0/experiment-work/lazy [0] to /tmp/tmp.6DDiLFbZd0/experiment-work/libmany.so [0]: normal symbol `probe_2982'
   1934503:	binding file /tmp/tmp.6DDiLFbZd0/experiment-work/lazy [0] to /tmp/tmp.6DDiLFbZd0/experiment-work/libmany.so [0]: normal symbol `probe_2983'
   1934503:	binding file /tmp/tmp.6DDiLFbZd0/experiment-work/lazy [0] to /tmp/tmp.6DDiLFbZd0/experiment-work/libmany.so [0]: normal symbol `probe_2984'
   1934503:	binding file /tmp/tmp.6DDiLFbZd0/experiment-work/lazy [0] to /tmp/tmp.6DDiLFbZd0/experiment-work/libmany.so [0]: normal symbol `probe_2985'
   1934503:	binding file /tmp/tmp.6DDiLFbZd0/experiment-work/lazy [0] to /tmp/tmp.6DDiLFbZd0/experiment-work/libmany.so [0]: normal symbol `probe_2986'
   1934503:	binding file /tmp/tmp.6DDiLFbZd0/experiment-work/lazy [0] to /tmp/tmp.6DDiLFbZd0/experiment-work/libmany.so [0]: normal symbol `probe_2987'
   1934503:	binding file /tmp/tmp.6DDiLFbZd0/experiment-work/lazy [0] to /tmp/tmp.6DDiLFbZd0/experiment-work/libmany.so [0]: normal symbol `probe_2988'
   1934503:	binding file /tmp/tmp.6DDiLFbZd0/experiment-work/lazy [0] to /tmp/tmp.6DDiLFbZd0/experiment-work/libmany.so [0]: normal symbol `probe_2989'
   1934503:	binding file /tmp/tmp.6DDiLFbZd0/experiment-work/lazy [0] to /tmp/tmp.6DDiLFbZd0/experiment-work/libmany.so [0]: normal symbol `probe_2990'
   1934503:	binding file /tmp/tmp.6DDiLFbZd0/experiment-work/lazy [0] to /tmp/tmp.6DDiLFbZd0/experiment-work/libmany.so [0]: normal symbol `probe_2991'
   1934503:	binding file /tmp/tmp.6DDiLFbZd0/experiment-work/lazy [0] to /tmp/tmp.6DDiLFbZd0/experiment-work/libmany.so [0]: normal symbol `probe_2992'
   1934503:	binding file /tmp/tmp.6DDiLFbZd0/experiment-work/lazy [0] to /tmp/tmp.6DDiLFbZd0/experiment-work/libmany.so [0]: normal symbol `probe_2993'
   1934503:	binding file /tmp/tmp.6DDiLFbZd0/experiment-work/lazy [0] to /tmp/tmp.6DDiLFbZd0/experiment-work/libmany.so [0]: normal symbol `probe_2994'
   1934503:	binding file /tmp/tmp.6DDiLFbZd0/experiment-work/lazy [0] to /tmp/tmp.6DDiLFbZd0/experiment-work/libmany.so [0]: normal symbol `probe_2995'
   1934503:	binding file /tmp/tmp.6DDiLFbZd0/experiment-work/lazy [0] to /tmp/tmp.6DDiLFbZd0/experiment-work/libmany.so [0]: normal symbol `probe_2996'
   1934503:	binding file /tmp/tmp.6DDiLFbZd0/experiment-work/lazy [0] to /tmp/tmp.6DDiLFbZd0/experiment-work/libmany.so [0]: normal symbol `probe_2997'
   1934503:	binding file /tmp/tmp.6DDiLFbZd0/experiment-work/lazy [0] to /tmp/tmp.6DDiLFbZd0/experiment-work/libmany.so [0]: normal symbol `probe_2998'
   1934503:	binding file /tmp/tmp.6DDiLFbZd0/experiment-work/lazy [0] to /tmp/tmp.6DDiLFbZd0/experiment-work/libmany.so [0]: normal symbol `probe_2999'
   1934503:	binding file /tmp/tmp.6DDiLFbZd0/experiment-work/lazy [0] to /tmp/tmp.6DDiLFbZd0/experiment-work/libmany.so [0]: normal symbol `probe_3000'
   1934503:	binding file /tmp/tmp.6DDiLFbZd0/experiment-work/lazy [0] to /tmp/tmp.6DDiLFbZd0/experiment-work/libmany.so [0]: normal symbol `probe_3001'
   1934503:	binding file /tmp/tmp.6DDiLFbZd0/experiment-work/lazy [0] to /tmp/tmp.6DDiLFbZd0/experiment-work/libmany.so [0]: normal symbol `probe_3002'
   1934503:	binding file /tmp/tmp.6DDiLFbZd0/experiment-work/lazy [0] to /tmp/tmp.6DDiLFbZd0/experiment-work/libmany.so [0]: normal symbol `probe_3003'
   1934503:	binding file /tmp/tmp.6DDiLFbZd0/experiment-work/lazy [0] to /tmp/tmp.6DDiLFbZd0/experiment-work/libmany.so [0]: normal symbol `probe_3004'
   1934503:	binding file /tmp/tmp.6DDiLFbZd0/experiment-work/lazy [0] to /tmp/tmp.6DDiLFbZd0/experiment-work/libmany.so [0]: normal symbol `probe_3005'
   1934503:	binding file /tmp/tmp.6DDiLFbZd0/experiment-work/lazy [0] to /tmp/tmp.6DDiLFbZd0/experiment-work/libmany.so [0]: normal symbol `probe_3006'
   1934503:	binding file /tmp/tmp.6DDiLFbZd0/experiment-work/lazy [0] to /tmp/tmp.6DDiLFbZd0/experiment-work/libmany.so [0]: normal symbol `probe_3007'
   1934503:	binding file /tmp/tmp.6DDiLFbZd0/experiment-work/lazy [0] to /tmp/tmp.6DDiLFbZd0/experiment-work/libmany.so [0]: normal symbol `probe_3008'
   1934503:	binding file /tmp/tmp.6DDiLFbZd0/experiment-work/lazy [0] to /tmp/tmp.6DDiLFbZd0/experiment-work/libmany.so [0]: normal symbol `probe_3009'
   1934503:	binding file /tmp/tmp.6DDiLFbZd0/experiment-work/lazy [0] to /tmp/tmp.6DDiLFbZd0/experiment-work/libmany.so [0]: normal symbol `probe_3010'
   1934503:	binding file /tmp/tmp.6DDiLFbZd0/experiment-work/lazy [0] to /tmp/tmp.6DDiLFbZd0/experiment-work/libmany.so [0]: normal symbol `probe_3011'
   1934503:	binding file /tmp/tmp.6DDiLFbZd0/experiment-work/lazy [0] to /tmp/tmp.6DDiLFbZd0/experiment-work/libmany.so [0]: normal symbol `probe_3012'
   1934503:	binding file /tmp/tmp.6DDiLFbZd0/experiment-work/lazy [0] to /tmp/tmp.6DDiLFbZd0/experiment-work/libmany.so [0]: normal symbol `probe_3013'
   1934503:	binding file /tmp/tmp.6DDiLFbZd0/experiment-work/lazy [0] to /tmp/tmp.6DDiLFbZd0/experiment-work/libmany.so [0]: normal symbol `probe_3014'
   1934503:	binding file /tmp/tmp.6DDiLFbZd0/experiment-work/lazy [0] to /tmp/tmp.6DDiLFbZd0/experiment-work/libmany.so [0]: normal symbol `probe_3015'
   1934503:	binding file /tmp/tmp.6DDiLFbZd0/experiment-work/lazy [0] to /tmp/tmp.6DDiLFbZd0/experiment-work/libmany.so [0]: normal symbol `probe_3016'
   1934503:	binding file /tmp/tmp.6DDiLFbZd0/experiment-work/lazy [0] to /tmp/tmp.6DDiLFbZd0/experiment-work/libmany.so [0]: normal symbol `probe_3017'
   1934503:	binding file /tmp/tmp.6DDiLFbZd0/experiment-work/lazy [0] to /tmp/tmp.6DDiLFbZd0/experiment-work/libmany.so [0]: normal symbol `probe_3018'
   1934503:	binding file /tmp/tmp.6DDiLFbZd0/experiment-work/lazy [0] to /tmp/tmp.6DDiLFbZd0/experiment-work/libmany.so [0]: normal symbol `probe_3019'
   1934503:	binding file /tmp/tmp.6DDiLFbZd0/experiment-work/lazy [0] to /tmp/tmp.6DDiLFbZd0/experiment-work/libmany.so [0]: normal symbol `probe_3020'
   1934503:	binding file /tmp/tmp.6DDiLFbZd0/experiment-work/lazy [0] to /tmp/tmp.6DDiLFbZd0/experiment-work/libmany.so [0]: normal symbol `probe_3021'
   1934503:	binding file /tmp/tmp.6DDiLFbZd0/experiment-work/lazy [0] to /tmp/tmp.6DDiLFbZd0/experiment-work/libmany.so [0]: normal symbol `probe_3022'
   1934503:	binding file /tmp/tmp.6DDiLFbZd0/experiment-work/lazy [0] to /tmp/tmp.6DDiLFbZd0/experiment-work/libmany.so [0]: normal symbol `probe_3023'
   1934503:	binding file /tmp/tmp.6DDiLFbZd0/experiment-work/lazy [0] to /tmp/tmp.6DDiLFbZd0/experiment-work/libmany.so [0]: normal symbol `probe_3024'
   1934503:	binding file /tmp/tmp.6DDiLFbZd0/experiment-work/lazy [0] to /tmp/tmp.6DDiLFbZd0/experiment-work/libmany.so [0]: normal symbol `probe_3025'
   1934503:	binding file /tmp/tmp.6DDiLFbZd0/experiment-work/lazy [0] to /tmp/tmp.6DDiLFbZd0/experiment-work/libmany.so [0]: normal symbol `probe_3026'
   1934503:	binding file /tmp/tmp.6DDiLFbZd0/experiment-work/lazy [0] to /tmp/tmp.6DDiLFbZd0/experiment-work/libmany.so [0]: normal symbol `probe_3027'
   1934503:	binding file /tmp/tmp.6DDiLFbZd0/experiment-work/lazy [0] to /tmp/tmp.6DDiLFbZd0/experiment-work/libmany.so [0]: normal symbol `probe_3028'
   1934503:	binding file /tmp/tmp.6DDiLFbZd0/experiment-work/lazy [0] to /tmp/tmp.6DDiLFbZd0/experiment-work/libmany.so [0]: normal symbol `probe_3029'
   1934503:	binding file /tmp/tmp.6DDiLFbZd0/experiment-work/lazy [0] to /tmp/tmp.6DDiLFbZd0/experiment-work/libmany.so [0]: normal symbol `probe_3030'
   1934503:	binding file /tmp/tmp.6DDiLFbZd0/experiment-work/lazy [0] to /tmp/tmp.6DDiLFbZd0/experiment-work/libmany.so [0]: normal symbol `probe_3031'
   1934503:	binding file /tmp/tmp.6DDiLFbZd0/experiment-work/lazy [0] to /tmp/tmp.6DDiLFbZd0/experiment-work/libmany.so [0]: normal symbol `probe_3032'
   1934503:	binding file /tmp/tmp.6DDiLFbZd0/experiment-work/lazy [0] to /tmp/tmp.6DDiLFbZd0/experiment-work/libmany.so [0]: normal symbol `probe_3033'
   1934503:	binding file /tmp/tmp.6DDiLFbZd0/experiment-work/lazy [0] to /tmp/tmp.6DDiLFbZd0/experiment-work/libmany.so [0]: normal symbol `probe_3034'
   1934503:	binding file /tmp/tmp.6DDiLFbZd0/experiment-work/lazy [0] to /tmp/tmp.6DDiLFbZd0/experiment-work/libmany.so [0]: normal symbol `probe_3035'
   1934503:	binding file /tmp/tmp.6DDiLFbZd0/experiment-work/lazy [0] to /tmp/tmp.6DDiLFbZd0/experiment-work/libmany.so [0]: normal symbol `probe_3036'
   1934503:	binding file /tmp/tmp.6DDiLFbZd0/experiment-work/lazy [0] to /tmp/tmp.6DDiLFbZd0/experiment-work/libmany.so [0]: normal symbol `probe_3037'
   1934503:	binding file /tmp/tmp.6DDiLFbZd0/experiment-work/lazy [0] to /tmp/tmp.6DDiLFbZd0/experiment-work/libmany.so [0]: normal symbol `probe_3038'
   1934503:	binding file /tmp/tmp.6DDiLFbZd0/experiment-work/lazy [0] to /tmp/tmp.6DDiLFbZd0/experiment-work/libmany.so [0]: normal symbol `probe_3039'
   1934503:	binding file /tmp/tmp.6DDiLFbZd0/experiment-work/lazy [0] to /tmp/tmp.6DDiLFbZd0/experiment-work/libmany.so [0]: normal symbol `probe_3040'
   1934503:	binding file /tmp/tmp.6DDiLFbZd0/experiment-work/lazy [0] to /tmp/tmp.6DDiLFbZd0/experiment-work/libmany.so [0]: normal symbol `probe_3041'
   1934503:	binding file /tmp/tmp.6DDiLFbZd0/experiment-work/lazy [0] to /tmp/tmp.6DDiLFbZd0/experiment-work/libmany.so [0]: normal symbol `probe_3042'
   1934503:	binding file /tmp/tmp.6DDiLFbZd0/experiment-work/lazy [0] to /tmp/tmp.6DDiLFbZd0/experiment-work/libmany.so [0]: normal symbol `probe_3043'
   1934503:	binding file /tmp/tmp.6DDiLFbZd0/experiment-work/lazy [0] to /tmp/tmp.6DDiLFbZd0/experiment-work/libmany.so [0]: normal symbol `probe_3044'
   1934503:	binding file /tmp/tmp.6DDiLFbZd0/experiment-work/lazy [0] to /tmp/tmp.6DDiLFbZd0/experiment-work/libmany.so [0]: normal symbol `probe_3045'
   1934503:	binding file /tmp/tmp.6DDiLFbZd0/experiment-work/lazy [0] to /tmp/tmp.6DDiLFbZd0/experiment-work/libmany.so [0]: normal symbol `probe_3046'
   1934503:	binding file /tmp/tmp.6DDiLFbZd0/experiment-work/lazy [0] to /tmp/tmp.6DDiLFbZd0/experiment-work/libmany.so [0]: normal symbol `probe_3047'
   1934503:	binding file /tmp/tmp.6DDiLFbZd0/experiment-work/lazy [0] to /tmp/tmp.6DDiLFbZd0/experiment-work/libmany.so [0]: normal symbol `probe_3048'
   1934503:	binding file /tmp/tmp.6DDiLFbZd0/experiment-work/lazy [0] to /tmp/tmp.6DDiLFbZd0/experiment-work/libmany.so [0]: normal symbol `probe_3049'
   1934503:	binding file /tmp/tmp.6DDiLFbZd0/experiment-work/lazy [0] to /tmp/tmp.6DDiLFbZd0/experiment-work/libmany.so [0]: normal symbol `probe_3050'
   1934503:	binding file /tmp/tmp.6DDiLFbZd0/experiment-work/lazy [0] to /tmp/tmp.6DDiLFbZd0/experiment-work/libmany.so [0]: normal symbol `probe_3051'
   1934503:	binding file /tmp/tmp.6DDiLFbZd0/experiment-work/lazy [0] to /tmp/tmp.6DDiLFbZd0/experiment-work/libmany.so [0]: normal symbol `probe_3052'
   1934503:	binding file /tmp/tmp.6DDiLFbZd0/experiment-work/lazy [0] to /tmp/tmp.6DDiLFbZd0/experiment-work/libmany.so [0]: normal symbol `probe_3053'
   1934503:	binding file /tmp/tmp.6DDiLFbZd0/experiment-work/lazy [0] to /tmp/tmp.6DDiLFbZd0/experiment-work/libmany.so [0]: normal symbol `probe_3054'
   1934503:	binding file /tmp/tmp.6DDiLFbZd0/experiment-work/lazy [0] to /tmp/tmp.6DDiLFbZd0/experiment-work/libmany.so [0]: normal symbol `probe_3055'
   1934503:	binding file /tmp/tmp.6DDiLFbZd0/experiment-work/lazy [0] to /tmp/tmp.6DDiLFbZd0/experiment-work/libmany.so [0]: normal symbol `probe_3056'
   1934503:	binding file /tmp/tmp.6DDiLFbZd0/experiment-work/lazy [0] to /tmp/tmp.6DDiLFbZd0/experiment-work/libmany.so [0]: normal symbol `probe_3057'
   1934503:	binding file /tmp/tmp.6DDiLFbZd0/experiment-work/lazy [0] to /tmp/tmp.6DDiLFbZd0/experiment-work/libmany.so [0]: normal symbol `probe_3058'
   1934503:	binding file /tmp/tmp.6DDiLFbZd0/experiment-work/lazy [0] to /tmp/tmp.6DDiLFbZd0/experiment-work/libmany.so [0]: normal symbol `probe_3059'
   1934503:	binding file /tmp/tmp.6DDiLFbZd0/experiment-work/lazy [0] to /tmp/tmp.6DDiLFbZd0/experiment-work/libmany.so [0]: normal symbol `probe_3060'
   1934503:	binding file /tmp/tmp.6DDiLFbZd0/experiment-work/lazy [0] to /tmp/tmp.6DDiLFbZd0/experiment-work/libmany.so [0]: normal symbol `probe_3061'
   1934503:	binding file /tmp/tmp.6DDiLFbZd0/experiment-work/lazy [0] to /tmp/tmp.6DDiLFbZd0/experiment-work/libmany.so [0]: normal symbol `probe_3062'
   1934503:	binding file /tmp/tmp.6DDiLFbZd0/experiment-work/lazy [0] to /tmp/tmp.6DDiLFbZd0/experiment-work/libmany.so [0]: normal symbol `probe_3063'
   1934503:	binding file /tmp/tmp.6DDiLFbZd0/experiment-work/lazy [0] to /tmp/tmp.6DDiLFbZd0/experiment-work/libmany.so [0]: normal symbol `probe_3064'
   1934503:	binding file /tmp/tmp.6DDiLFbZd0/experiment-work/lazy [0] to /tmp/tmp.6DDiLFbZd0/experiment-work/libmany.so [0]: normal symbol `probe_3065'
   1934503:	binding file /tmp/tmp.6DDiLFbZd0/experiment-work/lazy [0] to /tmp/tmp.6DDiLFbZd0/experiment-work/libmany.so [0]: normal symbol `probe_3066'
   1934503:	binding file /tmp/tmp.6DDiLFbZd0/experiment-work/lazy [0] to /tmp/tmp.6DDiLFbZd0/experiment-work/libmany.so [0]: normal symbol `probe_3067'
   1934503:	binding file /tmp/tmp.6DDiLFbZd0/experiment-work/lazy [0] to /tmp/tmp.6DDiLFbZd0/experiment-work/libmany.so [0]: normal symbol `probe_3068'
   1934503:	binding file /tmp/tmp.6DDiLFbZd0/experiment-work/lazy [0] to /tmp/tmp.6DDiLFbZd0/experiment-work/libmany.so [0]: normal symbol `probe_3069'
   1934503:	binding file /tmp/tmp.6DDiLFbZd0/experiment-work/lazy [0] to /tmp/tmp.6DDiLFbZd0/experiment-work/libmany.so [0]: normal symbol `probe_3070'
   1934503:	binding file /tmp/tmp.6DDiLFbZd0/experiment-work/lazy [0] to /tmp/tmp.6DDiLFbZd0/experiment-work/libmany.so [0]: normal symbol `probe_3071'
   1934503:	binding file /tmp/tmp.6DDiLFbZd0/experiment-work/lazy [0] to /tmp/tmp.6DDiLFbZd0/experiment-work/libmany.so [0]: normal symbol `probe_3072'
   1934503:	binding file /tmp/tmp.6DDiLFbZd0/experiment-work/lazy [0] to /tmp/tmp.6DDiLFbZd0/experiment-work/libmany.so [0]: normal symbol `probe_3073'
   1934503:	binding file /tmp/tmp.6DDiLFbZd0/experiment-work/lazy [0] to /tmp/tmp.6DDiLFbZd0/experiment-work/libmany.so [0]: normal symbol `probe_3074'
   1934503:	binding file /tmp/tmp.6DDiLFbZd0/experiment-work/lazy [0] to /tmp/tmp.6DDiLFbZd0/experiment-work/libmany.so [0]: normal symbol `probe_3075'
   1934503:	binding file /tmp/tmp.6DDiLFbZd0/experiment-work/lazy [0] to /tmp/tmp.6DDiLFbZd0/experiment-work/libmany.so [0]: normal symbol `probe_3076'
   1934503:	binding file /tmp/tmp.6DDiLFbZd0/experiment-work/lazy [0] to /tmp/tmp.6DDiLFbZd0/experiment-work/libmany.so [0]: normal symbol `probe_3077'
   1934503:	binding file /tmp/tmp.6DDiLFbZd0/experiment-work/lazy [0] to /tmp/tmp.6DDiLFbZd0/experiment-work/libmany.so [0]: normal symbol `probe_3078'
   1934503:	binding file /tmp/tmp.6DDiLFbZd0/experiment-work/lazy [0] to /tmp/tmp.6DDiLFbZd0/experiment-work/libmany.so [0]: normal symbol `probe_3079'
   1934503:	binding file /tmp/tmp.6DDiLFbZd0/experiment-work/lazy [0] to /tmp/tmp.6DDiLFbZd0/experiment-work/libmany.so [0]: normal symbol `probe_3080'
   1934503:	binding file /tmp/tmp.6DDiLFbZd0/experiment-work/lazy [0] to /tmp/tmp.6DDiLFbZd0/experiment-work/libmany.so [0]: normal symbol `probe_3081'
   1934503:	binding file /tmp/tmp.6DDiLFbZd0/experiment-work/lazy [0] to /tmp/tmp.6DDiLFbZd0/experiment-work/libmany.so [0]: normal symbol `probe_3082'
   1934503:	binding file /tmp/tmp.6DDiLFbZd0/experiment-work/lazy [0] to /tmp/tmp.6DDiLFbZd0/experiment-work/libmany.so [0]: normal symbol `probe_3083'
   1934503:	binding file /tmp/tmp.6DDiLFbZd0/experiment-work/lazy [0] to /tmp/tmp.6DDiLFbZd0/experiment-work/libmany.so [0]: normal symbol `probe_3084'
   1934503:	binding file /tmp/tmp.6DDiLFbZd0/experiment-work/lazy [0] to /tmp/tmp.6DDiLFbZd0/experiment-work/libmany.so [0]: normal symbol `probe_3085'
   1934503:	binding file /tmp/tmp.6DDiLFbZd0/experiment-work/lazy [0] to /tmp/tmp.6DDiLFbZd0/experiment-work/libmany.so [0]: normal symbol `probe_3086'
   1934503:	binding file /tmp/tmp.6DDiLFbZd0/experiment-work/lazy [0] to /tmp/tmp.6DDiLFbZd0/experiment-work/libmany.so [0]: normal symbol `probe_3087'
   1934503:	binding file /tmp/tmp.6DDiLFbZd0/experiment-work/lazy [0] to /tmp/tmp.6DDiLFbZd0/experiment-work/libmany.so [0]: normal symbol `probe_3088'
   1934503:	binding file /tmp/tmp.6DDiLFbZd0/experiment-work/lazy [0] to /tmp/tmp.6DDiLFbZd0/experiment-work/libmany.so [0]: normal symbol `probe_3089'
   1934503:	binding file /tmp/tmp.6DDiLFbZd0/experiment-work/lazy [0] to /tmp/tmp.6DDiLFbZd0/experiment-work/libmany.so [0]: normal symbol `probe_3090'
   1934503:	binding file /tmp/tmp.6DDiLFbZd0/experiment-work/lazy [0] to /tmp/tmp.6DDiLFbZd0/experiment-work/libmany.so [0]: normal symbol `probe_3091'
   1934503:	binding file /tmp/tmp.6DDiLFbZd0/experiment-work/lazy [0] to /tmp/tmp.6DDiLFbZd0/experiment-work/libmany.so [0]: normal symbol `probe_3092'
   1934503:	binding file /tmp/tmp.6DDiLFbZd0/experiment-work/lazy [0] to /tmp/tmp.6DDiLFbZd0/experiment-work/libmany.so [0]: normal symbol `probe_3093'
   1934503:	binding file /tmp/tmp.6DDiLFbZd0/experiment-work/lazy [0] to /tmp/tmp.6DDiLFbZd0/experiment-work/libmany.so [0]: normal symbol `probe_3094'
   1934503:	binding file /tmp/tmp.6DDiLFbZd0/experiment-work/lazy [0] to /tmp/tmp.6DDiLFbZd0/experiment-work/libmany.so [0]: normal symbol `probe_3095'
   1934503:	binding file /tmp/tmp.6DDiLFbZd0/experiment-work/lazy [0] to /tmp/tmp.6DDiLFbZd0/experiment-work/libmany.so [0]: normal symbol `probe_3096'
   1934503:	binding file /tmp/tmp.6DDiLFbZd0/experiment-work/lazy [0] to /tmp/tmp.6DDiLFbZd0/experiment-work/libmany.so [0]: normal symbol `probe_3097'
   1934503:	binding file /tmp/tmp.6DDiLFbZd0/experiment-work/lazy [0] to /tmp/tmp.6DDiLFbZd0/experiment-work/libmany.so [0]: normal symbol `probe_3098'
   1934503:	binding file /tmp/tmp.6DDiLFbZd0/experiment-work/lazy [0] to /tmp/tmp.6DDiLFbZd0/experiment-work/libmany.so [0]: normal symbol `probe_3099'
   1934503:	binding file /tmp/tmp.6DDiLFbZd0/experiment-work/lazy [0] to /tmp/tmp.6DDiLFbZd0/experiment-work/libmany.so [0]: normal symbol `probe_3100'
   1934503:	binding file /tmp/tmp.6DDiLFbZd0/experiment-work/lazy [0] to /tmp/tmp.6DDiLFbZd0/experiment-work/libmany.so [0]: normal symbol `probe_3101'
   1934503:	binding file /tmp/tmp.6DDiLFbZd0/experiment-work/lazy [0] to /tmp/tmp.6DDiLFbZd0/experiment-work/libmany.so [0]: normal symbol `probe_3102'
   1934503:	binding file /tmp/tmp.6DDiLFbZd0/experiment-work/lazy [0] to /tmp/tmp.6DDiLFbZd0/experiment-work/libmany.so [0]: normal symbol `probe_3103'
   1934503:	binding file /tmp/tmp.6DDiLFbZd0/experiment-work/lazy [0] to /tmp/tmp.6DDiLFbZd0/experiment-work/libmany.so [0]: normal symbol `probe_3104'
   1934503:	binding file /tmp/tmp.6DDiLFbZd0/experiment-work/lazy [0] to /tmp/tmp.6DDiLFbZd0/experiment-work/libmany.so [0]: normal symbol `probe_3105'
   1934503:	binding file /tmp/tmp.6DDiLFbZd0/experiment-work/lazy [0] to /tmp/tmp.6DDiLFbZd0/experiment-work/libmany.so [0]: normal symbol `probe_3106'
   1934503:	binding file /tmp/tmp.6DDiLFbZd0/experiment-work/lazy [0] to /tmp/tmp.6DDiLFbZd0/experiment-work/libmany.so [0]: normal symbol `probe_3107'
   1934503:	binding file /tmp/tmp.6DDiLFbZd0/experiment-work/lazy [0] to /tmp/tmp.6DDiLFbZd0/experiment-work/libmany.so [0]: normal symbol `probe_3108'
   1934503:	binding file /tmp/tmp.6DDiLFbZd0/experiment-work/lazy [0] to /tmp/tmp.6DDiLFbZd0/experiment-work/libmany.so [0]: normal symbol `probe_3109'
   1934503:	binding file /tmp/tmp.6DDiLFbZd0/experiment-work/lazy [0] to /tmp/tmp.6DDiLFbZd0/experiment-work/libmany.so [0]: normal symbol `probe_3110'
   1934503:	binding file /tmp/tmp.6DDiLFbZd0/experiment-work/lazy [0] to /tmp/tmp.6DDiLFbZd0/experiment-work/libmany.so [0]: normal symbol `probe_3111'
   1934503:	binding file /tmp/tmp.6DDiLFbZd0/experiment-work/lazy [0] to /tmp/tmp.6DDiLFbZd0/experiment-work/libmany.so [0]: normal symbol `probe_3112'
   1934503:	binding file /tmp/tmp.6DDiLFbZd0/experiment-work/lazy [0] to /tmp/tmp.6DDiLFbZd0/experiment-work/libmany.so [0]: normal symbol `probe_3113'
   1934503:	binding file /tmp/tmp.6DDiLFbZd0/experiment-work/lazy [0] to /tmp/tmp.6DDiLFbZd0/experiment-work/libmany.so [0]: normal symbol `probe_3114'
   1934503:	binding file /tmp/tmp.6DDiLFbZd0/experiment-work/lazy [0] to /tmp/tmp.6DDiLFbZd0/experiment-work/libmany.so [0]: normal symbol `probe_3115'
   1934503:	binding file /tmp/tmp.6DDiLFbZd0/experiment-work/lazy [0] to /tmp/tmp.6DDiLFbZd0/experiment-work/libmany.so [0]: normal symbol `probe_3116'
   1934503:	binding file /tmp/tmp.6DDiLFbZd0/experiment-work/lazy [0] to /tmp/tmp.6DDiLFbZd0/experiment-work/libmany.so [0]: normal symbol `probe_3117'
   1934503:	binding file /tmp/tmp.6DDiLFbZd0/experiment-work/lazy [0] to /tmp/tmp.6DDiLFbZd0/experiment-work/libmany.so [0]: normal symbol `probe_3118'
   1934503:	binding file /tmp/tmp.6DDiLFbZd0/experiment-work/lazy [0] to /tmp/tmp.6DDiLFbZd0/experiment-work/libmany.so [0]: normal symbol `probe_3119'
   1934503:	binding file /tmp/tmp.6DDiLFbZd0/experiment-work/lazy [0] to /tmp/tmp.6DDiLFbZd0/experiment-work/libmany.so [0]: normal symbol `probe_3120'
   1934503:	binding file /tmp/tmp.6DDiLFbZd0/experiment-work/lazy [0] to /tmp/tmp.6DDiLFbZd0/experiment-work/libmany.so [0]: normal symbol `probe_3121'
   1934503:	binding file /tmp/tmp.6DDiLFbZd0/experiment-work/lazy [0] to /tmp/tmp.6DDiLFbZd0/experiment-work/libmany.so [0]: normal symbol `probe_3122'
   1934503:	binding file /tmp/tmp.6DDiLFbZd0/experiment-work/lazy [0] to /tmp/tmp.6DDiLFbZd0/experiment-work/libmany.so [0]: normal symbol `probe_3123'
   1934503:	binding file /tmp/tmp.6DDiLFbZd0/experiment-work/lazy [0] to /tmp/tmp.6DDiLFbZd0/experiment-work/libmany.so [0]: normal symbol `probe_3124'
   1934503:	binding file /tmp/tmp.6DDiLFbZd0/experiment-work/lazy [0] to /tmp/tmp.6DDiLFbZd0/experiment-work/libmany.so [0]: normal symbol `probe_3125'
   1934503:	binding file /tmp/tmp.6DDiLFbZd0/experiment-work/lazy [0] to /tmp/tmp.6DDiLFbZd0/experiment-work/libmany.so [0]: normal symbol `probe_3126'
   1934503:	binding file /tmp/tmp.6DDiLFbZd0/experiment-work/lazy [0] to /tmp/tmp.6DDiLFbZd0/experiment-work/libmany.so [0]: normal symbol `probe_3127'
   1934503:	binding file /tmp/tmp.6DDiLFbZd0/experiment-work/lazy [0] to /tmp/tmp.6DDiLFbZd0/experiment-work/libmany.so [0]: normal symbol `probe_3128'
   1934503:	binding file /tmp/tmp.6DDiLFbZd0/experiment-work/lazy [0] to /tmp/tmp.6DDiLFbZd0/experiment-work/libmany.so [0]: normal symbol `probe_3129'
   1934503:	binding file /tmp/tmp.6DDiLFbZd0/experiment-work/lazy [0] to /tmp/tmp.6DDiLFbZd0/experiment-work/libmany.so [0]: normal symbol `probe_3130'
   1934503:	binding file /tmp/tmp.6DDiLFbZd0/experiment-work/lazy [0] to /tmp/tmp.6DDiLFbZd0/experiment-work/libmany.so [0]: normal symbol `probe_3131'
   1934503:	binding file /tmp/tmp.6DDiLFbZd0/experiment-work/lazy [0] to /tmp/tmp.6DDiLFbZd0/experiment-work/libmany.so [0]: normal symbol `probe_3132'
   1934503:	binding file /tmp/tmp.6DDiLFbZd0/experiment-work/lazy [0] to /tmp/tmp.6DDiLFbZd0/experiment-work/libmany.so [0]: normal symbol `probe_3133'
   1934503:	binding file /tmp/tmp.6DDiLFbZd0/experiment-work/lazy [0] to /tmp/tmp.6DDiLFbZd0/experiment-work/libmany.so [0]: normal symbol `probe_3134'
   1934503:	binding file /tmp/tmp.6DDiLFbZd0/experiment-work/lazy [0] to /tmp/tmp.6DDiLFbZd0/experiment-work/libmany.so [0]: normal symbol `probe_3135'
   1934503:	binding file /tmp/tmp.6DDiLFbZd0/experiment-work/lazy [0] to /tmp/tmp.6DDiLFbZd0/experiment-work/libmany.so [0]: normal symbol `probe_3136'
   1934503:	binding file /tmp/tmp.6DDiLFbZd0/experiment-work/lazy [0] to /tmp/tmp.6DDiLFbZd0/experiment-work/libmany.so [0]: normal symbol `probe_3137'
   1934503:	binding file /tmp/tmp.6DDiLFbZd0/experiment-work/lazy [0] to /tmp/tmp.6DDiLFbZd0/experiment-work/libmany.so [0]: normal symbol `probe_3138'
   1934503:	binding file /tmp/tmp.6DDiLFbZd0/experiment-work/lazy [0] to /tmp/tmp.6DDiLFbZd0/experiment-work/libmany.so [0]: normal symbol `probe_3139'
   1934503:	binding file /tmp/tmp.6DDiLFbZd0/experiment-work/lazy [0] to /tmp/tmp.6DDiLFbZd0/experiment-work/libmany.so [0]: normal symbol `probe_3140'
   1934503:	binding file /tmp/tmp.6DDiLFbZd0/experiment-work/lazy [0] to /tmp/tmp.6DDiLFbZd0/experiment-work/libmany.so [0]: normal symbol `probe_3141'
   1934503:	binding file /tmp/tmp.6DDiLFbZd0/experiment-work/lazy [0] to /tmp/tmp.6DDiLFbZd0/experiment-work/libmany.so [0]: normal symbol `probe_3142'
   1934503:	binding file /tmp/tmp.6DDiLFbZd0/experiment-work/lazy [0] to /tmp/tmp.6DDiLFbZd0/experiment-work/libmany.so [0]: normal symbol `probe_3143'
   1934503:	binding file /tmp/tmp.6DDiLFbZd0/experiment-work/lazy [0] to /tmp/tmp.6DDiLFbZd0/experiment-work/libmany.so [0]: normal symbol `probe_3144'
   1934503:	binding file /tmp/tmp.6DDiLFbZd0/experiment-work/lazy [0] to /tmp/tmp.6DDiLFbZd0/experiment-work/libmany.so [0]: normal symbol `probe_3145'
   1934503:	binding file /tmp/tmp.6DDiLFbZd0/experiment-work/lazy [0] to /tmp/tmp.6DDiLFbZd0/experiment-work/libmany.so [0]: normal symbol `probe_3146'
   1934503:	binding file /tmp/tmp.6DDiLFbZd0/experiment-work/lazy [0] to /tmp/tmp.6DDiLFbZd0/experiment-work/libmany.so [0]: normal symbol `probe_3147'
   1934503:	binding file /tmp/tmp.6DDiLFbZd0/experiment-work/lazy [0] to /tmp/tmp.6DDiLFbZd0/experiment-work/libmany.so [0]: normal symbol `probe_3148'
   1934503:	binding file /tmp/tmp.6DDiLFbZd0/experiment-work/lazy [0] to /tmp/tmp.6DDiLFbZd0/experiment-work/libmany.so [0]: normal symbol `probe_3149'
   1934503:	binding file /tmp/tmp.6DDiLFbZd0/experiment-work/lazy [0] to /tmp/tmp.6DDiLFbZd0/experiment-work/libmany.so [0]: normal symbol `probe_3150'
   1934503:	binding file /tmp/tmp.6DDiLFbZd0/experiment-work/lazy [0] to /tmp/tmp.6DDiLFbZd0/experiment-work/libmany.so [0]: normal symbol `probe_3151'
   1934503:	binding file /tmp/tmp.6DDiLFbZd0/experiment-work/lazy [0] to /tmp/tmp.6DDiLFbZd0/experiment-work/libmany.so [0]: normal symbol `probe_3152'
   1934503:	binding file /tmp/tmp.6DDiLFbZd0/experiment-work/lazy [0] to /tmp/tmp.6DDiLFbZd0/experiment-work/libmany.so [0]: normal symbol `probe_3153'
   1934503:	binding file /tmp/tmp.6DDiLFbZd0/experiment-work/lazy [0] to /tmp/tmp.6DDiLFbZd0/experiment-work/libmany.so [0]: normal symbol `probe_3154'
   1934503:	binding file /tmp/tmp.6DDiLFbZd0/experiment-work/lazy [0] to /tmp/tmp.6DDiLFbZd0/experiment-work/libmany.so [0]: normal symbol `probe_3155'
   1934503:	binding file /tmp/tmp.6DDiLFbZd0/experiment-work/lazy [0] to /tmp/tmp.6DDiLFbZd0/experiment-work/libmany.so [0]: normal symbol `probe_3156'
   1934503:	binding file /tmp/tmp.6DDiLFbZd0/experiment-work/lazy [0] to /tmp/tmp.6DDiLFbZd0/experiment-work/libmany.so [0]: normal symbol `probe_3157'
   1934503:	binding file /tmp/tmp.6DDiLFbZd0/experiment-work/lazy [0] to /tmp/tmp.6DDiLFbZd0/experiment-work/libmany.so [0]: normal symbol `probe_3158'
   1934503:	binding file /tmp/tmp.6DDiLFbZd0/experiment-work/lazy [0] to /tmp/tmp.6DDiLFbZd0/experiment-work/libmany.so [0]: normal symbol `probe_3159'
   1934503:	binding file /tmp/tmp.6DDiLFbZd0/experiment-work/lazy [0] to /tmp/tmp.6DDiLFbZd0/experiment-work/libmany.so [0]: normal symbol `probe_3160'
   1934503:	binding file /tmp/tmp.6DDiLFbZd0/experiment-work/lazy [0] to /tmp/tmp.6DDiLFbZd0/experiment-work/libmany.so [0]: normal symbol `probe_3161'
   1934503:	binding file /tmp/tmp.6DDiLFbZd0/experiment-work/lazy [0] to /tmp/tmp.6DDiLFbZd0/experiment-work/libmany.so [0]: normal symbol `probe_3162'
   1934503:	binding file /tmp/tmp.6DDiLFbZd0/experiment-work/lazy [0] to /tmp/tmp.6DDiLFbZd0/experiment-work/libmany.so [0]: normal symbol `probe_3163'
   1934503:	binding file /tmp/tmp.6DDiLFbZd0/experiment-work/lazy [0] to /tmp/tmp.6DDiLFbZd0/experiment-work/libmany.so [0]: normal symbol `probe_3164'
   1934503:	binding file /tmp/tmp.6DDiLFbZd0/experiment-work/lazy [0] to /tmp/tmp.6DDiLFbZd0/experiment-work/libmany.so [0]: normal symbol `probe_3165'
   1934503:	binding file /tmp/tmp.6DDiLFbZd0/experiment-work/lazy [0] to /tmp/tmp.6DDiLFbZd0/experiment-work/libmany.so [0]: normal symbol `probe_3166'
   1934503:	binding file /tmp/tmp.6DDiLFbZd0/experiment-work/lazy [0] to /tmp/tmp.6DDiLFbZd0/experiment-work/libmany.so [0]: normal symbol `probe_3167'
   1934503:	binding file /tmp/tmp.6DDiLFbZd0/experiment-work/lazy [0] to /tmp/tmp.6DDiLFbZd0/experiment-work/libmany.so [0]: normal symbol `probe_3168'
   1934503:	binding file /tmp/tmp.6DDiLFbZd0/experiment-work/lazy [0] to /tmp/tmp.6DDiLFbZd0/experiment-work/libmany.so [0]: normal symbol `probe_3169'
   1934503:	binding file /tmp/tmp.6DDiLFbZd0/experiment-work/lazy [0] to /tmp/tmp.6DDiLFbZd0/experiment-work/libmany.so [0]: normal symbol `probe_3170'
   1934503:	binding file /tmp/tmp.6DDiLFbZd0/experiment-work/lazy [0] to /tmp/tmp.6DDiLFbZd0/experiment-work/libmany.so [0]: normal symbol `probe_3171'
   1934503:	binding file /tmp/tmp.6DDiLFbZd0/experiment-work/lazy [0] to /tmp/tmp.6DDiLFbZd0/experiment-work/libmany.so [0]: normal symbol `probe_3172'
   1934503:	binding file /tmp/tmp.6DDiLFbZd0/experiment-work/lazy [0] to /tmp/tmp.6DDiLFbZd0/experiment-work/libmany.so [0]: normal symbol `probe_3173'
   1934503:	binding file /tmp/tmp.6DDiLFbZd0/experiment-work/lazy [0] to /tmp/tmp.6DDiLFbZd0/experiment-work/libmany.so [0]: normal symbol `probe_3174'
   1934503:	binding file /tmp/tmp.6DDiLFbZd0/experiment-work/lazy [0] to /tmp/tmp.6DDiLFbZd0/experiment-work/libmany.so [0]: normal symbol `probe_3175'
   1934503:	binding file /tmp/tmp.6DDiLFbZd0/experiment-work/lazy [0] to /tmp/tmp.6DDiLFbZd0/experiment-work/libmany.so [0]: normal symbol `probe_3176'
   1934503:	binding file /tmp/tmp.6DDiLFbZd0/experiment-work/lazy [0] to /tmp/tmp.6DDiLFbZd0/experiment-work/libmany.so [0]: normal symbol `probe_3177'
   1934503:	binding file /tmp/tmp.6DDiLFbZd0/experiment-work/lazy [0] to /tmp/tmp.6DDiLFbZd0/experiment-work/libmany.so [0]: normal symbol `probe_3178'
   1934503:	binding file /tmp/tmp.6DDiLFbZd0/experiment-work/lazy [0] to /tmp/tmp.6DDiLFbZd0/experiment-work/libmany.so [0]: normal symbol `probe_3179'
   1934503:	binding file /tmp/tmp.6DDiLFbZd0/experiment-work/lazy [0] to /tmp/tmp.6DDiLFbZd0/experiment-work/libmany.so [0]: normal symbol `probe_3180'
   1934503:	binding file /tmp/tmp.6DDiLFbZd0/experiment-work/lazy [0] to /tmp/tmp.6DDiLFbZd0/experiment-work/libmany.so [0]: normal symbol `probe_3181'
   1934503:	binding file /tmp/tmp.6DDiLFbZd0/experiment-work/lazy [0] to /tmp/tmp.6DDiLFbZd0/experiment-work/libmany.so [0]: normal symbol `probe_3182'
   1934503:	binding file /tmp/tmp.6DDiLFbZd0/experiment-work/lazy [0] to /tmp/tmp.6DDiLFbZd0/experiment-work/libmany.so [0]: normal symbol `probe_3183'
   1934503:	binding file /tmp/tmp.6DDiLFbZd0/experiment-work/lazy [0] to /tmp/tmp.6DDiLFbZd0/experiment-work/libmany.so [0]: normal symbol `probe_3184'
   1934503:	binding file /tmp/tmp.6DDiLFbZd0/experiment-work/lazy [0] to /tmp/tmp.6DDiLFbZd0/experiment-work/libmany.so [0]: normal symbol `probe_3185'
   1934503:	binding file /tmp/tmp.6DDiLFbZd0/experiment-work/lazy [0] to /tmp/tmp.6DDiLFbZd0/experiment-work/libmany.so [0]: normal symbol `probe_3186'
   1934503:	binding file /tmp/tmp.6DDiLFbZd0/experiment-work/lazy [0] to /tmp/tmp.6DDiLFbZd0/experiment-work/libmany.so [0]: normal symbol `probe_3187'
   1934503:	binding file /tmp/tmp.6DDiLFbZd0/experiment-work/lazy [0] to /tmp/tmp.6DDiLFbZd0/experiment-work/libmany.so [0]: normal symbol `probe_3188'
   1934503:	binding file /tmp/tmp.6DDiLFbZd0/experiment-work/lazy [0] to /tmp/tmp.6DDiLFbZd0/experiment-work/libmany.so [0]: normal symbol `probe_3189'
   1934503:	binding file /tmp/tmp.6DDiLFbZd0/experiment-work/lazy [0] to /tmp/tmp.6DDiLFbZd0/experiment-work/libmany.so [0]: normal symbol `probe_3190'
   1934503:	binding file /tmp/tmp.6DDiLFbZd0/experiment-work/lazy [0] to /tmp/tmp.6DDiLFbZd0/experiment-work/libmany.so [0]: normal symbol `probe_3191'
   1934503:	binding file /tmp/tmp.6DDiLFbZd0/experiment-work/lazy [0] to /tmp/tmp.6DDiLFbZd0/experiment-work/libmany.so [0]: normal symbol `probe_3192'
   1934503:	binding file /tmp/tmp.6DDiLFbZd0/experiment-work/lazy [0] to /tmp/tmp.6DDiLFbZd0/experiment-work/libmany.so [0]: normal symbol `probe_3193'
   1934503:	binding file /tmp/tmp.6DDiLFbZd0/experiment-work/lazy [0] to /tmp/tmp.6DDiLFbZd0/experiment-work/libmany.so [0]: normal symbol `probe_3194'
   1934503:	binding file /tmp/tmp.6DDiLFbZd0/experiment-work/lazy [0] to /tmp/tmp.6DDiLFbZd0/experiment-work/libmany.so [0]: normal symbol `probe_3195'
   1934503:	binding file /tmp/tmp.6DDiLFbZd0/experiment-work/lazy [0] to /tmp/tmp.6DDiLFbZd0/experiment-work/libmany.so [0]: normal symbol `probe_3196'
   1934503:	binding file /tmp/tmp.6DDiLFbZd0/experiment-work/lazy [0] to /tmp/tmp.6DDiLFbZd0/experiment-work/libmany.so [0]: normal symbol `probe_3197'
   1934503:	binding file /tmp/tmp.6DDiLFbZd0/experiment-work/lazy [0] to /tmp/tmp.6DDiLFbZd0/experiment-work/libmany.so [0]: normal symbol `probe_3198'
   1934503:	binding file /tmp/tmp.6DDiLFbZd0/experiment-work/lazy [0] to /tmp/tmp.6DDiLFbZd0/experiment-work/libmany.so [0]: normal symbol `probe_3199'
   1934503:	binding file /tmp/tmp.6DDiLFbZd0/experiment-work/lazy [0] to /tmp/tmp.6DDiLFbZd0/experiment-work/libmany.so [0]: normal symbol `probe_3200'
   1934503:	binding file /tmp/tmp.6DDiLFbZd0/experiment-work/lazy [0] to /tmp/tmp.6DDiLFbZd0/experiment-work/libmany.so [0]: normal symbol `probe_3201'
   1934503:	binding file /tmp/tmp.6DDiLFbZd0/experiment-work/lazy [0] to /tmp/tmp.6DDiLFbZd0/experiment-work/libmany.so [0]: normal symbol `probe_3202'
   1934503:	binding file /tmp/tmp.6DDiLFbZd0/experiment-work/lazy [0] to /tmp/tmp.6DDiLFbZd0/experiment-work/libmany.so [0]: normal symbol `probe_3203'
   1934503:	binding file /tmp/tmp.6DDiLFbZd0/experiment-work/lazy [0] to /tmp/tmp.6DDiLFbZd0/experiment-work/libmany.so [0]: normal symbol `probe_3204'
   1934503:	binding file /tmp/tmp.6DDiLFbZd0/experiment-work/lazy [0] to /tmp/tmp.6DDiLFbZd0/experiment-work/libmany.so [0]: normal symbol `probe_3205'
   1934503:	binding file /tmp/tmp.6DDiLFbZd0/experiment-work/lazy [0] to /tmp/tmp.6DDiLFbZd0/experiment-work/libmany.so [0]: normal symbol `probe_3206'
   1934503:	binding file /tmp/tmp.6DDiLFbZd0/experiment-work/lazy [0] to /tmp/tmp.6DDiLFbZd0/experiment-work/libmany.so [0]: normal symbol `probe_3207'
   1934503:	binding file /tmp/tmp.6DDiLFbZd0/experiment-work/lazy [0] to /tmp/tmp.6DDiLFbZd0/experiment-work/libmany.so [0]: normal symbol `probe_3208'
   1934503:	binding file /tmp/tmp.6DDiLFbZd0/experiment-work/lazy [0] to /tmp/tmp.6DDiLFbZd0/experiment-work/libmany.so [0]: normal symbol `probe_3209'
   1934503:	binding file /tmp/tmp.6DDiLFbZd0/experiment-work/lazy [0] to /tmp/tmp.6DDiLFbZd0/experiment-work/libmany.so [0]: normal symbol `probe_3210'
   1934503:	binding file /tmp/tmp.6DDiLFbZd0/experiment-work/lazy [0] to /tmp/tmp.6DDiLFbZd0/experiment-work/libmany.so [0]: normal symbol `probe_3211'
   1934503:	binding file /tmp/tmp.6DDiLFbZd0/experiment-work/lazy [0] to /tmp/tmp.6DDiLFbZd0/experiment-work/libmany.so [0]: normal symbol `probe_3212'
   1934503:	binding file /tmp/tmp.6DDiLFbZd0/experiment-work/lazy [0] to /tmp/tmp.6DDiLFbZd0/experiment-work/libmany.so [0]: normal symbol `probe_3213'
   1934503:	binding file /tmp/tmp.6DDiLFbZd0/experiment-work/lazy [0] to /tmp/tmp.6DDiLFbZd0/experiment-work/libmany.so [0]: normal symbol `probe_3214'
   1934503:	binding file /tmp/tmp.6DDiLFbZd0/experiment-work/lazy [0] to /tmp/tmp.6DDiLFbZd0/experiment-work/libmany.so [0]: normal symbol `probe_3215'
   1934503:	binding file /tmp/tmp.6DDiLFbZd0/experiment-work/lazy [0] to /tmp/tmp.6DDiLFbZd0/experiment-work/libmany.so [0]: normal symbol `probe_3216'
   1934503:	binding file /tmp/tmp.6DDiLFbZd0/experiment-work/lazy [0] to /tmp/tmp.6DDiLFbZd0/experiment-work/libmany.so [0]: normal symbol `probe_3217'
   1934503:	binding file /tmp/tmp.6DDiLFbZd0/experiment-work/lazy [0] to /tmp/tmp.6DDiLFbZd0/experiment-work/libmany.so [0]: normal symbol `probe_3218'
   1934503:	binding file /tmp/tmp.6DDiLFbZd0/experiment-work/lazy [0] to /tmp/tmp.6DDiLFbZd0/experiment-work/libmany.so [0]: normal symbol `probe_3219'
   1934503:	binding file /tmp/tmp.6DDiLFbZd0/experiment-work/lazy [0] to /tmp/tmp.6DDiLFbZd0/experiment-work/libmany.so [0]: normal symbol `probe_3220'
   1934503:	binding file /tmp/tmp.6DDiLFbZd0/experiment-work/lazy [0] to /tmp/tmp.6DDiLFbZd0/experiment-work/libmany.so [0]: normal symbol `probe_3221'
   1934503:	binding file /tmp/tmp.6DDiLFbZd0/experiment-work/lazy [0] to /tmp/tmp.6DDiLFbZd0/experiment-work/libmany.so [0]: normal symbol `probe_3222'
   1934503:	binding file /tmp/tmp.6DDiLFbZd0/experiment-work/lazy [0] to /tmp/tmp.6DDiLFbZd0/experiment-work/libmany.so [0]: normal symbol `probe_3223'
   1934503:	binding file /tmp/tmp.6DDiLFbZd0/experiment-work/lazy [0] to /tmp/tmp.6DDiLFbZd0/experiment-work/libmany.so [0]: normal symbol `probe_3224'
   1934503:	binding file /tmp/tmp.6DDiLFbZd0/experiment-work/lazy [0] to /tmp/tmp.6DDiLFbZd0/experiment-work/libmany.so [0]: normal symbol `probe_3225'
   1934503:	binding file /tmp/tmp.6DDiLFbZd0/experiment-work/lazy [0] to /tmp/tmp.6DDiLFbZd0/experiment-work/libmany.so [0]: normal symbol `probe_3226'
   1934503:	binding file /tmp/tmp.6DDiLFbZd0/experiment-work/lazy [0] to /tmp/tmp.6DDiLFbZd0/experiment-work/libmany.so [0]: normal symbol `probe_3227'
   1934503:	binding file /tmp/tmp.6DDiLFbZd0/experiment-work/lazy [0] to /tmp/tmp.6DDiLFbZd0/experiment-work/libmany.so [0]: normal symbol `probe_3228'
   1934503:	binding file /tmp/tmp.6DDiLFbZd0/experiment-work/lazy [0] to /tmp/tmp.6DDiLFbZd0/experiment-work/libmany.so [0]: normal symbol `probe_3229'
   1934503:	binding file /tmp/tmp.6DDiLFbZd0/experiment-work/lazy [0] to /tmp/tmp.6DDiLFbZd0/experiment-work/libmany.so [0]: normal symbol `probe_3230'
   1934503:	binding file /tmp/tmp.6DDiLFbZd0/experiment-work/lazy [0] to /tmp/tmp.6DDiLFbZd0/experiment-work/libmany.so [0]: normal symbol `probe_3231'
   1934503:	binding file /tmp/tmp.6DDiLFbZd0/experiment-work/lazy [0] to /tmp/tmp.6DDiLFbZd0/experiment-work/libmany.so [0]: normal symbol `probe_3232'
   1934503:	binding file /tmp/tmp.6DDiLFbZd0/experiment-work/lazy [0] to /tmp/tmp.6DDiLFbZd0/experiment-work/libmany.so [0]: normal symbol `probe_3233'
   1934503:	binding file /tmp/tmp.6DDiLFbZd0/experiment-work/lazy [0] to /tmp/tmp.6DDiLFbZd0/experiment-work/libmany.so [0]: normal symbol `probe_3234'
   1934503:	binding file /tmp/tmp.6DDiLFbZd0/experiment-work/lazy [0] to /tmp/tmp.6DDiLFbZd0/experiment-work/libmany.so [0]: normal symbol `probe_3235'
   1934503:	binding file /tmp/tmp.6DDiLFbZd0/experiment-work/lazy [0] to /tmp/tmp.6DDiLFbZd0/experiment-work/libmany.so [0]: normal symbol `probe_3236'
   1934503:	binding file /tmp/tmp.6DDiLFbZd0/experiment-work/lazy [0] to /tmp/tmp.6DDiLFbZd0/experiment-work/libmany.so [0]: normal symbol `probe_3237'
   1934503:	binding file /tmp/tmp.6DDiLFbZd0/experiment-work/lazy [0] to /tmp/tmp.6DDiLFbZd0/experiment-work/libmany.so [0]: normal symbol `probe_3238'
   1934503:	binding file /tmp/tmp.6DDiLFbZd0/experiment-work/lazy [0] to /tmp/tmp.6DDiLFbZd0/experiment-work/libmany.so [0]: normal symbol `probe_3239'
   1934503:	binding file /tmp/tmp.6DDiLFbZd0/experiment-work/lazy [0] to /tmp/tmp.6DDiLFbZd0/experiment-work/libmany.so [0]: normal symbol `probe_3240'
   1934503:	binding file /tmp/tmp.6DDiLFbZd0/experiment-work/lazy [0] to /tmp/tmp.6DDiLFbZd0/experiment-work/libmany.so [0]: normal symbol `probe_3241'
   1934503:	binding file /tmp/tmp.6DDiLFbZd0/experiment-work/lazy [0] to /tmp/tmp.6DDiLFbZd0/experiment-work/libmany.so [0]: normal symbol `probe_3242'
   1934503:	binding file /tmp/tmp.6DDiLFbZd0/experiment-work/lazy [0] to /tmp/tmp.6DDiLFbZd0/experiment-work/libmany.so [0]: normal symbol `probe_3243'
   1934503:	binding file /tmp/tmp.6DDiLFbZd0/experiment-work/lazy [0] to /tmp/tmp.6DDiLFbZd0/experiment-work/libmany.so [0]: normal symbol `probe_3244'
   1934503:	binding file /tmp/tmp.6DDiLFbZd0/experiment-work/lazy [0] to /tmp/tmp.6DDiLFbZd0/experiment-work/libmany.so [0]: normal symbol `probe_3245'
   1934503:	binding file /tmp/tmp.6DDiLFbZd0/experiment-work/lazy [0] to /tmp/tmp.6DDiLFbZd0/experiment-work/libmany.so [0]: normal symbol `probe_3246'
   1934503:	binding file /tmp/tmp.6DDiLFbZd0/experiment-work/lazy [0] to /tmp/tmp.6DDiLFbZd0/experiment-work/libmany.so [0]: normal symbol `probe_3247'
   1934503:	binding file /tmp/tmp.6DDiLFbZd0/experiment-work/lazy [0] to /tmp/tmp.6DDiLFbZd0/experiment-work/libmany.so [0]: normal symbol `probe_3248'
   1934503:	binding file /tmp/tmp.6DDiLFbZd0/experiment-work/lazy [0] to /tmp/tmp.6DDiLFbZd0/experiment-work/libmany.so [0]: normal symbol `probe_3249'
   1934503:	binding file /tmp/tmp.6DDiLFbZd0/experiment-work/lazy [0] to /tmp/tmp.6DDiLFbZd0/experiment-work/libmany.so [0]: normal symbol `probe_3250'
   1934503:	binding file /tmp/tmp.6DDiLFbZd0/experiment-work/lazy [0] to /tmp/tmp.6DDiLFbZd0/experiment-work/libmany.so [0]: normal symbol `probe_3251'
   1934503:	binding file /tmp/tmp.6DDiLFbZd0/experiment-work/lazy [0] to /tmp/tmp.6DDiLFbZd0/experiment-work/libmany.so [0]: normal symbol `probe_3252'
   1934503:	binding file /tmp/tmp.6DDiLFbZd0/experiment-work/lazy [0] to /tmp/tmp.6DDiLFbZd0/experiment-work/libmany.so [0]: normal symbol `probe_3253'
   1934503:	binding file /tmp/tmp.6DDiLFbZd0/experiment-work/lazy [0] to /tmp/tmp.6DDiLFbZd0/experiment-work/libmany.so [0]: normal symbol `probe_3254'
   1934503:	binding file /tmp/tmp.6DDiLFbZd0/experiment-work/lazy [0] to /tmp/tmp.6DDiLFbZd0/experiment-work/libmany.so [0]: normal symbol `probe_3255'
   1934503:	binding file /tmp/tmp.6DDiLFbZd0/experiment-work/lazy [0] to /tmp/tmp.6DDiLFbZd0/experiment-work/libmany.so [0]: normal symbol `probe_3256'
   1934503:	binding file /tmp/tmp.6DDiLFbZd0/experiment-work/lazy [0] to /tmp/tmp.6DDiLFbZd0/experiment-work/libmany.so [0]: normal symbol `probe_3257'
   1934503:	binding file /tmp/tmp.6DDiLFbZd0/experiment-work/lazy [0] to /tmp/tmp.6DDiLFbZd0/experiment-work/libmany.so [0]: normal symbol `probe_3258'
   1934503:	binding file /tmp/tmp.6DDiLFbZd0/experiment-work/lazy [0] to /tmp/tmp.6DDiLFbZd0/experiment-work/libmany.so [0]: normal symbol `probe_3259'
   1934503:	binding file /tmp/tmp.6DDiLFbZd0/experiment-work/lazy [0] to /tmp/tmp.6DDiLFbZd0/experiment-work/libmany.so [0]: normal symbol `probe_3260'
   1934503:	binding file /tmp/tmp.6DDiLFbZd0/experiment-work/lazy [0] to /tmp/tmp.6DDiLFbZd0/experiment-work/libmany.so [0]: normal symbol `probe_3261'
   1934503:	binding file /tmp/tmp.6DDiLFbZd0/experiment-work/lazy [0] to /tmp/tmp.6DDiLFbZd0/experiment-work/libmany.so [0]: normal symbol `probe_3262'
   1934503:	binding file /tmp/tmp.6DDiLFbZd0/experiment-work/lazy [0] to /tmp/tmp.6DDiLFbZd0/experiment-work/libmany.so [0]: normal symbol `probe_3263'
   1934503:	binding file /tmp/tmp.6DDiLFbZd0/experiment-work/lazy [0] to /tmp/tmp.6DDiLFbZd0/experiment-work/libmany.so [0]: normal symbol `probe_3264'
   1934503:	binding file /tmp/tmp.6DDiLFbZd0/experiment-work/lazy [0] to /tmp/tmp.6DDiLFbZd0/experiment-work/libmany.so [0]: normal symbol `probe_3265'
   1934503:	binding file /tmp/tmp.6DDiLFbZd0/experiment-work/lazy [0] to /tmp/tmp.6DDiLFbZd0/experiment-work/libmany.so [0]: normal symbol `probe_3266'
   1934503:	binding file /tmp/tmp.6DDiLFbZd0/experiment-work/lazy [0] to /tmp/tmp.6DDiLFbZd0/experiment-work/libmany.so [0]: normal symbol `probe_3267'
   1934503:	binding file /tmp/tmp.6DDiLFbZd0/experiment-work/lazy [0] to /tmp/tmp.6DDiLFbZd0/experiment-work/libmany.so [0]: normal symbol `probe_3268'
   1934503:	binding file /tmp/tmp.6DDiLFbZd0/experiment-work/lazy [0] to /tmp/tmp.6DDiLFbZd0/experiment-work/libmany.so [0]: normal symbol `probe_3269'
   1934503:	binding file /tmp/tmp.6DDiLFbZd0/experiment-work/lazy [0] to /tmp/tmp.6DDiLFbZd0/experiment-work/libmany.so [0]: normal symbol `probe_3270'
   1934503:	binding file /tmp/tmp.6DDiLFbZd0/experiment-work/lazy [0] to /tmp/tmp.6DDiLFbZd0/experiment-work/libmany.so [0]: normal symbol `probe_3271'
   1934503:	binding file /tmp/tmp.6DDiLFbZd0/experiment-work/lazy [0] to /tmp/tmp.6DDiLFbZd0/experiment-work/libmany.so [0]: normal symbol `probe_3272'
   1934503:	binding file /tmp/tmp.6DDiLFbZd0/experiment-work/lazy [0] to /tmp/tmp.6DDiLFbZd0/experiment-work/libmany.so [0]: normal symbol `probe_3273'
   1934503:	binding file /tmp/tmp.6DDiLFbZd0/experiment-work/lazy [0] to /tmp/tmp.6DDiLFbZd0/experiment-work/libmany.so [0]: normal symbol `probe_3274'
   1934503:	binding file /tmp/tmp.6DDiLFbZd0/experiment-work/lazy [0] to /tmp/tmp.6DDiLFbZd0/experiment-work/libmany.so [0]: normal symbol `probe_3275'
   1934503:	binding file /tmp/tmp.6DDiLFbZd0/experiment-work/lazy [0] to /tmp/tmp.6DDiLFbZd0/experiment-work/libmany.so [0]: normal symbol `probe_3276'
   1934503:	binding file /tmp/tmp.6DDiLFbZd0/experiment-work/lazy [0] to /tmp/tmp.6DDiLFbZd0/experiment-work/libmany.so [0]: normal symbol `probe_3277'
   1934503:	binding file /tmp/tmp.6DDiLFbZd0/experiment-work/lazy [0] to /tmp/tmp.6DDiLFbZd0/experiment-work/libmany.so [0]: normal symbol `probe_3278'
   1934503:	binding file /tmp/tmp.6DDiLFbZd0/experiment-work/lazy [0] to /tmp/tmp.6DDiLFbZd0/experiment-work/libmany.so [0]: normal symbol `probe_3279'
   1934503:	binding file /tmp/tmp.6DDiLFbZd0/experiment-work/lazy [0] to /tmp/tmp.6DDiLFbZd0/experiment-work/libmany.so [0]: normal symbol `probe_3280'
   1934503:	binding file /tmp/tmp.6DDiLFbZd0/experiment-work/lazy [0] to /tmp/tmp.6DDiLFbZd0/experiment-work/libmany.so [0]: normal symbol `probe_3281'
   1934503:	binding file /tmp/tmp.6DDiLFbZd0/experiment-work/lazy [0] to /tmp/tmp.6DDiLFbZd0/experiment-work/libmany.so [0]: normal symbol `probe_3282'
   1934503:	binding file /tmp/tmp.6DDiLFbZd0/experiment-work/lazy [0] to /tmp/tmp.6DDiLFbZd0/experiment-work/libmany.so [0]: normal symbol `probe_3283'
   1934503:	binding file /tmp/tmp.6DDiLFbZd0/experiment-work/lazy [0] to /tmp/tmp.6DDiLFbZd0/experiment-work/libmany.so [0]: normal symbol `probe_3284'
   1934503:	binding file /tmp/tmp.6DDiLFbZd0/experiment-work/lazy [0] to /tmp/tmp.6DDiLFbZd0/experiment-work/libmany.so [0]: normal symbol `probe_3285'
   1934503:	binding file /tmp/tmp.6DDiLFbZd0/experiment-work/lazy [0] to /tmp/tmp.6DDiLFbZd0/experiment-work/libmany.so [0]: normal symbol `probe_3286'
   1934503:	binding file /tmp/tmp.6DDiLFbZd0/experiment-work/lazy [0] to /tmp/tmp.6DDiLFbZd0/experiment-work/libmany.so [0]: normal symbol `probe_3287'
   1934503:	binding file /tmp/tmp.6DDiLFbZd0/experiment-work/lazy [0] to /tmp/tmp.6DDiLFbZd0/experiment-work/libmany.so [0]: normal symbol `probe_3288'
   1934503:	binding file /tmp/tmp.6DDiLFbZd0/experiment-work/lazy [0] to /tmp/tmp.6DDiLFbZd0/experiment-work/libmany.so [0]: normal symbol `probe_3289'
   1934503:	binding file /tmp/tmp.6DDiLFbZd0/experiment-work/lazy [0] to /tmp/tmp.6DDiLFbZd0/experiment-work/libmany.so [0]: normal symbol `probe_3290'
   1934503:	binding file /tmp/tmp.6DDiLFbZd0/experiment-work/lazy [0] to /tmp/tmp.6DDiLFbZd0/experiment-work/libmany.so [0]: normal symbol `probe_3291'
   1934503:	binding file /tmp/tmp.6DDiLFbZd0/experiment-work/lazy [0] to /tmp/tmp.6DDiLFbZd0/experiment-work/libmany.so [0]: normal symbol `probe_3292'
   1934503:	binding file /tmp/tmp.6DDiLFbZd0/experiment-work/lazy [0] to /tmp/tmp.6DDiLFbZd0/experiment-work/libmany.so [0]: normal symbol `probe_3293'
   1934503:	binding file /tmp/tmp.6DDiLFbZd0/experiment-work/lazy [0] to /tmp/tmp.6DDiLFbZd0/experiment-work/libmany.so [0]: normal symbol `probe_3294'
   1934503:	binding file /tmp/tmp.6DDiLFbZd0/experiment-work/lazy [0] to /tmp/tmp.6DDiLFbZd0/experiment-work/libmany.so [0]: normal symbol `probe_3295'
   1934503:	binding file /tmp/tmp.6DDiLFbZd0/experiment-work/lazy [0] to /tmp/tmp.6DDiLFbZd0/experiment-work/libmany.so [0]: normal symbol `probe_3296'
   1934503:	binding file /tmp/tmp.6DDiLFbZd0/experiment-work/lazy [0] to /tmp/tmp.6DDiLFbZd0/experiment-work/libmany.so [0]: normal symbol `probe_3297'
   1934503:	binding file /tmp/tmp.6DDiLFbZd0/experiment-work/lazy [0] to /tmp/tmp.6DDiLFbZd0/experiment-work/libmany.so [0]: normal symbol `probe_3298'
   1934503:	binding file /tmp/tmp.6DDiLFbZd0/experiment-work/lazy [0] to /tmp/tmp.6DDiLFbZd0/experiment-work/libmany.so [0]: normal symbol `probe_3299'
   1934503:	binding file /tmp/tmp.6DDiLFbZd0/experiment-work/lazy [0] to /tmp/tmp.6DDiLFbZd0/experiment-work/libmany.so [0]: normal symbol `probe_3300'
   1934503:	binding file /tmp/tmp.6DDiLFbZd0/experiment-work/lazy [0] to /tmp/tmp.6DDiLFbZd0/experiment-work/libmany.so [0]: normal symbol `probe_3301'
   1934503:	binding file /tmp/tmp.6DDiLFbZd0/experiment-work/lazy [0] to /tmp/tmp.6DDiLFbZd0/experiment-work/libmany.so [0]: normal symbol `probe_3302'
   1934503:	binding file /tmp/tmp.6DDiLFbZd0/experiment-work/lazy [0] to /tmp/tmp.6DDiLFbZd0/experiment-work/libmany.so [0]: normal symbol `probe_3303'
   1934503:	binding file /tmp/tmp.6DDiLFbZd0/experiment-work/lazy [0] to /tmp/tmp.6DDiLFbZd0/experiment-work/libmany.so [0]: normal symbol `probe_3304'
   1934503:	binding file /tmp/tmp.6DDiLFbZd0/experiment-work/lazy [0] to /tmp/tmp.6DDiLFbZd0/experiment-work/libmany.so [0]: normal symbol `probe_3305'
   1934503:	binding file /tmp/tmp.6DDiLFbZd0/experiment-work/lazy [0] to /tmp/tmp.6DDiLFbZd0/experiment-work/libmany.so [0]: normal symbol `probe_3306'
   1934503:	binding file /tmp/tmp.6DDiLFbZd0/experiment-work/lazy [0] to /tmp/tmp.6DDiLFbZd0/experiment-work/libmany.so [0]: normal symbol `probe_3307'
   1934503:	binding file /tmp/tmp.6DDiLFbZd0/experiment-work/lazy [0] to /tmp/tmp.6DDiLFbZd0/experiment-work/libmany.so [0]: normal symbol `probe_3308'
   1934503:	binding file /tmp/tmp.6DDiLFbZd0/experiment-work/lazy [0] to /tmp/tmp.6DDiLFbZd0/experiment-work/libmany.so [0]: normal symbol `probe_3309'
   1934503:	binding file /tmp/tmp.6DDiLFbZd0/experiment-work/lazy [0] to /tmp/tmp.6DDiLFbZd0/experiment-work/libmany.so [0]: normal symbol `probe_3310'
   1934503:	binding file /tmp/tmp.6DDiLFbZd0/experiment-work/lazy [0] to /tmp/tmp.6DDiLFbZd0/experiment-work/libmany.so [0]: normal symbol `probe_3311'
   1934503:	binding file /tmp/tmp.6DDiLFbZd0/experiment-work/lazy [0] to /tmp/tmp.6DDiLFbZd0/experiment-work/libmany.so [0]: normal symbol `probe_3312'
   1934503:	binding file /tmp/tmp.6DDiLFbZd0/experiment-work/lazy [0] to /tmp/tmp.6DDiLFbZd0/experiment-work/libmany.so [0]: normal symbol `probe_3313'
   1934503:	binding file /tmp/tmp.6DDiLFbZd0/experiment-work/lazy [0] to /tmp/tmp.6DDiLFbZd0/experiment-work/libmany.so [0]: normal symbol `probe_3314'
   1934503:	binding file /tmp/tmp.6DDiLFbZd0/experiment-work/lazy [0] to /tmp/tmp.6DDiLFbZd0/experiment-work/libmany.so [0]: normal symbol `probe_3315'
   1934503:	binding file /tmp/tmp.6DDiLFbZd0/experiment-work/lazy [0] to /tmp/tmp.6DDiLFbZd0/experiment-work/libmany.so [0]: normal symbol `probe_3316'
   1934503:	binding file /tmp/tmp.6DDiLFbZd0/experiment-work/lazy [0] to /tmp/tmp.6DDiLFbZd0/experiment-work/libmany.so [0]: normal symbol `probe_3317'
   1934503:	binding file /tmp/tmp.6DDiLFbZd0/experiment-work/lazy [0] to /tmp/tmp.6DDiLFbZd0/experiment-work/libmany.so [0]: normal symbol `probe_3318'
   1934503:	binding file /tmp/tmp.6DDiLFbZd0/experiment-work/lazy [0] to /tmp/tmp.6DDiLFbZd0/experiment-work/libmany.so [0]: normal symbol `probe_3319'
   1934503:	binding file /tmp/tmp.6DDiLFbZd0/experiment-work/lazy [0] to /tmp/tmp.6DDiLFbZd0/experiment-work/libmany.so [0]: normal symbol `probe_3320'
   1934503:	binding file /tmp/tmp.6DDiLFbZd0/experiment-work/lazy [0] to /tmp/tmp.6DDiLFbZd0/experiment-work/libmany.so [0]: normal symbol `probe_3321'
   1934503:	binding file /tmp/tmp.6DDiLFbZd0/experiment-work/lazy [0] to /tmp/tmp.6DDiLFbZd0/experiment-work/libmany.so [0]: normal symbol `probe_3322'
   1934503:	binding file /tmp/tmp.6DDiLFbZd0/experiment-work/lazy [0] to /tmp/tmp.6DDiLFbZd0/experiment-work/libmany.so [0]: normal symbol `probe_3323'
   1934503:	binding file /tmp/tmp.6DDiLFbZd0/experiment-work/lazy [0] to /tmp/tmp.6DDiLFbZd0/experiment-work/libmany.so [0]: normal symbol `probe_3324'
   1934503:	binding file /tmp/tmp.6DDiLFbZd0/experiment-work/lazy [0] to /tmp/tmp.6DDiLFbZd0/experiment-work/libmany.so [0]: normal symbol `probe_3325'
   1934503:	binding file /tmp/tmp.6DDiLFbZd0/experiment-work/lazy [0] to /tmp/tmp.6DDiLFbZd0/experiment-work/libmany.so [0]: normal symbol `probe_3326'
   1934503:	binding file /tmp/tmp.6DDiLFbZd0/experiment-work/lazy [0] to /tmp/tmp.6DDiLFbZd0/experiment-work/libmany.so [0]: normal symbol `probe_3327'
   1934503:	binding file /tmp/tmp.6DDiLFbZd0/experiment-work/lazy [0] to /tmp/tmp.6DDiLFbZd0/experiment-work/libmany.so [0]: normal symbol `probe_3328'
   1934503:	binding file /tmp/tmp.6DDiLFbZd0/experiment-work/lazy [0] to /tmp/tmp.6DDiLFbZd0/experiment-work/libmany.so [0]: normal symbol `probe_3329'
   1934503:	binding file /tmp/tmp.6DDiLFbZd0/experiment-work/lazy [0] to /tmp/tmp.6DDiLFbZd0/experiment-work/libmany.so [0]: normal symbol `probe_3330'
   1934503:	binding file /tmp/tmp.6DDiLFbZd0/experiment-work/lazy [0] to /tmp/tmp.6DDiLFbZd0/experiment-work/libmany.so [0]: normal symbol `probe_3331'
   1934503:	binding file /tmp/tmp.6DDiLFbZd0/experiment-work/lazy [0] to /tmp/tmp.6DDiLFbZd0/experiment-work/libmany.so [0]: normal symbol `probe_3332'
   1934503:	binding file /tmp/tmp.6DDiLFbZd0/experiment-work/lazy [0] to /tmp/tmp.6DDiLFbZd0/experiment-work/libmany.so [0]: normal symbol `probe_3333'
   1934503:	binding file /tmp/tmp.6DDiLFbZd0/experiment-work/lazy [0] to /tmp/tmp.6DDiLFbZd0/experiment-work/libmany.so [0]: normal symbol `probe_3334'
   1934503:	binding file /tmp/tmp.6DDiLFbZd0/experiment-work/lazy [0] to /tmp/tmp.6DDiLFbZd0/experiment-work/libmany.so [0]: normal symbol `probe_3335'
   1934503:	binding file /tmp/tmp.6DDiLFbZd0/experiment-work/lazy [0] to /tmp/tmp.6DDiLFbZd0/experiment-work/libmany.so [0]: normal symbol `probe_3336'
   1934503:	binding file /tmp/tmp.6DDiLFbZd0/experiment-work/lazy [0] to /tmp/tmp.6DDiLFbZd0/experiment-work/libmany.so [0]: normal symbol `probe_3337'
   1934503:	binding file /tmp/tmp.6DDiLFbZd0/experiment-work/lazy [0] to /tmp/tmp.6DDiLFbZd0/experiment-work/libmany.so [0]: normal symbol `probe_3338'
   1934503:	binding file /tmp/tmp.6DDiLFbZd0/experiment-work/lazy [0] to /tmp/tmp.6DDiLFbZd0/experiment-work/libmany.so [0]: normal symbol `probe_3339'
   1934503:	binding file /tmp/tmp.6DDiLFbZd0/experiment-work/lazy [0] to /tmp/tmp.6DDiLFbZd0/experiment-work/libmany.so [0]: normal symbol `probe_3340'
   1934503:	binding file /tmp/tmp.6DDiLFbZd0/experiment-work/lazy [0] to /tmp/tmp.6DDiLFbZd0/experiment-work/libmany.so [0]: normal symbol `probe_3341'
   1934503:	binding file /tmp/tmp.6DDiLFbZd0/experiment-work/lazy [0] to /tmp/tmp.6DDiLFbZd0/experiment-work/libmany.so [0]: normal symbol `probe_3342'
   1934503:	binding file /tmp/tmp.6DDiLFbZd0/experiment-work/lazy [0] to /tmp/tmp.6DDiLFbZd0/experiment-work/libmany.so [0]: normal symbol `probe_3343'
   1934503:	binding file /tmp/tmp.6DDiLFbZd0/experiment-work/lazy [0] to /tmp/tmp.6DDiLFbZd0/experiment-work/libmany.so [0]: normal symbol `probe_3344'
   1934503:	binding file /tmp/tmp.6DDiLFbZd0/experiment-work/lazy [0] to /tmp/tmp.6DDiLFbZd0/experiment-work/libmany.so [0]: normal symbol `probe_3345'
   1934503:	binding file /tmp/tmp.6DDiLFbZd0/experiment-work/lazy [0] to /tmp/tmp.6DDiLFbZd0/experiment-work/libmany.so [0]: normal symbol `probe_3346'
   1934503:	binding file /tmp/tmp.6DDiLFbZd0/experiment-work/lazy [0] to /tmp/tmp.6DDiLFbZd0/experiment-work/libmany.so [0]: normal symbol `probe_3347'
   1934503:	binding file /tmp/tmp.6DDiLFbZd0/experiment-work/lazy [0] to /tmp/tmp.6DDiLFbZd0/experiment-work/libmany.so [0]: normal symbol `probe_3348'
   1934503:	binding file /tmp/tmp.6DDiLFbZd0/experiment-work/lazy [0] to /tmp/tmp.6DDiLFbZd0/experiment-work/libmany.so [0]: normal symbol `probe_3349'
   1934503:	binding file /tmp/tmp.6DDiLFbZd0/experiment-work/lazy [0] to /tmp/tmp.6DDiLFbZd0/experiment-work/libmany.so [0]: normal symbol `probe_3350'
   1934503:	binding file /tmp/tmp.6DDiLFbZd0/experiment-work/lazy [0] to /tmp/tmp.6DDiLFbZd0/experiment-work/libmany.so [0]: normal symbol `probe_3351'
   1934503:	binding file /tmp/tmp.6DDiLFbZd0/experiment-work/lazy [0] to /tmp/tmp.6DDiLFbZd0/experiment-work/libmany.so [0]: normal symbol `probe_3352'
   1934503:	binding file /tmp/tmp.6DDiLFbZd0/experiment-work/lazy [0] to /tmp/tmp.6DDiLFbZd0/experiment-work/libmany.so [0]: normal symbol `probe_3353'
   1934503:	binding file /tmp/tmp.6DDiLFbZd0/experiment-work/lazy [0] to /tmp/tmp.6DDiLFbZd0/experiment-work/libmany.so [0]: normal symbol `probe_3354'
   1934503:	binding file /tmp/tmp.6DDiLFbZd0/experiment-work/lazy [0] to /tmp/tmp.6DDiLFbZd0/experiment-work/libmany.so [0]: normal symbol `probe_3355'
   1934503:	binding file /tmp/tmp.6DDiLFbZd0/experiment-work/lazy [0] to /tmp/tmp.6DDiLFbZd0/experiment-work/libmany.so [0]: normal symbol `probe_3356'
   1934503:	binding file /tmp/tmp.6DDiLFbZd0/experiment-work/lazy [0] to /tmp/tmp.6DDiLFbZd0/experiment-work/libmany.so [0]: normal symbol `probe_3357'
   1934503:	binding file /tmp/tmp.6DDiLFbZd0/experiment-work/lazy [0] to /tmp/tmp.6DDiLFbZd0/experiment-work/libmany.so [0]: normal symbol `probe_3358'
   1934503:	binding file /tmp/tmp.6DDiLFbZd0/experiment-work/lazy [0] to /tmp/tmp.6DDiLFbZd0/experiment-work/libmany.so [0]: normal symbol `probe_3359'
   1934503:	binding file /tmp/tmp.6DDiLFbZd0/experiment-work/lazy [0] to /tmp/tmp.6DDiLFbZd0/experiment-work/libmany.so [0]: normal symbol `probe_3360'
   1934503:	binding file /tmp/tmp.6DDiLFbZd0/experiment-work/lazy [0] to /tmp/tmp.6DDiLFbZd0/experiment-work/libmany.so [0]: normal symbol `probe_3361'
   1934503:	binding file /tmp/tmp.6DDiLFbZd0/experiment-work/lazy [0] to /tmp/tmp.6DDiLFbZd0/experiment-work/libmany.so [0]: normal symbol `probe_3362'
   1934503:	binding file /tmp/tmp.6DDiLFbZd0/experiment-work/lazy [0] to /tmp/tmp.6DDiLFbZd0/experiment-work/libmany.so [0]: normal symbol `probe_3363'
   1934503:	binding file /tmp/tmp.6DDiLFbZd0/experiment-work/lazy [0] to /tmp/tmp.6DDiLFbZd0/experiment-work/libmany.so [0]: normal symbol `probe_3364'
   1934503:	binding file /tmp/tmp.6DDiLFbZd0/experiment-work/lazy [0] to /tmp/tmp.6DDiLFbZd0/experiment-work/libmany.so [0]: normal symbol `probe_3365'
   1934503:	binding file /tmp/tmp.6DDiLFbZd0/experiment-work/lazy [0] to /tmp/tmp.6DDiLFbZd0/experiment-work/libmany.so [0]: normal symbol `probe_3366'
   1934503:	binding file /tmp/tmp.6DDiLFbZd0/experiment-work/lazy [0] to /tmp/tmp.6DDiLFbZd0/experiment-work/libmany.so [0]: normal symbol `probe_3367'
   1934503:	binding file /tmp/tmp.6DDiLFbZd0/experiment-work/lazy [0] to /tmp/tmp.6DDiLFbZd0/experiment-work/libmany.so [0]: normal symbol `probe_3368'
   1934503:	binding file /tmp/tmp.6DDiLFbZd0/experiment-work/lazy [0] to /tmp/tmp.6DDiLFbZd0/experiment-work/libmany.so [0]: normal symbol `probe_3369'
   1934503:	binding file /tmp/tmp.6DDiLFbZd0/experiment-work/lazy [0] to /tmp/tmp.6DDiLFbZd0/experiment-work/libmany.so [0]: normal symbol `probe_3370'
   1934503:	binding file /tmp/tmp.6DDiLFbZd0/experiment-work/lazy [0] to /tmp/tmp.6DDiLFbZd0/experiment-work/libmany.so [0]: normal symbol `probe_3371'
   1934503:	binding file /tmp/tmp.6DDiLFbZd0/experiment-work/lazy [0] to /tmp/tmp.6DDiLFbZd0/experiment-work/libmany.so [0]: normal symbol `probe_3372'
   1934503:	binding file /tmp/tmp.6DDiLFbZd0/experiment-work/lazy [0] to /tmp/tmp.6DDiLFbZd0/experiment-work/libmany.so [0]: normal symbol `probe_3373'
   1934503:	binding file /tmp/tmp.6DDiLFbZd0/experiment-work/lazy [0] to /tmp/tmp.6DDiLFbZd0/experiment-work/libmany.so [0]: normal symbol `probe_3374'
   1934503:	binding file /tmp/tmp.6DDiLFbZd0/experiment-work/lazy [0] to /tmp/tmp.6DDiLFbZd0/experiment-work/libmany.so [0]: normal symbol `probe_3375'
   1934503:	binding file /tmp/tmp.6DDiLFbZd0/experiment-work/lazy [0] to /tmp/tmp.6DDiLFbZd0/experiment-work/libmany.so [0]: normal symbol `probe_3376'
   1934503:	binding file /tmp/tmp.6DDiLFbZd0/experiment-work/lazy [0] to /tmp/tmp.6DDiLFbZd0/experiment-work/libmany.so [0]: normal symbol `probe_3377'
   1934503:	binding file /tmp/tmp.6DDiLFbZd0/experiment-work/lazy [0] to /tmp/tmp.6DDiLFbZd0/experiment-work/libmany.so [0]: normal symbol `probe_3378'
   1934503:	binding file /tmp/tmp.6DDiLFbZd0/experiment-work/lazy [0] to /tmp/tmp.6DDiLFbZd0/experiment-work/libmany.so [0]: normal symbol `probe_3379'
   1934503:	binding file /tmp/tmp.6DDiLFbZd0/experiment-work/lazy [0] to /tmp/tmp.6DDiLFbZd0/experiment-work/libmany.so [0]: normal symbol `probe_3380'
   1934503:	binding file /tmp/tmp.6DDiLFbZd0/experiment-work/lazy [0] to /tmp/tmp.6DDiLFbZd0/experiment-work/libmany.so [0]: normal symbol `probe_3381'
   1934503:	binding file /tmp/tmp.6DDiLFbZd0/experiment-work/lazy [0] to /tmp/tmp.6DDiLFbZd0/experiment-work/libmany.so [0]: normal symbol `probe_3382'
   1934503:	binding file /tmp/tmp.6DDiLFbZd0/experiment-work/lazy [0] to /tmp/tmp.6DDiLFbZd0/experiment-work/libmany.so [0]: normal symbol `probe_3383'
   1934503:	binding file /tmp/tmp.6DDiLFbZd0/experiment-work/lazy [0] to /tmp/tmp.6DDiLFbZd0/experiment-work/libmany.so [0]: normal symbol `probe_3384'
   1934503:	binding file /tmp/tmp.6DDiLFbZd0/experiment-work/lazy [0] to /tmp/tmp.6DDiLFbZd0/experiment-work/libmany.so [0]: normal symbol `probe_3385'
   1934503:	binding file /tmp/tmp.6DDiLFbZd0/experiment-work/lazy [0] to /tmp/tmp.6DDiLFbZd0/experiment-work/libmany.so [0]: normal symbol `probe_3386'
   1934503:	binding file /tmp/tmp.6DDiLFbZd0/experiment-work/lazy [0] to /tmp/tmp.6DDiLFbZd0/experiment-work/libmany.so [0]: normal symbol `probe_3387'
   1934503:	binding file /tmp/tmp.6DDiLFbZd0/experiment-work/lazy [0] to /tmp/tmp.6DDiLFbZd0/experiment-work/libmany.so [0]: normal symbol `probe_3388'
   1934503:	binding file /tmp/tmp.6DDiLFbZd0/experiment-work/lazy [0] to /tmp/tmp.6DDiLFbZd0/experiment-work/libmany.so [0]: normal symbol `probe_3389'
   1934503:	binding file /tmp/tmp.6DDiLFbZd0/experiment-work/lazy [0] to /tmp/tmp.6DDiLFbZd0/experiment-work/libmany.so [0]: normal symbol `probe_3390'
   1934503:	binding file /tmp/tmp.6DDiLFbZd0/experiment-work/lazy [0] to /tmp/tmp.6DDiLFbZd0/experiment-work/libmany.so [0]: normal symbol `probe_3391'
   1934503:	binding file /tmp/tmp.6DDiLFbZd0/experiment-work/lazy [0] to /tmp/tmp.6DDiLFbZd0/experiment-work/libmany.so [0]: normal symbol `probe_3392'
   1934503:	binding file /tmp/tmp.6DDiLFbZd0/experiment-work/lazy [0] to /tmp/tmp.6DDiLFbZd0/experiment-work/libmany.so [0]: normal symbol `probe_3393'
   1934503:	binding file /tmp/tmp.6DDiLFbZd0/experiment-work/lazy [0] to /tmp/tmp.6DDiLFbZd0/experiment-work/libmany.so [0]: normal symbol `probe_3394'
   1934503:	binding file /tmp/tmp.6DDiLFbZd0/experiment-work/lazy [0] to /tmp/tmp.6DDiLFbZd0/experiment-work/libmany.so [0]: normal symbol `probe_3395'
   1934503:	binding file /tmp/tmp.6DDiLFbZd0/experiment-work/lazy [0] to /tmp/tmp.6DDiLFbZd0/experiment-work/libmany.so [0]: normal symbol `probe_3396'
   1934503:	binding file /tmp/tmp.6DDiLFbZd0/experiment-work/lazy [0] to /tmp/tmp.6DDiLFbZd0/experiment-work/libmany.so [0]: normal symbol `probe_3397'
   1934503:	binding file /tmp/tmp.6DDiLFbZd0/experiment-work/lazy [0] to /tmp/tmp.6DDiLFbZd0/experiment-work/libmany.so [0]: normal symbol `probe_3398'
   1934503:	binding file /tmp/tmp.6DDiLFbZd0/experiment-work/lazy [0] to /tmp/tmp.6DDiLFbZd0/experiment-work/libmany.so [0]: normal symbol `probe_3399'
   1934503:	binding file /tmp/tmp.6DDiLFbZd0/experiment-work/lazy [0] to /tmp/tmp.6DDiLFbZd0/experiment-work/libmany.so [0]: normal symbol `probe_3400'
   1934503:	binding file /tmp/tmp.6DDiLFbZd0/experiment-work/lazy [0] to /tmp/tmp.6DDiLFbZd0/experiment-work/libmany.so [0]: normal symbol `probe_3401'
   1934503:	binding file /tmp/tmp.6DDiLFbZd0/experiment-work/lazy [0] to /tmp/tmp.6DDiLFbZd0/experiment-work/libmany.so [0]: normal symbol `probe_3402'
   1934503:	binding file /tmp/tmp.6DDiLFbZd0/experiment-work/lazy [0] to /tmp/tmp.6DDiLFbZd0/experiment-work/libmany.so [0]: normal symbol `probe_3403'
   1934503:	binding file /tmp/tmp.6DDiLFbZd0/experiment-work/lazy [0] to /tmp/tmp.6DDiLFbZd0/experiment-work/libmany.so [0]: normal symbol `probe_3404'
   1934503:	binding file /tmp/tmp.6DDiLFbZd0/experiment-work/lazy [0] to /tmp/tmp.6DDiLFbZd0/experiment-work/libmany.so [0]: normal symbol `probe_3405'
   1934503:	binding file /tmp/tmp.6DDiLFbZd0/experiment-work/lazy [0] to /tmp/tmp.6DDiLFbZd0/experiment-work/libmany.so [0]: normal symbol `probe_3406'
   1934503:	binding file /tmp/tmp.6DDiLFbZd0/experiment-work/lazy [0] to /tmp/tmp.6DDiLFbZd0/experiment-work/libmany.so [0]: normal symbol `probe_3407'
   1934503:	binding file /tmp/tmp.6DDiLFbZd0/experiment-work/lazy [0] to /tmp/tmp.6DDiLFbZd0/experiment-work/libmany.so [0]: normal symbol `probe_3408'
   1934503:	binding file /tmp/tmp.6DDiLFbZd0/experiment-work/lazy [0] to /tmp/tmp.6DDiLFbZd0/experiment-work/libmany.so [0]: normal symbol `probe_3409'
   1934503:	binding file /tmp/tmp.6DDiLFbZd0/experiment-work/lazy [0] to /tmp/tmp.6DDiLFbZd0/experiment-work/libmany.so [0]: normal symbol `probe_3410'
   1934503:	binding file /tmp/tmp.6DDiLFbZd0/experiment-work/lazy [0] to /tmp/tmp.6DDiLFbZd0/experiment-work/libmany.so [0]: normal symbol `probe_3411'
   1934503:	binding file /tmp/tmp.6DDiLFbZd0/experiment-work/lazy [0] to /tmp/tmp.6DDiLFbZd0/experiment-work/libmany.so [0]: normal symbol `probe_3412'
   1934503:	binding file /tmp/tmp.6DDiLFbZd0/experiment-work/lazy [0] to /tmp/tmp.6DDiLFbZd0/experiment-work/libmany.so [0]: normal symbol `probe_3413'
   1934503:	binding file /tmp/tmp.6DDiLFbZd0/experiment-work/lazy [0] to /tmp/tmp.6DDiLFbZd0/experiment-work/libmany.so [0]: normal symbol `probe_3414'
   1934503:	binding file /tmp/tmp.6DDiLFbZd0/experiment-work/lazy [0] to /tmp/tmp.6DDiLFbZd0/experiment-work/libmany.so [0]: normal symbol `probe_3415'
   1934503:	binding file /tmp/tmp.6DDiLFbZd0/experiment-work/lazy [0] to /tmp/tmp.6DDiLFbZd0/experiment-work/libmany.so [0]: normal symbol `probe_3416'
   1934503:	binding file /tmp/tmp.6DDiLFbZd0/experiment-work/lazy [0] to /tmp/tmp.6DDiLFbZd0/experiment-work/libmany.so [0]: normal symbol `probe_3417'
   1934503:	binding file /tmp/tmp.6DDiLFbZd0/experiment-work/lazy [0] to /tmp/tmp.6DDiLFbZd0/experiment-work/libmany.so [0]: normal symbol `probe_3418'
   1934503:	binding file /tmp/tmp.6DDiLFbZd0/experiment-work/lazy [0] to /tmp/tmp.6DDiLFbZd0/experiment-work/libmany.so [0]: normal symbol `probe_3419'
   1934503:	binding file /tmp/tmp.6DDiLFbZd0/experiment-work/lazy [0] to /tmp/tmp.6DDiLFbZd0/experiment-work/libmany.so [0]: normal symbol `probe_3420'
   1934503:	binding file /tmp/tmp.6DDiLFbZd0/experiment-work/lazy [0] to /tmp/tmp.6DDiLFbZd0/experiment-work/libmany.so [0]: normal symbol `probe_3421'
   1934503:	binding file /tmp/tmp.6DDiLFbZd0/experiment-work/lazy [0] to /tmp/tmp.6DDiLFbZd0/experiment-work/libmany.so [0]: normal symbol `probe_3422'
   1934503:	binding file /tmp/tmp.6DDiLFbZd0/experiment-work/lazy [0] to /tmp/tmp.6DDiLFbZd0/experiment-work/libmany.so [0]: normal symbol `probe_3423'
   1934503:	binding file /tmp/tmp.6DDiLFbZd0/experiment-work/lazy [0] to /tmp/tmp.6DDiLFbZd0/experiment-work/libmany.so [0]: normal symbol `probe_3424'
   1934503:	binding file /tmp/tmp.6DDiLFbZd0/experiment-work/lazy [0] to /tmp/tmp.6DDiLFbZd0/experiment-work/libmany.so [0]: normal symbol `probe_3425'
   1934503:	binding file /tmp/tmp.6DDiLFbZd0/experiment-work/lazy [0] to /tmp/tmp.6DDiLFbZd0/experiment-work/libmany.so [0]: normal symbol `probe_3426'
   1934503:	binding file /tmp/tmp.6DDiLFbZd0/experiment-work/lazy [0] to /tmp/tmp.6DDiLFbZd0/experiment-work/libmany.so [0]: normal symbol `probe_3427'
   1934503:	binding file /tmp/tmp.6DDiLFbZd0/experiment-work/lazy [0] to /tmp/tmp.6DDiLFbZd0/experiment-work/libmany.so [0]: normal symbol `probe_3428'
   1934503:	binding file /tmp/tmp.6DDiLFbZd0/experiment-work/lazy [0] to /tmp/tmp.6DDiLFbZd0/experiment-work/libmany.so [0]: normal symbol `probe_3429'
   1934503:	binding file /tmp/tmp.6DDiLFbZd0/experiment-work/lazy [0] to /tmp/tmp.6DDiLFbZd0/experiment-work/libmany.so [0]: normal symbol `probe_3430'
   1934503:	binding file /tmp/tmp.6DDiLFbZd0/experiment-work/lazy [0] to /tmp/tmp.6DDiLFbZd0/experiment-work/libmany.so [0]: normal symbol `probe_3431'
   1934503:	binding file /tmp/tmp.6DDiLFbZd0/experiment-work/lazy [0] to /tmp/tmp.6DDiLFbZd0/experiment-work/libmany.so [0]: normal symbol `probe_3432'
   1934503:	binding file /tmp/tmp.6DDiLFbZd0/experiment-work/lazy [0] to /tmp/tmp.6DDiLFbZd0/experiment-work/libmany.so [0]: normal symbol `probe_3433'
   1934503:	binding file /tmp/tmp.6DDiLFbZd0/experiment-work/lazy [0] to /tmp/tmp.6DDiLFbZd0/experiment-work/libmany.so [0]: normal symbol `probe_3434'
   1934503:	binding file /tmp/tmp.6DDiLFbZd0/experiment-work/lazy [0] to /tmp/tmp.6DDiLFbZd0/experiment-work/libmany.so [0]: normal symbol `probe_3435'
   1934503:	binding file /tmp/tmp.6DDiLFbZd0/experiment-work/lazy [0] to /tmp/tmp.6DDiLFbZd0/experiment-work/libmany.so [0]: normal symbol `probe_3436'
   1934503:	binding file /tmp/tmp.6DDiLFbZd0/experiment-work/lazy [0] to /tmp/tmp.6DDiLFbZd0/experiment-work/libmany.so [0]: normal symbol `probe_3437'
   1934503:	binding file /tmp/tmp.6DDiLFbZd0/experiment-work/lazy [0] to /tmp/tmp.6DDiLFbZd0/experiment-work/libmany.so [0]: normal symbol `probe_3438'
   1934503:	binding file /tmp/tmp.6DDiLFbZd0/experiment-work/lazy [0] to /tmp/tmp.6DDiLFbZd0/experiment-work/libmany.so [0]: normal symbol `probe_3439'
   1934503:	binding file /tmp/tmp.6DDiLFbZd0/experiment-work/lazy [0] to /tmp/tmp.6DDiLFbZd0/experiment-work/libmany.so [0]: normal symbol `probe_3440'
   1934503:	binding file /tmp/tmp.6DDiLFbZd0/experiment-work/lazy [0] to /tmp/tmp.6DDiLFbZd0/experiment-work/libmany.so [0]: normal symbol `probe_3441'
   1934503:	binding file /tmp/tmp.6DDiLFbZd0/experiment-work/lazy [0] to /tmp/tmp.6DDiLFbZd0/experiment-work/libmany.so [0]: normal symbol `probe_3442'
   1934503:	binding file /tmp/tmp.6DDiLFbZd0/experiment-work/lazy [0] to /tmp/tmp.6DDiLFbZd0/experiment-work/libmany.so [0]: normal symbol `probe_3443'
   1934503:	binding file /tmp/tmp.6DDiLFbZd0/experiment-work/lazy [0] to /tmp/tmp.6DDiLFbZd0/experiment-work/libmany.so [0]: normal symbol `probe_3444'
   1934503:	binding file /tmp/tmp.6DDiLFbZd0/experiment-work/lazy [0] to /tmp/tmp.6DDiLFbZd0/experiment-work/libmany.so [0]: normal symbol `probe_3445'
   1934503:	binding file /tmp/tmp.6DDiLFbZd0/experiment-work/lazy [0] to /tmp/tmp.6DDiLFbZd0/experiment-work/libmany.so [0]: normal symbol `probe_3446'
   1934503:	binding file /tmp/tmp.6DDiLFbZd0/experiment-work/lazy [0] to /tmp/tmp.6DDiLFbZd0/experiment-work/libmany.so [0]: normal symbol `probe_3447'
   1934503:	binding file /tmp/tmp.6DDiLFbZd0/experiment-work/lazy [0] to /tmp/tmp.6DDiLFbZd0/experiment-work/libmany.so [0]: normal symbol `probe_3448'
   1934503:	binding file /tmp/tmp.6DDiLFbZd0/experiment-work/lazy [0] to /tmp/tmp.6DDiLFbZd0/experiment-work/libmany.so [0]: normal symbol `probe_3449'
   1934503:	binding file /tmp/tmp.6DDiLFbZd0/experiment-work/lazy [0] to /tmp/tmp.6DDiLFbZd0/experiment-work/libmany.so [0]: normal symbol `probe_3450'
   1934503:	binding file /tmp/tmp.6DDiLFbZd0/experiment-work/lazy [0] to /tmp/tmp.6DDiLFbZd0/experiment-work/libmany.so [0]: normal symbol `probe_3451'
   1934503:	binding file /tmp/tmp.6DDiLFbZd0/experiment-work/lazy [0] to /tmp/tmp.6DDiLFbZd0/experiment-work/libmany.so [0]: normal symbol `probe_3452'
   1934503:	binding file /tmp/tmp.6DDiLFbZd0/experiment-work/lazy [0] to /tmp/tmp.6DDiLFbZd0/experiment-work/libmany.so [0]: normal symbol `probe_3453'
   1934503:	binding file /tmp/tmp.6DDiLFbZd0/experiment-work/lazy [0] to /tmp/tmp.6DDiLFbZd0/experiment-work/libmany.so [0]: normal symbol `probe_3454'
   1934503:	binding file /tmp/tmp.6DDiLFbZd0/experiment-work/lazy [0] to /tmp/tmp.6DDiLFbZd0/experiment-work/libmany.so [0]: normal symbol `probe_3455'
   1934503:	binding file /tmp/tmp.6DDiLFbZd0/experiment-work/lazy [0] to /tmp/tmp.6DDiLFbZd0/experiment-work/libmany.so [0]: normal symbol `probe_3456'
   1934503:	binding file /tmp/tmp.6DDiLFbZd0/experiment-work/lazy [0] to /tmp/tmp.6DDiLFbZd0/experiment-work/libmany.so [0]: normal symbol `probe_3457'
   1934503:	binding file /tmp/tmp.6DDiLFbZd0/experiment-work/lazy [0] to /tmp/tmp.6DDiLFbZd0/experiment-work/libmany.so [0]: normal symbol `probe_3458'
   1934503:	binding file /tmp/tmp.6DDiLFbZd0/experiment-work/lazy [0] to /tmp/tmp.6DDiLFbZd0/experiment-work/libmany.so [0]: normal symbol `probe_3459'
   1934503:	binding file /tmp/tmp.6DDiLFbZd0/experiment-work/lazy [0] to /tmp/tmp.6DDiLFbZd0/experiment-work/libmany.so [0]: normal symbol `probe_3460'
   1934503:	binding file /tmp/tmp.6DDiLFbZd0/experiment-work/lazy [0] to /tmp/tmp.6DDiLFbZd0/experiment-work/libmany.so [0]: normal symbol `probe_3461'
   1934503:	binding file /tmp/tmp.6DDiLFbZd0/experiment-work/lazy [0] to /tmp/tmp.6DDiLFbZd0/experiment-work/libmany.so [0]: normal symbol `probe_3462'
   1934503:	binding file /tmp/tmp.6DDiLFbZd0/experiment-work/lazy [0] to /tmp/tmp.6DDiLFbZd0/experiment-work/libmany.so [0]: normal symbol `probe_3463'
   1934503:	binding file /tmp/tmp.6DDiLFbZd0/experiment-work/lazy [0] to /tmp/tmp.6DDiLFbZd0/experiment-work/libmany.so [0]: normal symbol `probe_3464'
   1934503:	binding file /tmp/tmp.6DDiLFbZd0/experiment-work/lazy [0] to /tmp/tmp.6DDiLFbZd0/experiment-work/libmany.so [0]: normal symbol `probe_3465'
   1934503:	binding file /tmp/tmp.6DDiLFbZd0/experiment-work/lazy [0] to /tmp/tmp.6DDiLFbZd0/experiment-work/libmany.so [0]: normal symbol `probe_3466'
   1934503:	binding file /tmp/tmp.6DDiLFbZd0/experiment-work/lazy [0] to /tmp/tmp.6DDiLFbZd0/experiment-work/libmany.so [0]: normal symbol `probe_3467'
   1934503:	binding file /tmp/tmp.6DDiLFbZd0/experiment-work/lazy [0] to /tmp/tmp.6DDiLFbZd0/experiment-work/libmany.so [0]: normal symbol `probe_3468'
   1934503:	binding file /tmp/tmp.6DDiLFbZd0/experiment-work/lazy [0] to /tmp/tmp.6DDiLFbZd0/experiment-work/libmany.so [0]: normal symbol `probe_3469'
   1934503:	binding file /tmp/tmp.6DDiLFbZd0/experiment-work/lazy [0] to /tmp/tmp.6DDiLFbZd0/experiment-work/libmany.so [0]: normal symbol `probe_3470'
   1934503:	binding file /tmp/tmp.6DDiLFbZd0/experiment-work/lazy [0] to /tmp/tmp.6DDiLFbZd0/experiment-work/libmany.so [0]: normal symbol `probe_3471'
   1934503:	binding file /tmp/tmp.6DDiLFbZd0/experiment-work/lazy [0] to /tmp/tmp.6DDiLFbZd0/experiment-work/libmany.so [0]: normal symbol `probe_3472'
   1934503:	binding file /tmp/tmp.6DDiLFbZd0/experiment-work/lazy [0] to /tmp/tmp.6DDiLFbZd0/experiment-work/libmany.so [0]: normal symbol `probe_3473'
   1934503:	binding file /tmp/tmp.6DDiLFbZd0/experiment-work/lazy [0] to /tmp/tmp.6DDiLFbZd0/experiment-work/libmany.so [0]: normal symbol `probe_3474'
   1934503:	binding file /tmp/tmp.6DDiLFbZd0/experiment-work/lazy [0] to /tmp/tmp.6DDiLFbZd0/experiment-work/libmany.so [0]: normal symbol `probe_3475'
   1934503:	binding file /tmp/tmp.6DDiLFbZd0/experiment-work/lazy [0] to /tmp/tmp.6DDiLFbZd0/experiment-work/libmany.so [0]: normal symbol `probe_3476'
   1934503:	binding file /tmp/tmp.6DDiLFbZd0/experiment-work/lazy [0] to /tmp/tmp.6DDiLFbZd0/experiment-work/libmany.so [0]: normal symbol `probe_3477'
   1934503:	binding file /tmp/tmp.6DDiLFbZd0/experiment-work/lazy [0] to /tmp/tmp.6DDiLFbZd0/experiment-work/libmany.so [0]: normal symbol `probe_3478'
   1934503:	binding file /tmp/tmp.6DDiLFbZd0/experiment-work/lazy [0] to /tmp/tmp.6DDiLFbZd0/experiment-work/libmany.so [0]: normal symbol `probe_3479'
   1934503:	binding file /tmp/tmp.6DDiLFbZd0/experiment-work/lazy [0] to /tmp/tmp.6DDiLFbZd0/experiment-work/libmany.so [0]: normal symbol `probe_3480'
   1934503:	binding file /tmp/tmp.6DDiLFbZd0/experiment-work/lazy [0] to /tmp/tmp.6DDiLFbZd0/experiment-work/libmany.so [0]: normal symbol `probe_3481'
   1934503:	binding file /tmp/tmp.6DDiLFbZd0/experiment-work/lazy [0] to /tmp/tmp.6DDiLFbZd0/experiment-work/libmany.so [0]: normal symbol `probe_3482'
   1934503:	binding file /tmp/tmp.6DDiLFbZd0/experiment-work/lazy [0] to /tmp/tmp.6DDiLFbZd0/experiment-work/libmany.so [0]: normal symbol `probe_3483'
   1934503:	binding file /tmp/tmp.6DDiLFbZd0/experiment-work/lazy [0] to /tmp/tmp.6DDiLFbZd0/experiment-work/libmany.so [0]: normal symbol `probe_3484'
   1934503:	binding file /tmp/tmp.6DDiLFbZd0/experiment-work/lazy [0] to /tmp/tmp.6DDiLFbZd0/experiment-work/libmany.so [0]: normal symbol `probe_3485'
   1934503:	binding file /tmp/tmp.6DDiLFbZd0/experiment-work/lazy [0] to /tmp/tmp.6DDiLFbZd0/experiment-work/libmany.so [0]: normal symbol `probe_3486'
   1934503:	binding file /tmp/tmp.6DDiLFbZd0/experiment-work/lazy [0] to /tmp/tmp.6DDiLFbZd0/experiment-work/libmany.so [0]: normal symbol `probe_3487'
   1934503:	binding file /tmp/tmp.6DDiLFbZd0/experiment-work/lazy [0] to /tmp/tmp.6DDiLFbZd0/experiment-work/libmany.so [0]: normal symbol `probe_3488'
   1934503:	binding file /tmp/tmp.6DDiLFbZd0/experiment-work/lazy [0] to /tmp/tmp.6DDiLFbZd0/experiment-work/libmany.so [0]: normal symbol `probe_3489'
   1934503:	binding file /tmp/tmp.6DDiLFbZd0/experiment-work/lazy [0] to /tmp/tmp.6DDiLFbZd0/experiment-work/libmany.so [0]: normal symbol `probe_3490'
   1934503:	binding file /tmp/tmp.6DDiLFbZd0/experiment-work/lazy [0] to /tmp/tmp.6DDiLFbZd0/experiment-work/libmany.so [0]: normal symbol `probe_3491'
   1934503:	binding file /tmp/tmp.6DDiLFbZd0/experiment-work/lazy [0] to /tmp/tmp.6DDiLFbZd0/experiment-work/libmany.so [0]: normal symbol `probe_3492'
   1934503:	binding file /tmp/tmp.6DDiLFbZd0/experiment-work/lazy [0] to /tmp/tmp.6DDiLFbZd0/experiment-work/libmany.so [0]: normal symbol `probe_3493'
   1934503:	binding file /tmp/tmp.6DDiLFbZd0/experiment-work/lazy [0] to /tmp/tmp.6DDiLFbZd0/experiment-work/libmany.so [0]: normal symbol `probe_3494'
   1934503:	binding file /tmp/tmp.6DDiLFbZd0/experiment-work/lazy [0] to /tmp/tmp.6DDiLFbZd0/experiment-work/libmany.so [0]: normal symbol `probe_3495'
   1934503:	binding file /tmp/tmp.6DDiLFbZd0/experiment-work/lazy [0] to /tmp/tmp.6DDiLFbZd0/experiment-work/libmany.so [0]: normal symbol `probe_3496'
   1934503:	binding file /tmp/tmp.6DDiLFbZd0/experiment-work/lazy [0] to /tmp/tmp.6DDiLFbZd0/experiment-work/libmany.so [0]: normal symbol `probe_3497'
   1934503:	binding file /tmp/tmp.6DDiLFbZd0/experiment-work/lazy [0] to /tmp/tmp.6DDiLFbZd0/experiment-work/libmany.so [0]: normal symbol `probe_3498'
   1934503:	binding file /tmp/tmp.6DDiLFbZd0/experiment-work/lazy [0] to /tmp/tmp.6DDiLFbZd0/experiment-work/libmany.so [0]: normal symbol `probe_3499'
   1934503:	binding file /tmp/tmp.6DDiLFbZd0/experiment-work/lazy [0] to /tmp/tmp.6DDiLFbZd0/experiment-work/libmany.so [0]: normal symbol `probe_3500'
   1934503:	binding file /tmp/tmp.6DDiLFbZd0/experiment-work/lazy [0] to /tmp/tmp.6DDiLFbZd0/experiment-work/libmany.so [0]: normal symbol `probe_3501'
   1934503:	binding file /tmp/tmp.6DDiLFbZd0/experiment-work/lazy [0] to /tmp/tmp.6DDiLFbZd0/experiment-work/libmany.so [0]: normal symbol `probe_3502'
   1934503:	binding file /tmp/tmp.6DDiLFbZd0/experiment-work/lazy [0] to /tmp/tmp.6DDiLFbZd0/experiment-work/libmany.so [0]: normal symbol `probe_3503'
   1934503:	binding file /tmp/tmp.6DDiLFbZd0/experiment-work/lazy [0] to /tmp/tmp.6DDiLFbZd0/experiment-work/libmany.so [0]: normal symbol `probe_3504'
   1934503:	binding file /tmp/tmp.6DDiLFbZd0/experiment-work/lazy [0] to /tmp/tmp.6DDiLFbZd0/experiment-work/libmany.so [0]: normal symbol `probe_3505'
   1934503:	binding file /tmp/tmp.6DDiLFbZd0/experiment-work/lazy [0] to /tmp/tmp.6DDiLFbZd0/experiment-work/libmany.so [0]: normal symbol `probe_3506'
   1934503:	binding file /tmp/tmp.6DDiLFbZd0/experiment-work/lazy [0] to /tmp/tmp.6DDiLFbZd0/experiment-work/libmany.so [0]: normal symbol `probe_3507'
   1934503:	binding file /tmp/tmp.6DDiLFbZd0/experiment-work/lazy [0] to /tmp/tmp.6DDiLFbZd0/experiment-work/libmany.so [0]: normal symbol `probe_3508'
   1934503:	binding file /tmp/tmp.6DDiLFbZd0/experiment-work/lazy [0] to /tmp/tmp.6DDiLFbZd0/experiment-work/libmany.so [0]: normal symbol `probe_3509'
   1934503:	binding file /tmp/tmp.6DDiLFbZd0/experiment-work/lazy [0] to /tmp/tmp.6DDiLFbZd0/experiment-work/libmany.so [0]: normal symbol `probe_3510'
   1934503:	binding file /tmp/tmp.6DDiLFbZd0/experiment-work/lazy [0] to /tmp/tmp.6DDiLFbZd0/experiment-work/libmany.so [0]: normal symbol `probe_3511'
   1934503:	binding file /tmp/tmp.6DDiLFbZd0/experiment-work/lazy [0] to /tmp/tmp.6DDiLFbZd0/experiment-work/libmany.so [0]: normal symbol `probe_3512'
   1934503:	binding file /tmp/tmp.6DDiLFbZd0/experiment-work/lazy [0] to /tmp/tmp.6DDiLFbZd0/experiment-work/libmany.so [0]: normal symbol `probe_3513'
   1934503:	binding file /tmp/tmp.6DDiLFbZd0/experiment-work/lazy [0] to /tmp/tmp.6DDiLFbZd0/experiment-work/libmany.so [0]: normal symbol `probe_3514'
   1934503:	binding file /tmp/tmp.6DDiLFbZd0/experiment-work/lazy [0] to /tmp/tmp.6DDiLFbZd0/experiment-work/libmany.so [0]: normal symbol `probe_3515'
   1934503:	binding file /tmp/tmp.6DDiLFbZd0/experiment-work/lazy [0] to /tmp/tmp.6DDiLFbZd0/experiment-work/libmany.so [0]: normal symbol `probe_3516'
   1934503:	binding file /tmp/tmp.6DDiLFbZd0/experiment-work/lazy [0] to /tmp/tmp.6DDiLFbZd0/experiment-work/libmany.so [0]: normal symbol `probe_3517'
   1934503:	binding file /tmp/tmp.6DDiLFbZd0/experiment-work/lazy [0] to /tmp/tmp.6DDiLFbZd0/experiment-work/libmany.so [0]: normal symbol `probe_3518'
   1934503:	binding file /tmp/tmp.6DDiLFbZd0/experiment-work/lazy [0] to /tmp/tmp.6DDiLFbZd0/experiment-work/libmany.so [0]: normal symbol `probe_3519'
   1934503:	binding file /tmp/tmp.6DDiLFbZd0/experiment-work/lazy [0] to /tmp/tmp.6DDiLFbZd0/experiment-work/libmany.so [0]: normal symbol `probe_3520'
   1934503:	binding file /tmp/tmp.6DDiLFbZd0/experiment-work/lazy [0] to /tmp/tmp.6DDiLFbZd0/experiment-work/libmany.so [0]: normal symbol `probe_3521'
   1934503:	binding file /tmp/tmp.6DDiLFbZd0/experiment-work/lazy [0] to /tmp/tmp.6DDiLFbZd0/experiment-work/libmany.so [0]: normal symbol `probe_3522'
   1934503:	binding file /tmp/tmp.6DDiLFbZd0/experiment-work/lazy [0] to /tmp/tmp.6DDiLFbZd0/experiment-work/libmany.so [0]: normal symbol `probe_3523'
   1934503:	binding file /tmp/tmp.6DDiLFbZd0/experiment-work/lazy [0] to /tmp/tmp.6DDiLFbZd0/experiment-work/libmany.so [0]: normal symbol `probe_3524'
   1934503:	binding file /tmp/tmp.6DDiLFbZd0/experiment-work/lazy [0] to /tmp/tmp.6DDiLFbZd0/experiment-work/libmany.so [0]: normal symbol `probe_3525'
   1934503:	binding file /tmp/tmp.6DDiLFbZd0/experiment-work/lazy [0] to /tmp/tmp.6DDiLFbZd0/experiment-work/libmany.so [0]: normal symbol `probe_3526'
   1934503:	binding file /tmp/tmp.6DDiLFbZd0/experiment-work/lazy [0] to /tmp/tmp.6DDiLFbZd0/experiment-work/libmany.so [0]: normal symbol `probe_3527'
   1934503:	binding file /tmp/tmp.6DDiLFbZd0/experiment-work/lazy [0] to /tmp/tmp.6DDiLFbZd0/experiment-work/libmany.so [0]: normal symbol `probe_3528'
   1934503:	binding file /tmp/tmp.6DDiLFbZd0/experiment-work/lazy [0] to /tmp/tmp.6DDiLFbZd0/experiment-work/libmany.so [0]: normal symbol `probe_3529'
   1934503:	binding file /tmp/tmp.6DDiLFbZd0/experiment-work/lazy [0] to /tmp/tmp.6DDiLFbZd0/experiment-work/libmany.so [0]: normal symbol `probe_3530'
   1934503:	binding file /tmp/tmp.6DDiLFbZd0/experiment-work/lazy [0] to /tmp/tmp.6DDiLFbZd0/experiment-work/libmany.so [0]: normal symbol `probe_3531'
   1934503:	binding file /tmp/tmp.6DDiLFbZd0/experiment-work/lazy [0] to /tmp/tmp.6DDiLFbZd0/experiment-work/libmany.so [0]: normal symbol `probe_3532'
   1934503:	binding file /tmp/tmp.6DDiLFbZd0/experiment-work/lazy [0] to /tmp/tmp.6DDiLFbZd0/experiment-work/libmany.so [0]: normal symbol `probe_3533'
   1934503:	binding file /tmp/tmp.6DDiLFbZd0/experiment-work/lazy [0] to /tmp/tmp.6DDiLFbZd0/experiment-work/libmany.so [0]: normal symbol `probe_3534'
   1934503:	binding file /tmp/tmp.6DDiLFbZd0/experiment-work/lazy [0] to /tmp/tmp.6DDiLFbZd0/experiment-work/libmany.so [0]: normal symbol `probe_3535'
   1934503:	binding file /tmp/tmp.6DDiLFbZd0/experiment-work/lazy [0] to /tmp/tmp.6DDiLFbZd0/experiment-work/libmany.so [0]: normal symbol `probe_3536'
   1934503:	binding file /tmp/tmp.6DDiLFbZd0/experiment-work/lazy [0] to /tmp/tmp.6DDiLFbZd0/experiment-work/libmany.so [0]: normal symbol `probe_3537'
   1934503:	binding file /tmp/tmp.6DDiLFbZd0/experiment-work/lazy [0] to /tmp/tmp.6DDiLFbZd0/experiment-work/libmany.so [0]: normal symbol `probe_3538'
   1934503:	binding file /tmp/tmp.6DDiLFbZd0/experiment-work/lazy [0] to /tmp/tmp.6DDiLFbZd0/experiment-work/libmany.so [0]: normal symbol `probe_3539'
   1934503:	binding file /tmp/tmp.6DDiLFbZd0/experiment-work/lazy [0] to /tmp/tmp.6DDiLFbZd0/experiment-work/libmany.so [0]: normal symbol `probe_3540'
   1934503:	binding file /tmp/tmp.6DDiLFbZd0/experiment-work/lazy [0] to /tmp/tmp.6DDiLFbZd0/experiment-work/libmany.so [0]: normal symbol `probe_3541'
   1934503:	binding file /tmp/tmp.6DDiLFbZd0/experiment-work/lazy [0] to /tmp/tmp.6DDiLFbZd0/experiment-work/libmany.so [0]: normal symbol `probe_3542'
   1934503:	binding file /tmp/tmp.6DDiLFbZd0/experiment-work/lazy [0] to /tmp/tmp.6DDiLFbZd0/experiment-work/libmany.so [0]: normal symbol `probe_3543'
   1934503:	binding file /tmp/tmp.6DDiLFbZd0/experiment-work/lazy [0] to /tmp/tmp.6DDiLFbZd0/experiment-work/libmany.so [0]: normal symbol `probe_3544'
   1934503:	binding file /tmp/tmp.6DDiLFbZd0/experiment-work/lazy [0] to /tmp/tmp.6DDiLFbZd0/experiment-work/libmany.so [0]: normal symbol `probe_3545'
   1934503:	binding file /tmp/tmp.6DDiLFbZd0/experiment-work/lazy [0] to /tmp/tmp.6DDiLFbZd0/experiment-work/libmany.so [0]: normal symbol `probe_3546'
   1934503:	binding file /tmp/tmp.6DDiLFbZd0/experiment-work/lazy [0] to /tmp/tmp.6DDiLFbZd0/experiment-work/libmany.so [0]: normal symbol `probe_3547'
   1934503:	binding file /tmp/tmp.6DDiLFbZd0/experiment-work/lazy [0] to /tmp/tmp.6DDiLFbZd0/experiment-work/libmany.so [0]: normal symbol `probe_3548'
   1934503:	binding file /tmp/tmp.6DDiLFbZd0/experiment-work/lazy [0] to /tmp/tmp.6DDiLFbZd0/experiment-work/libmany.so [0]: normal symbol `probe_3549'
   1934503:	binding file /tmp/tmp.6DDiLFbZd0/experiment-work/lazy [0] to /tmp/tmp.6DDiLFbZd0/experiment-work/libmany.so [0]: normal symbol `probe_3550'
   1934503:	binding file /tmp/tmp.6DDiLFbZd0/experiment-work/lazy [0] to /tmp/tmp.6DDiLFbZd0/experiment-work/libmany.so [0]: normal symbol `probe_3551'
   1934503:	binding file /tmp/tmp.6DDiLFbZd0/experiment-work/lazy [0] to /tmp/tmp.6DDiLFbZd0/experiment-work/libmany.so [0]: normal symbol `probe_3552'
   1934503:	binding file /tmp/tmp.6DDiLFbZd0/experiment-work/lazy [0] to /tmp/tmp.6DDiLFbZd0/experiment-work/libmany.so [0]: normal symbol `probe_3553'
   1934503:	binding file /tmp/tmp.6DDiLFbZd0/experiment-work/lazy [0] to /tmp/tmp.6DDiLFbZd0/experiment-work/libmany.so [0]: normal symbol `probe_3554'
   1934503:	binding file /tmp/tmp.6DDiLFbZd0/experiment-work/lazy [0] to /tmp/tmp.6DDiLFbZd0/experiment-work/libmany.so [0]: normal symbol `probe_3555'
   1934503:	binding file /tmp/tmp.6DDiLFbZd0/experiment-work/lazy [0] to /tmp/tmp.6DDiLFbZd0/experiment-work/libmany.so [0]: normal symbol `probe_3556'
   1934503:	binding file /tmp/tmp.6DDiLFbZd0/experiment-work/lazy [0] to /tmp/tmp.6DDiLFbZd0/experiment-work/libmany.so [0]: normal symbol `probe_3557'
   1934503:	binding file /tmp/tmp.6DDiLFbZd0/experiment-work/lazy [0] to /tmp/tmp.6DDiLFbZd0/experiment-work/libmany.so [0]: normal symbol `probe_3558'
   1934503:	binding file /tmp/tmp.6DDiLFbZd0/experiment-work/lazy [0] to /tmp/tmp.6DDiLFbZd0/experiment-work/libmany.so [0]: normal symbol `probe_3559'
   1934503:	binding file /tmp/tmp.6DDiLFbZd0/experiment-work/lazy [0] to /tmp/tmp.6DDiLFbZd0/experiment-work/libmany.so [0]: normal symbol `probe_3560'
   1934503:	binding file /tmp/tmp.6DDiLFbZd0/experiment-work/lazy [0] to /tmp/tmp.6DDiLFbZd0/experiment-work/libmany.so [0]: normal symbol `probe_3561'
   1934503:	binding file /tmp/tmp.6DDiLFbZd0/experiment-work/lazy [0] to /tmp/tmp.6DDiLFbZd0/experiment-work/libmany.so [0]: normal symbol `probe_3562'
   1934503:	binding file /tmp/tmp.6DDiLFbZd0/experiment-work/lazy [0] to /tmp/tmp.6DDiLFbZd0/experiment-work/libmany.so [0]: normal symbol `probe_3563'
   1934503:	binding file /tmp/tmp.6DDiLFbZd0/experiment-work/lazy [0] to /tmp/tmp.6DDiLFbZd0/experiment-work/libmany.so [0]: normal symbol `probe_3564'
   1934503:	binding file /tmp/tmp.6DDiLFbZd0/experiment-work/lazy [0] to /tmp/tmp.6DDiLFbZd0/experiment-work/libmany.so [0]: normal symbol `probe_3565'
   1934503:	binding file /tmp/tmp.6DDiLFbZd0/experiment-work/lazy [0] to /tmp/tmp.6DDiLFbZd0/experiment-work/libmany.so [0]: normal symbol `probe_3566'
   1934503:	binding file /tmp/tmp.6DDiLFbZd0/experiment-work/lazy [0] to /tmp/tmp.6DDiLFbZd0/experiment-work/libmany.so [0]: normal symbol `probe_3567'
   1934503:	binding file /tmp/tmp.6DDiLFbZd0/experiment-work/lazy [0] to /tmp/tmp.6DDiLFbZd0/experiment-work/libmany.so [0]: normal symbol `probe_3568'
   1934503:	binding file /tmp/tmp.6DDiLFbZd0/experiment-work/lazy [0] to /tmp/tmp.6DDiLFbZd0/experiment-work/libmany.so [0]: normal symbol `probe_3569'
   1934503:	binding file /tmp/tmp.6DDiLFbZd0/experiment-work/lazy [0] to /tmp/tmp.6DDiLFbZd0/experiment-work/libmany.so [0]: normal symbol `probe_3570'
   1934503:	binding file /tmp/tmp.6DDiLFbZd0/experiment-work/lazy [0] to /tmp/tmp.6DDiLFbZd0/experiment-work/libmany.so [0]: normal symbol `probe_3571'
   1934503:	binding file /tmp/tmp.6DDiLFbZd0/experiment-work/lazy [0] to /tmp/tmp.6DDiLFbZd0/experiment-work/libmany.so [0]: normal symbol `probe_3572'
   1934503:	binding file /tmp/tmp.6DDiLFbZd0/experiment-work/lazy [0] to /tmp/tmp.6DDiLFbZd0/experiment-work/libmany.so [0]: normal symbol `probe_3573'
   1934503:	binding file /tmp/tmp.6DDiLFbZd0/experiment-work/lazy [0] to /tmp/tmp.6DDiLFbZd0/experiment-work/libmany.so [0]: normal symbol `probe_3574'
   1934503:	binding file /tmp/tmp.6DDiLFbZd0/experiment-work/lazy [0] to /tmp/tmp.6DDiLFbZd0/experiment-work/libmany.so [0]: normal symbol `probe_3575'
   1934503:	binding file /tmp/tmp.6DDiLFbZd0/experiment-work/lazy [0] to /tmp/tmp.6DDiLFbZd0/experiment-work/libmany.so [0]: normal symbol `probe_3576'
   1934503:	binding file /tmp/tmp.6DDiLFbZd0/experiment-work/lazy [0] to /tmp/tmp.6DDiLFbZd0/experiment-work/libmany.so [0]: normal symbol `probe_3577'
   1934503:	binding file /tmp/tmp.6DDiLFbZd0/experiment-work/lazy [0] to /tmp/tmp.6DDiLFbZd0/experiment-work/libmany.so [0]: normal symbol `probe_3578'
   1934503:	binding file /tmp/tmp.6DDiLFbZd0/experiment-work/lazy [0] to /tmp/tmp.6DDiLFbZd0/experiment-work/libmany.so [0]: normal symbol `probe_3579'
   1934503:	binding file /tmp/tmp.6DDiLFbZd0/experiment-work/lazy [0] to /tmp/tmp.6DDiLFbZd0/experiment-work/libmany.so [0]: normal symbol `probe_3580'
   1934503:	binding file /tmp/tmp.6DDiLFbZd0/experiment-work/lazy [0] to /tmp/tmp.6DDiLFbZd0/experiment-work/libmany.so [0]: normal symbol `probe_3581'
   1934503:	binding file /tmp/tmp.6DDiLFbZd0/experiment-work/lazy [0] to /tmp/tmp.6DDiLFbZd0/experiment-work/libmany.so [0]: normal symbol `probe_3582'
   1934503:	binding file /tmp/tmp.6DDiLFbZd0/experiment-work/lazy [0] to /tmp/tmp.6DDiLFbZd0/experiment-work/libmany.so [0]: normal symbol `probe_3583'
   1934503:	binding file /tmp/tmp.6DDiLFbZd0/experiment-work/lazy [0] to /tmp/tmp.6DDiLFbZd0/experiment-work/libmany.so [0]: normal symbol `probe_3584'
   1934503:	binding file /tmp/tmp.6DDiLFbZd0/experiment-work/lazy [0] to /tmp/tmp.6DDiLFbZd0/experiment-work/libmany.so [0]: normal symbol `probe_3585'
   1934503:	binding file /tmp/tmp.6DDiLFbZd0/experiment-work/lazy [0] to /tmp/tmp.6DDiLFbZd0/experiment-work/libmany.so [0]: normal symbol `probe_3586'
   1934503:	binding file /tmp/tmp.6DDiLFbZd0/experiment-work/lazy [0] to /tmp/tmp.6DDiLFbZd0/experiment-work/libmany.so [0]: normal symbol `probe_3587'
   1934503:	binding file /tmp/tmp.6DDiLFbZd0/experiment-work/lazy [0] to /tmp/tmp.6DDiLFbZd0/experiment-work/libmany.so [0]: normal symbol `probe_3588'
   1934503:	binding file /tmp/tmp.6DDiLFbZd0/experiment-work/lazy [0] to /tmp/tmp.6DDiLFbZd0/experiment-work/libmany.so [0]: normal symbol `probe_3589'
   1934503:	binding file /tmp/tmp.6DDiLFbZd0/experiment-work/lazy [0] to /tmp/tmp.6DDiLFbZd0/experiment-work/libmany.so [0]: normal symbol `probe_3590'
   1934503:	binding file /tmp/tmp.6DDiLFbZd0/experiment-work/lazy [0] to /tmp/tmp.6DDiLFbZd0/experiment-work/libmany.so [0]: normal symbol `probe_3591'
   1934503:	binding file /tmp/tmp.6DDiLFbZd0/experiment-work/lazy [0] to /tmp/tmp.6DDiLFbZd0/experiment-work/libmany.so [0]: normal symbol `probe_3592'
   1934503:	binding file /tmp/tmp.6DDiLFbZd0/experiment-work/lazy [0] to /tmp/tmp.6DDiLFbZd0/experiment-work/libmany.so [0]: normal symbol `probe_3593'
   1934503:	binding file /tmp/tmp.6DDiLFbZd0/experiment-work/lazy [0] to /tmp/tmp.6DDiLFbZd0/experiment-work/libmany.so [0]: normal symbol `probe_3594'
   1934503:	binding file /tmp/tmp.6DDiLFbZd0/experiment-work/lazy [0] to /tmp/tmp.6DDiLFbZd0/experiment-work/libmany.so [0]: normal symbol `probe_3595'
   1934503:	binding file /tmp/tmp.6DDiLFbZd0/experiment-work/lazy [0] to /tmp/tmp.6DDiLFbZd0/experiment-work/libmany.so [0]: normal symbol `probe_3596'
   1934503:	binding file /tmp/tmp.6DDiLFbZd0/experiment-work/lazy [0] to /tmp/tmp.6DDiLFbZd0/experiment-work/libmany.so [0]: normal symbol `probe_3597'
   1934503:	binding file /tmp/tmp.6DDiLFbZd0/experiment-work/lazy [0] to /tmp/tmp.6DDiLFbZd0/experiment-work/libmany.so [0]: normal symbol `probe_3598'
   1934503:	binding file /tmp/tmp.6DDiLFbZd0/experiment-work/lazy [0] to /tmp/tmp.6DDiLFbZd0/experiment-work/libmany.so [0]: normal symbol `probe_3599'
   1934503:	binding file /tmp/tmp.6DDiLFbZd0/experiment-work/lazy [0] to /tmp/tmp.6DDiLFbZd0/experiment-work/libmany.so [0]: normal symbol `probe_3600'
   1934503:	binding file /tmp/tmp.6DDiLFbZd0/experiment-work/lazy [0] to /tmp/tmp.6DDiLFbZd0/experiment-work/libmany.so [0]: normal symbol `probe_3601'
   1934503:	binding file /tmp/tmp.6DDiLFbZd0/experiment-work/lazy [0] to /tmp/tmp.6DDiLFbZd0/experiment-work/libmany.so [0]: normal symbol `probe_3602'
   1934503:	binding file /tmp/tmp.6DDiLFbZd0/experiment-work/lazy [0] to /tmp/tmp.6DDiLFbZd0/experiment-work/libmany.so [0]: normal symbol `probe_3603'
   1934503:	binding file /tmp/tmp.6DDiLFbZd0/experiment-work/lazy [0] to /tmp/tmp.6DDiLFbZd0/experiment-work/libmany.so [0]: normal symbol `probe_3604'
   1934503:	binding file /tmp/tmp.6DDiLFbZd0/experiment-work/lazy [0] to /tmp/tmp.6DDiLFbZd0/experiment-work/libmany.so [0]: normal symbol `probe_3605'
   1934503:	binding file /tmp/tmp.6DDiLFbZd0/experiment-work/lazy [0] to /tmp/tmp.6DDiLFbZd0/experiment-work/libmany.so [0]: normal symbol `probe_3606'
   1934503:	binding file /tmp/tmp.6DDiLFbZd0/experiment-work/lazy [0] to /tmp/tmp.6DDiLFbZd0/experiment-work/libmany.so [0]: normal symbol `probe_3607'
   1934503:	binding file /tmp/tmp.6DDiLFbZd0/experiment-work/lazy [0] to /tmp/tmp.6DDiLFbZd0/experiment-work/libmany.so [0]: normal symbol `probe_3608'
   1934503:	binding file /tmp/tmp.6DDiLFbZd0/experiment-work/lazy [0] to /tmp/tmp.6DDiLFbZd0/experiment-work/libmany.so [0]: normal symbol `probe_3609'
   1934503:	binding file /tmp/tmp.6DDiLFbZd0/experiment-work/lazy [0] to /tmp/tmp.6DDiLFbZd0/experiment-work/libmany.so [0]: normal symbol `probe_3610'
   1934503:	binding file /tmp/tmp.6DDiLFbZd0/experiment-work/lazy [0] to /tmp/tmp.6DDiLFbZd0/experiment-work/libmany.so [0]: normal symbol `probe_3611'
   1934503:	binding file /tmp/tmp.6DDiLFbZd0/experiment-work/lazy [0] to /tmp/tmp.6DDiLFbZd0/experiment-work/libmany.so [0]: normal symbol `probe_3612'
   1934503:	binding file /tmp/tmp.6DDiLFbZd0/experiment-work/lazy [0] to /tmp/tmp.6DDiLFbZd0/experiment-work/libmany.so [0]: normal symbol `probe_3613'
   1934503:	binding file /tmp/tmp.6DDiLFbZd0/experiment-work/lazy [0] to /tmp/tmp.6DDiLFbZd0/experiment-work/libmany.so [0]: normal symbol `probe_3614'
   1934503:	binding file /tmp/tmp.6DDiLFbZd0/experiment-work/lazy [0] to /tmp/tmp.6DDiLFbZd0/experiment-work/libmany.so [0]: normal symbol `probe_3615'
   1934503:	binding file /tmp/tmp.6DDiLFbZd0/experiment-work/lazy [0] to /tmp/tmp.6DDiLFbZd0/experiment-work/libmany.so [0]: normal symbol `probe_3616'
   1934503:	binding file /tmp/tmp.6DDiLFbZd0/experiment-work/lazy [0] to /tmp/tmp.6DDiLFbZd0/experiment-work/libmany.so [0]: normal symbol `probe_3617'
   1934503:	binding file /tmp/tmp.6DDiLFbZd0/experiment-work/lazy [0] to /tmp/tmp.6DDiLFbZd0/experiment-work/libmany.so [0]: normal symbol `probe_3618'
   1934503:	binding file /tmp/tmp.6DDiLFbZd0/experiment-work/lazy [0] to /tmp/tmp.6DDiLFbZd0/experiment-work/libmany.so [0]: normal symbol `probe_3619'
   1934503:	binding file /tmp/tmp.6DDiLFbZd0/experiment-work/lazy [0] to /tmp/tmp.6DDiLFbZd0/experiment-work/libmany.so [0]: normal symbol `probe_3620'
   1934503:	binding file /tmp/tmp.6DDiLFbZd0/experiment-work/lazy [0] to /tmp/tmp.6DDiLFbZd0/experiment-work/libmany.so [0]: normal symbol `probe_3621'
   1934503:	binding file /tmp/tmp.6DDiLFbZd0/experiment-work/lazy [0] to /tmp/tmp.6DDiLFbZd0/experiment-work/libmany.so [0]: normal symbol `probe_3622'
   1934503:	binding file /tmp/tmp.6DDiLFbZd0/experiment-work/lazy [0] to /tmp/tmp.6DDiLFbZd0/experiment-work/libmany.so [0]: normal symbol `probe_3623'
   1934503:	binding file /tmp/tmp.6DDiLFbZd0/experiment-work/lazy [0] to /tmp/tmp.6DDiLFbZd0/experiment-work/libmany.so [0]: normal symbol `probe_3624'
   1934503:	binding file /tmp/tmp.6DDiLFbZd0/experiment-work/lazy [0] to /tmp/tmp.6DDiLFbZd0/experiment-work/libmany.so [0]: normal symbol `probe_3625'
   1934503:	binding file /tmp/tmp.6DDiLFbZd0/experiment-work/lazy [0] to /tmp/tmp.6DDiLFbZd0/experiment-work/libmany.so [0]: normal symbol `probe_3626'
   1934503:	binding file /tmp/tmp.6DDiLFbZd0/experiment-work/lazy [0] to /tmp/tmp.6DDiLFbZd0/experiment-work/libmany.so [0]: normal symbol `probe_3627'
   1934503:	binding file /tmp/tmp.6DDiLFbZd0/experiment-work/lazy [0] to /tmp/tmp.6DDiLFbZd0/experiment-work/libmany.so [0]: normal symbol `probe_3628'
   1934503:	binding file /tmp/tmp.6DDiLFbZd0/experiment-work/lazy [0] to /tmp/tmp.6DDiLFbZd0/experiment-work/libmany.so [0]: normal symbol `probe_3629'
   1934503:	binding file /tmp/tmp.6DDiLFbZd0/experiment-work/lazy [0] to /tmp/tmp.6DDiLFbZd0/experiment-work/libmany.so [0]: normal symbol `probe_3630'
   1934503:	binding file /tmp/tmp.6DDiLFbZd0/experiment-work/lazy [0] to /tmp/tmp.6DDiLFbZd0/experiment-work/libmany.so [0]: normal symbol `probe_3631'
   1934503:	binding file /tmp/tmp.6DDiLFbZd0/experiment-work/lazy [0] to /tmp/tmp.6DDiLFbZd0/experiment-work/libmany.so [0]: normal symbol `probe_3632'
   1934503:	binding file /tmp/tmp.6DDiLFbZd0/experiment-work/lazy [0] to /tmp/tmp.6DDiLFbZd0/experiment-work/libmany.so [0]: normal symbol `probe_3633'
   1934503:	binding file /tmp/tmp.6DDiLFbZd0/experiment-work/lazy [0] to /tmp/tmp.6DDiLFbZd0/experiment-work/libmany.so [0]: normal symbol `probe_3634'
   1934503:	binding file /tmp/tmp.6DDiLFbZd0/experiment-work/lazy [0] to /tmp/tmp.6DDiLFbZd0/experiment-work/libmany.so [0]: normal symbol `probe_3635'
   1934503:	binding file /tmp/tmp.6DDiLFbZd0/experiment-work/lazy [0] to /tmp/tmp.6DDiLFbZd0/experiment-work/libmany.so [0]: normal symbol `probe_3636'
   1934503:	binding file /tmp/tmp.6DDiLFbZd0/experiment-work/lazy [0] to /tmp/tmp.6DDiLFbZd0/experiment-work/libmany.so [0]: normal symbol `probe_3637'
   1934503:	binding file /tmp/tmp.6DDiLFbZd0/experiment-work/lazy [0] to /tmp/tmp.6DDiLFbZd0/experiment-work/libmany.so [0]: normal symbol `probe_3638'
   1934503:	binding file /tmp/tmp.6DDiLFbZd0/experiment-work/lazy [0] to /tmp/tmp.6DDiLFbZd0/experiment-work/libmany.so [0]: normal symbol `probe_3639'
   1934503:	binding file /tmp/tmp.6DDiLFbZd0/experiment-work/lazy [0] to /tmp/tmp.6DDiLFbZd0/experiment-work/libmany.so [0]: normal symbol `probe_3640'
   1934503:	binding file /tmp/tmp.6DDiLFbZd0/experiment-work/lazy [0] to /tmp/tmp.6DDiLFbZd0/experiment-work/libmany.so [0]: normal symbol `probe_3641'
   1934503:	binding file /tmp/tmp.6DDiLFbZd0/experiment-work/lazy [0] to /tmp/tmp.6DDiLFbZd0/experiment-work/libmany.so [0]: normal symbol `probe_3642'
   1934503:	binding file /tmp/tmp.6DDiLFbZd0/experiment-work/lazy [0] to /tmp/tmp.6DDiLFbZd0/experiment-work/libmany.so [0]: normal symbol `probe_3643'
   1934503:	binding file /tmp/tmp.6DDiLFbZd0/experiment-work/lazy [0] to /tmp/tmp.6DDiLFbZd0/experiment-work/libmany.so [0]: normal symbol `probe_3644'
   1934503:	binding file /tmp/tmp.6DDiLFbZd0/experiment-work/lazy [0] to /tmp/tmp.6DDiLFbZd0/experiment-work/libmany.so [0]: normal symbol `probe_3645'
   1934503:	binding file /tmp/tmp.6DDiLFbZd0/experiment-work/lazy [0] to /tmp/tmp.6DDiLFbZd0/experiment-work/libmany.so [0]: normal symbol `probe_3646'
   1934503:	binding file /tmp/tmp.6DDiLFbZd0/experiment-work/lazy [0] to /tmp/tmp.6DDiLFbZd0/experiment-work/libmany.so [0]: normal symbol `probe_3647'
   1934503:	binding file /tmp/tmp.6DDiLFbZd0/experiment-work/lazy [0] to /tmp/tmp.6DDiLFbZd0/experiment-work/libmany.so [0]: normal symbol `probe_3648'
   1934503:	binding file /tmp/tmp.6DDiLFbZd0/experiment-work/lazy [0] to /tmp/tmp.6DDiLFbZd0/experiment-work/libmany.so [0]: normal symbol `probe_3649'
   1934503:	binding file /tmp/tmp.6DDiLFbZd0/experiment-work/lazy [0] to /tmp/tmp.6DDiLFbZd0/experiment-work/libmany.so [0]: normal symbol `probe_3650'
   1934503:	binding file /tmp/tmp.6DDiLFbZd0/experiment-work/lazy [0] to /tmp/tmp.6DDiLFbZd0/experiment-work/libmany.so [0]: normal symbol `probe_3651'
   1934503:	binding file /tmp/tmp.6DDiLFbZd0/experiment-work/lazy [0] to /tmp/tmp.6DDiLFbZd0/experiment-work/libmany.so [0]: normal symbol `probe_3652'
   1934503:	binding file /tmp/tmp.6DDiLFbZd0/experiment-work/lazy [0] to /tmp/tmp.6DDiLFbZd0/experiment-work/libmany.so [0]: normal symbol `probe_3653'
   1934503:	binding file /tmp/tmp.6DDiLFbZd0/experiment-work/lazy [0] to /tmp/tmp.6DDiLFbZd0/experiment-work/libmany.so [0]: normal symbol `probe_3654'
   1934503:	binding file /tmp/tmp.6DDiLFbZd0/experiment-work/lazy [0] to /tmp/tmp.6DDiLFbZd0/experiment-work/libmany.so [0]: normal symbol `probe_3655'
   1934503:	binding file /tmp/tmp.6DDiLFbZd0/experiment-work/lazy [0] to /tmp/tmp.6DDiLFbZd0/experiment-work/libmany.so [0]: normal symbol `probe_3656'
   1934503:	binding file /tmp/tmp.6DDiLFbZd0/experiment-work/lazy [0] to /tmp/tmp.6DDiLFbZd0/experiment-work/libmany.so [0]: normal symbol `probe_3657'
   1934503:	binding file /tmp/tmp.6DDiLFbZd0/experiment-work/lazy [0] to /tmp/tmp.6DDiLFbZd0/experiment-work/libmany.so [0]: normal symbol `probe_3658'
   1934503:	binding file /tmp/tmp.6DDiLFbZd0/experiment-work/lazy [0] to /tmp/tmp.6DDiLFbZd0/experiment-work/libmany.so [0]: normal symbol `probe_3659'
   1934503:	binding file /tmp/tmp.6DDiLFbZd0/experiment-work/lazy [0] to /tmp/tmp.6DDiLFbZd0/experiment-work/libmany.so [0]: normal symbol `probe_3660'
   1934503:	binding file /tmp/tmp.6DDiLFbZd0/experiment-work/lazy [0] to /tmp/tmp.6DDiLFbZd0/experiment-work/libmany.so [0]: normal symbol `probe_3661'
   1934503:	binding file /tmp/tmp.6DDiLFbZd0/experiment-work/lazy [0] to /tmp/tmp.6DDiLFbZd0/experiment-work/libmany.so [0]: normal symbol `probe_3662'
   1934503:	binding file /tmp/tmp.6DDiLFbZd0/experiment-work/lazy [0] to /tmp/tmp.6DDiLFbZd0/experiment-work/libmany.so [0]: normal symbol `probe_3663'
   1934503:	binding file /tmp/tmp.6DDiLFbZd0/experiment-work/lazy [0] to /tmp/tmp.6DDiLFbZd0/experiment-work/libmany.so [0]: normal symbol `probe_3664'
   1934503:	binding file /tmp/tmp.6DDiLFbZd0/experiment-work/lazy [0] to /tmp/tmp.6DDiLFbZd0/experiment-work/libmany.so [0]: normal symbol `probe_3665'
   1934503:	binding file /tmp/tmp.6DDiLFbZd0/experiment-work/lazy [0] to /tmp/tmp.6DDiLFbZd0/experiment-work/libmany.so [0]: normal symbol `probe_3666'
   1934503:	binding file /tmp/tmp.6DDiLFbZd0/experiment-work/lazy [0] to /tmp/tmp.6DDiLFbZd0/experiment-work/libmany.so [0]: normal symbol `probe_3667'
   1934503:	binding file /tmp/tmp.6DDiLFbZd0/experiment-work/lazy [0] to /tmp/tmp.6DDiLFbZd0/experiment-work/libmany.so [0]: normal symbol `probe_3668'
   1934503:	binding file /tmp/tmp.6DDiLFbZd0/experiment-work/lazy [0] to /tmp/tmp.6DDiLFbZd0/experiment-work/libmany.so [0]: normal symbol `probe_3669'
   1934503:	binding file /tmp/tmp.6DDiLFbZd0/experiment-work/lazy [0] to /tmp/tmp.6DDiLFbZd0/experiment-work/libmany.so [0]: normal symbol `probe_3670'
   1934503:	binding file /tmp/tmp.6DDiLFbZd0/experiment-work/lazy [0] to /tmp/tmp.6DDiLFbZd0/experiment-work/libmany.so [0]: normal symbol `probe_3671'
   1934503:	binding file /tmp/tmp.6DDiLFbZd0/experiment-work/lazy [0] to /tmp/tmp.6DDiLFbZd0/experiment-work/libmany.so [0]: normal symbol `probe_3672'
   1934503:	binding file /tmp/tmp.6DDiLFbZd0/experiment-work/lazy [0] to /tmp/tmp.6DDiLFbZd0/experiment-work/libmany.so [0]: normal symbol `probe_3673'
   1934503:	binding file /tmp/tmp.6DDiLFbZd0/experiment-work/lazy [0] to /tmp/tmp.6DDiLFbZd0/experiment-work/libmany.so [0]: normal symbol `probe_3674'
   1934503:	binding file /tmp/tmp.6DDiLFbZd0/experiment-work/lazy [0] to /tmp/tmp.6DDiLFbZd0/experiment-work/libmany.so [0]: normal symbol `probe_3675'
   1934503:	binding file /tmp/tmp.6DDiLFbZd0/experiment-work/lazy [0] to /tmp/tmp.6DDiLFbZd0/experiment-work/libmany.so [0]: normal symbol `probe_3676'
   1934503:	binding file /tmp/tmp.6DDiLFbZd0/experiment-work/lazy [0] to /tmp/tmp.6DDiLFbZd0/experiment-work/libmany.so [0]: normal symbol `probe_3677'
   1934503:	binding file /tmp/tmp.6DDiLFbZd0/experiment-work/lazy [0] to /tmp/tmp.6DDiLFbZd0/experiment-work/libmany.so [0]: normal symbol `probe_3678'
   1934503:	binding file /tmp/tmp.6DDiLFbZd0/experiment-work/lazy [0] to /tmp/tmp.6DDiLFbZd0/experiment-work/libmany.so [0]: normal symbol `probe_3679'
   1934503:	binding file /tmp/tmp.6DDiLFbZd0/experiment-work/lazy [0] to /tmp/tmp.6DDiLFbZd0/experiment-work/libmany.so [0]: normal symbol `probe_3680'
   1934503:	binding file /tmp/tmp.6DDiLFbZd0/experiment-work/lazy [0] to /tmp/tmp.6DDiLFbZd0/experiment-work/libmany.so [0]: normal symbol `probe_3681'
   1934503:	binding file /tmp/tmp.6DDiLFbZd0/experiment-work/lazy [0] to /tmp/tmp.6DDiLFbZd0/experiment-work/libmany.so [0]: normal symbol `probe_3682'
   1934503:	binding file /tmp/tmp.6DDiLFbZd0/experiment-work/lazy [0] to /tmp/tmp.6DDiLFbZd0/experiment-work/libmany.so [0]: normal symbol `probe_3683'
   1934503:	binding file /tmp/tmp.6DDiLFbZd0/experiment-work/lazy [0] to /tmp/tmp.6DDiLFbZd0/experiment-work/libmany.so [0]: normal symbol `probe_3684'
   1934503:	binding file /tmp/tmp.6DDiLFbZd0/experiment-work/lazy [0] to /tmp/tmp.6DDiLFbZd0/experiment-work/libmany.so [0]: normal symbol `probe_3685'
   1934503:	binding file /tmp/tmp.6DDiLFbZd0/experiment-work/lazy [0] to /tmp/tmp.6DDiLFbZd0/experiment-work/libmany.so [0]: normal symbol `probe_3686'
   1934503:	binding file /tmp/tmp.6DDiLFbZd0/experiment-work/lazy [0] to /tmp/tmp.6DDiLFbZd0/experiment-work/libmany.so [0]: normal symbol `probe_3687'
   1934503:	binding file /tmp/tmp.6DDiLFbZd0/experiment-work/lazy [0] to /tmp/tmp.6DDiLFbZd0/experiment-work/libmany.so [0]: normal symbol `probe_3688'
   1934503:	binding file /tmp/tmp.6DDiLFbZd0/experiment-work/lazy [0] to /tmp/tmp.6DDiLFbZd0/experiment-work/libmany.so [0]: normal symbol `probe_3689'
   1934503:	binding file /tmp/tmp.6DDiLFbZd0/experiment-work/lazy [0] to /tmp/tmp.6DDiLFbZd0/experiment-work/libmany.so [0]: normal symbol `probe_3690'
   1934503:	binding file /tmp/tmp.6DDiLFbZd0/experiment-work/lazy [0] to /tmp/tmp.6DDiLFbZd0/experiment-work/libmany.so [0]: normal symbol `probe_3691'
   1934503:	binding file /tmp/tmp.6DDiLFbZd0/experiment-work/lazy [0] to /tmp/tmp.6DDiLFbZd0/experiment-work/libmany.so [0]: normal symbol `probe_3692'
   1934503:	binding file /tmp/tmp.6DDiLFbZd0/experiment-work/lazy [0] to /tmp/tmp.6DDiLFbZd0/experiment-work/libmany.so [0]: normal symbol `probe_3693'
   1934503:	binding file /tmp/tmp.6DDiLFbZd0/experiment-work/lazy [0] to /tmp/tmp.6DDiLFbZd0/experiment-work/libmany.so [0]: normal symbol `probe_3694'
   1934503:	binding file /tmp/tmp.6DDiLFbZd0/experiment-work/lazy [0] to /tmp/tmp.6DDiLFbZd0/experiment-work/libmany.so [0]: normal symbol `probe_3695'
   1934503:	binding file /tmp/tmp.6DDiLFbZd0/experiment-work/lazy [0] to /tmp/tmp.6DDiLFbZd0/experiment-work/libmany.so [0]: normal symbol `probe_3696'
   1934503:	binding file /tmp/tmp.6DDiLFbZd0/experiment-work/lazy [0] to /tmp/tmp.6DDiLFbZd0/experiment-work/libmany.so [0]: normal symbol `probe_3697'
   1934503:	binding file /tmp/tmp.6DDiLFbZd0/experiment-work/lazy [0] to /tmp/tmp.6DDiLFbZd0/experiment-work/libmany.so [0]: normal symbol `probe_3698'
   1934503:	binding file /tmp/tmp.6DDiLFbZd0/experiment-work/lazy [0] to /tmp/tmp.6DDiLFbZd0/experiment-work/libmany.so [0]: normal symbol `probe_3699'
   1934503:	binding file /tmp/tmp.6DDiLFbZd0/experiment-work/lazy [0] to /tmp/tmp.6DDiLFbZd0/experiment-work/libmany.so [0]: normal symbol `probe_3700'
   1934503:	binding file /tmp/tmp.6DDiLFbZd0/experiment-work/lazy [0] to /tmp/tmp.6DDiLFbZd0/experiment-work/libmany.so [0]: normal symbol `probe_3701'
   1934503:	binding file /tmp/tmp.6DDiLFbZd0/experiment-work/lazy [0] to /tmp/tmp.6DDiLFbZd0/experiment-work/libmany.so [0]: normal symbol `probe_3702'
   1934503:	binding file /tmp/tmp.6DDiLFbZd0/experiment-work/lazy [0] to /tmp/tmp.6DDiLFbZd0/experiment-work/libmany.so [0]: normal symbol `probe_3703'
   1934503:	binding file /tmp/tmp.6DDiLFbZd0/experiment-work/lazy [0] to /tmp/tmp.6DDiLFbZd0/experiment-work/libmany.so [0]: normal symbol `probe_3704'
   1934503:	binding file /tmp/tmp.6DDiLFbZd0/experiment-work/lazy [0] to /tmp/tmp.6DDiLFbZd0/experiment-work/libmany.so [0]: normal symbol `probe_3705'
   1934503:	binding file /tmp/tmp.6DDiLFbZd0/experiment-work/lazy [0] to /tmp/tmp.6DDiLFbZd0/experiment-work/libmany.so [0]: normal symbol `probe_3706'
   1934503:	binding file /tmp/tmp.6DDiLFbZd0/experiment-work/lazy [0] to /tmp/tmp.6DDiLFbZd0/experiment-work/libmany.so [0]: normal symbol `probe_3707'
   1934503:	binding file /tmp/tmp.6DDiLFbZd0/experiment-work/lazy [0] to /tmp/tmp.6DDiLFbZd0/experiment-work/libmany.so [0]: normal symbol `probe_3708'
   1934503:	binding file /tmp/tmp.6DDiLFbZd0/experiment-work/lazy [0] to /tmp/tmp.6DDiLFbZd0/experiment-work/libmany.so [0]: normal symbol `probe_3709'
   1934503:	binding file /tmp/tmp.6DDiLFbZd0/experiment-work/lazy [0] to /tmp/tmp.6DDiLFbZd0/experiment-work/libmany.so [0]: normal symbol `probe_3710'
   1934503:	binding file /tmp/tmp.6DDiLFbZd0/experiment-work/lazy [0] to /tmp/tmp.6DDiLFbZd0/experiment-work/libmany.so [0]: normal symbol `probe_3711'
   1934503:	binding file /tmp/tmp.6DDiLFbZd0/experiment-work/lazy [0] to /tmp/tmp.6DDiLFbZd0/experiment-work/libmany.so [0]: normal symbol `probe_3712'
   1934503:	binding file /tmp/tmp.6DDiLFbZd0/experiment-work/lazy [0] to /tmp/tmp.6DDiLFbZd0/experiment-work/libmany.so [0]: normal symbol `probe_3713'
   1934503:	binding file /tmp/tmp.6DDiLFbZd0/experiment-work/lazy [0] to /tmp/tmp.6DDiLFbZd0/experiment-work/libmany.so [0]: normal symbol `probe_3714'
   1934503:	binding file /tmp/tmp.6DDiLFbZd0/experiment-work/lazy [0] to /tmp/tmp.6DDiLFbZd0/experiment-work/libmany.so [0]: normal symbol `probe_3715'
   1934503:	binding file /tmp/tmp.6DDiLFbZd0/experiment-work/lazy [0] to /tmp/tmp.6DDiLFbZd0/experiment-work/libmany.so [0]: normal symbol `probe_3716'
   1934503:	binding file /tmp/tmp.6DDiLFbZd0/experiment-work/lazy [0] to /tmp/tmp.6DDiLFbZd0/experiment-work/libmany.so [0]: normal symbol `probe_3717'
   1934503:	binding file /tmp/tmp.6DDiLFbZd0/experiment-work/lazy [0] to /tmp/tmp.6DDiLFbZd0/experiment-work/libmany.so [0]: normal symbol `probe_3718'
   1934503:	binding file /tmp/tmp.6DDiLFbZd0/experiment-work/lazy [0] to /tmp/tmp.6DDiLFbZd0/experiment-work/libmany.so [0]: normal symbol `probe_3719'
   1934503:	binding file /tmp/tmp.6DDiLFbZd0/experiment-work/lazy [0] to /tmp/tmp.6DDiLFbZd0/experiment-work/libmany.so [0]: normal symbol `probe_3720'
   1934503:	binding file /tmp/tmp.6DDiLFbZd0/experiment-work/lazy [0] to /tmp/tmp.6DDiLFbZd0/experiment-work/libmany.so [0]: normal symbol `probe_3721'
   1934503:	binding file /tmp/tmp.6DDiLFbZd0/experiment-work/lazy [0] to /tmp/tmp.6DDiLFbZd0/experiment-work/libmany.so [0]: normal symbol `probe_3722'
   1934503:	binding file /tmp/tmp.6DDiLFbZd0/experiment-work/lazy [0] to /tmp/tmp.6DDiLFbZd0/experiment-work/libmany.so [0]: normal symbol `probe_3723'
   1934503:	binding file /tmp/tmp.6DDiLFbZd0/experiment-work/lazy [0] to /tmp/tmp.6DDiLFbZd0/experiment-work/libmany.so [0]: normal symbol `probe_3724'
   1934503:	binding file /tmp/tmp.6DDiLFbZd0/experiment-work/lazy [0] to /tmp/tmp.6DDiLFbZd0/experiment-work/libmany.so [0]: normal symbol `probe_3725'
   1934503:	binding file /tmp/tmp.6DDiLFbZd0/experiment-work/lazy [0] to /tmp/tmp.6DDiLFbZd0/experiment-work/libmany.so [0]: normal symbol `probe_3726'
   1934503:	binding file /tmp/tmp.6DDiLFbZd0/experiment-work/lazy [0] to /tmp/tmp.6DDiLFbZd0/experiment-work/libmany.so [0]: normal symbol `probe_3727'
   1934503:	binding file /tmp/tmp.6DDiLFbZd0/experiment-work/lazy [0] to /tmp/tmp.6DDiLFbZd0/experiment-work/libmany.so [0]: normal symbol `probe_3728'
   1934503:	binding file /tmp/tmp.6DDiLFbZd0/experiment-work/lazy [0] to /tmp/tmp.6DDiLFbZd0/experiment-work/libmany.so [0]: normal symbol `probe_3729'
   1934503:	binding file /tmp/tmp.6DDiLFbZd0/experiment-work/lazy [0] to /tmp/tmp.6DDiLFbZd0/experiment-work/libmany.so [0]: normal symbol `probe_3730'
   1934503:	binding file /tmp/tmp.6DDiLFbZd0/experiment-work/lazy [0] to /tmp/tmp.6DDiLFbZd0/experiment-work/libmany.so [0]: normal symbol `probe_3731'
   1934503:	binding file /tmp/tmp.6DDiLFbZd0/experiment-work/lazy [0] to /tmp/tmp.6DDiLFbZd0/experiment-work/libmany.so [0]: normal symbol `probe_3732'
   1934503:	binding file /tmp/tmp.6DDiLFbZd0/experiment-work/lazy [0] to /tmp/tmp.6DDiLFbZd0/experiment-work/libmany.so [0]: normal symbol `probe_3733'
   1934503:	binding file /tmp/tmp.6DDiLFbZd0/experiment-work/lazy [0] to /tmp/tmp.6DDiLFbZd0/experiment-work/libmany.so [0]: normal symbol `probe_3734'
   1934503:	binding file /tmp/tmp.6DDiLFbZd0/experiment-work/lazy [0] to /tmp/tmp.6DDiLFbZd0/experiment-work/libmany.so [0]: normal symbol `probe_3735'
   1934503:	binding file /tmp/tmp.6DDiLFbZd0/experiment-work/lazy [0] to /tmp/tmp.6DDiLFbZd0/experiment-work/libmany.so [0]: normal symbol `probe_3736'
   1934503:	binding file /tmp/tmp.6DDiLFbZd0/experiment-work/lazy [0] to /tmp/tmp.6DDiLFbZd0/experiment-work/libmany.so [0]: normal symbol `probe_3737'
   1934503:	binding file /tmp/tmp.6DDiLFbZd0/experiment-work/lazy [0] to /tmp/tmp.6DDiLFbZd0/experiment-work/libmany.so [0]: normal symbol `probe_3738'
   1934503:	binding file /tmp/tmp.6DDiLFbZd0/experiment-work/lazy [0] to /tmp/tmp.6DDiLFbZd0/experiment-work/libmany.so [0]: normal symbol `probe_3739'
   1934503:	binding file /tmp/tmp.6DDiLFbZd0/experiment-work/lazy [0] to /tmp/tmp.6DDiLFbZd0/experiment-work/libmany.so [0]: normal symbol `probe_3740'
   1934503:	binding file /tmp/tmp.6DDiLFbZd0/experiment-work/lazy [0] to /tmp/tmp.6DDiLFbZd0/experiment-work/libmany.so [0]: normal symbol `probe_3741'
   1934503:	binding file /tmp/tmp.6DDiLFbZd0/experiment-work/lazy [0] to /tmp/tmp.6DDiLFbZd0/experiment-work/libmany.so [0]: normal symbol `probe_3742'
   1934503:	binding file /tmp/tmp.6DDiLFbZd0/experiment-work/lazy [0] to /tmp/tmp.6DDiLFbZd0/experiment-work/libmany.so [0]: normal symbol `probe_3743'
   1934503:	binding file /tmp/tmp.6DDiLFbZd0/experiment-work/lazy [0] to /tmp/tmp.6DDiLFbZd0/experiment-work/libmany.so [0]: normal symbol `probe_3744'
   1934503:	binding file /tmp/tmp.6DDiLFbZd0/experiment-work/lazy [0] to /tmp/tmp.6DDiLFbZd0/experiment-work/libmany.so [0]: normal symbol `probe_3745'
   1934503:	binding file /tmp/tmp.6DDiLFbZd0/experiment-work/lazy [0] to /tmp/tmp.6DDiLFbZd0/experiment-work/libmany.so [0]: normal symbol `probe_3746'
   1934503:	binding file /tmp/tmp.6DDiLFbZd0/experiment-work/lazy [0] to /tmp/tmp.6DDiLFbZd0/experiment-work/libmany.so [0]: normal symbol `probe_3747'
   1934503:	binding file /tmp/tmp.6DDiLFbZd0/experiment-work/lazy [0] to /tmp/tmp.6DDiLFbZd0/experiment-work/libmany.so [0]: normal symbol `probe_3748'
   1934503:	binding file /tmp/tmp.6DDiLFbZd0/experiment-work/lazy [0] to /tmp/tmp.6DDiLFbZd0/experiment-work/libmany.so [0]: normal symbol `probe_3749'
   1934503:	binding file /tmp/tmp.6DDiLFbZd0/experiment-work/lazy [0] to /tmp/tmp.6DDiLFbZd0/experiment-work/libmany.so [0]: normal symbol `probe_3750'
   1934503:	binding file /tmp/tmp.6DDiLFbZd0/experiment-work/lazy [0] to /tmp/tmp.6DDiLFbZd0/experiment-work/libmany.so [0]: normal symbol `probe_3751'
   1934503:	binding file /tmp/tmp.6DDiLFbZd0/experiment-work/lazy [0] to /tmp/tmp.6DDiLFbZd0/experiment-work/libmany.so [0]: normal symbol `probe_3752'
   1934503:	binding file /tmp/tmp.6DDiLFbZd0/experiment-work/lazy [0] to /tmp/tmp.6DDiLFbZd0/experiment-work/libmany.so [0]: normal symbol `probe_3753'
   1934503:	binding file /tmp/tmp.6DDiLFbZd0/experiment-work/lazy [0] to /tmp/tmp.6DDiLFbZd0/experiment-work/libmany.so [0]: normal symbol `probe_3754'
   1934503:	binding file /tmp/tmp.6DDiLFbZd0/experiment-work/lazy [0] to /tmp/tmp.6DDiLFbZd0/experiment-work/libmany.so [0]: normal symbol `probe_3755'
   1934503:	binding file /tmp/tmp.6DDiLFbZd0/experiment-work/lazy [0] to /tmp/tmp.6DDiLFbZd0/experiment-work/libmany.so [0]: normal symbol `probe_3756'
   1934503:	binding file /tmp/tmp.6DDiLFbZd0/experiment-work/lazy [0] to /tmp/tmp.6DDiLFbZd0/experiment-work/libmany.so [0]: normal symbol `probe_3757'
   1934503:	binding file /tmp/tmp.6DDiLFbZd0/experiment-work/lazy [0] to /tmp/tmp.6DDiLFbZd0/experiment-work/libmany.so [0]: normal symbol `probe_3758'
   1934503:	binding file /tmp/tmp.6DDiLFbZd0/experiment-work/lazy [0] to /tmp/tmp.6DDiLFbZd0/experiment-work/libmany.so [0]: normal symbol `probe_3759'
   1934503:	binding file /tmp/tmp.6DDiLFbZd0/experiment-work/lazy [0] to /tmp/tmp.6DDiLFbZd0/experiment-work/libmany.so [0]: normal symbol `probe_3760'
   1934503:	binding file /tmp/tmp.6DDiLFbZd0/experiment-work/lazy [0] to /tmp/tmp.6DDiLFbZd0/experiment-work/libmany.so [0]: normal symbol `probe_3761'
   1934503:	binding file /tmp/tmp.6DDiLFbZd0/experiment-work/lazy [0] to /tmp/tmp.6DDiLFbZd0/experiment-work/libmany.so [0]: normal symbol `probe_3762'
   1934503:	binding file /tmp/tmp.6DDiLFbZd0/experiment-work/lazy [0] to /tmp/tmp.6DDiLFbZd0/experiment-work/libmany.so [0]: normal symbol `probe_3763'
   1934503:	binding file /tmp/tmp.6DDiLFbZd0/experiment-work/lazy [0] to /tmp/tmp.6DDiLFbZd0/experiment-work/libmany.so [0]: normal symbol `probe_3764'
   1934503:	binding file /tmp/tmp.6DDiLFbZd0/experiment-work/lazy [0] to /tmp/tmp.6DDiLFbZd0/experiment-work/libmany.so [0]: normal symbol `probe_3765'
   1934503:	binding file /tmp/tmp.6DDiLFbZd0/experiment-work/lazy [0] to /tmp/tmp.6DDiLFbZd0/experiment-work/libmany.so [0]: normal symbol `probe_3766'
   1934503:	binding file /tmp/tmp.6DDiLFbZd0/experiment-work/lazy [0] to /tmp/tmp.6DDiLFbZd0/experiment-work/libmany.so [0]: normal symbol `probe_3767'
   1934503:	binding file /tmp/tmp.6DDiLFbZd0/experiment-work/lazy [0] to /tmp/tmp.6DDiLFbZd0/experiment-work/libmany.so [0]: normal symbol `probe_3768'
   1934503:	binding file /tmp/tmp.6DDiLFbZd0/experiment-work/lazy [0] to /tmp/tmp.6DDiLFbZd0/experiment-work/libmany.so [0]: normal symbol `probe_3769'
   1934503:	binding file /tmp/tmp.6DDiLFbZd0/experiment-work/lazy [0] to /tmp/tmp.6DDiLFbZd0/experiment-work/libmany.so [0]: normal symbol `probe_3770'
   1934503:	binding file /tmp/tmp.6DDiLFbZd0/experiment-work/lazy [0] to /tmp/tmp.6DDiLFbZd0/experiment-work/libmany.so [0]: normal symbol `probe_3771'
   1934503:	binding file /tmp/tmp.6DDiLFbZd0/experiment-work/lazy [0] to /tmp/tmp.6DDiLFbZd0/experiment-work/libmany.so [0]: normal symbol `probe_3772'
   1934503:	binding file /tmp/tmp.6DDiLFbZd0/experiment-work/lazy [0] to /tmp/tmp.6DDiLFbZd0/experiment-work/libmany.so [0]: normal symbol `probe_3773'
   1934503:	binding file /tmp/tmp.6DDiLFbZd0/experiment-work/lazy [0] to /tmp/tmp.6DDiLFbZd0/experiment-work/libmany.so [0]: normal symbol `probe_3774'
   1934503:	binding file /tmp/tmp.6DDiLFbZd0/experiment-work/lazy [0] to /tmp/tmp.6DDiLFbZd0/experiment-work/libmany.so [0]: normal symbol `probe_3775'
   1934503:	binding file /tmp/tmp.6DDiLFbZd0/experiment-work/lazy [0] to /tmp/tmp.6DDiLFbZd0/experiment-work/libmany.so [0]: normal symbol `probe_3776'
   1934503:	binding file /tmp/tmp.6DDiLFbZd0/experiment-work/lazy [0] to /tmp/tmp.6DDiLFbZd0/experiment-work/libmany.so [0]: normal symbol `probe_3777'
   1934503:	binding file /tmp/tmp.6DDiLFbZd0/experiment-work/lazy [0] to /tmp/tmp.6DDiLFbZd0/experiment-work/libmany.so [0]: normal symbol `probe_3778'
   1934503:	binding file /tmp/tmp.6DDiLFbZd0/experiment-work/lazy [0] to /tmp/tmp.6DDiLFbZd0/experiment-work/libmany.so [0]: normal symbol `probe_3779'
   1934503:	binding file /tmp/tmp.6DDiLFbZd0/experiment-work/lazy [0] to /tmp/tmp.6DDiLFbZd0/experiment-work/libmany.so [0]: normal symbol `probe_3780'
   1934503:	binding file /tmp/tmp.6DDiLFbZd0/experiment-work/lazy [0] to /tmp/tmp.6DDiLFbZd0/experiment-work/libmany.so [0]: normal symbol `probe_3781'
   1934503:	binding file /tmp/tmp.6DDiLFbZd0/experiment-work/lazy [0] to /tmp/tmp.6DDiLFbZd0/experiment-work/libmany.so [0]: normal symbol `probe_3782'
   1934503:	binding file /tmp/tmp.6DDiLFbZd0/experiment-work/lazy [0] to /tmp/tmp.6DDiLFbZd0/experiment-work/libmany.so [0]: normal symbol `probe_3783'
   1934503:	binding file /tmp/tmp.6DDiLFbZd0/experiment-work/lazy [0] to /tmp/tmp.6DDiLFbZd0/experiment-work/libmany.so [0]: normal symbol `probe_3784'
   1934503:	binding file /tmp/tmp.6DDiLFbZd0/experiment-work/lazy [0] to /tmp/tmp.6DDiLFbZd0/experiment-work/libmany.so [0]: normal symbol `probe_3785'
   1934503:	binding file /tmp/tmp.6DDiLFbZd0/experiment-work/lazy [0] to /tmp/tmp.6DDiLFbZd0/experiment-work/libmany.so [0]: normal symbol `probe_3786'
   1934503:	binding file /tmp/tmp.6DDiLFbZd0/experiment-work/lazy [0] to /tmp/tmp.6DDiLFbZd0/experiment-work/libmany.so [0]: normal symbol `probe_3787'
   1934503:	binding file /tmp/tmp.6DDiLFbZd0/experiment-work/lazy [0] to /tmp/tmp.6DDiLFbZd0/experiment-work/libmany.so [0]: normal symbol `probe_3788'
   1934503:	binding file /tmp/tmp.6DDiLFbZd0/experiment-work/lazy [0] to /tmp/tmp.6DDiLFbZd0/experiment-work/libmany.so [0]: normal symbol `probe_3789'
   1934503:	binding file /tmp/tmp.6DDiLFbZd0/experiment-work/lazy [0] to /tmp/tmp.6DDiLFbZd0/experiment-work/libmany.so [0]: normal symbol `probe_3790'
   1934503:	binding file /tmp/tmp.6DDiLFbZd0/experiment-work/lazy [0] to /tmp/tmp.6DDiLFbZd0/experiment-work/libmany.so [0]: normal symbol `probe_3791'
   1934503:	binding file /tmp/tmp.6DDiLFbZd0/experiment-work/lazy [0] to /tmp/tmp.6DDiLFbZd0/experiment-work/libmany.so [0]: normal symbol `probe_3792'
   1934503:	binding file /tmp/tmp.6DDiLFbZd0/experiment-work/lazy [0] to /tmp/tmp.6DDiLFbZd0/experiment-work/libmany.so [0]: normal symbol `probe_3793'
   1934503:	binding file /tmp/tmp.6DDiLFbZd0/experiment-work/lazy [0] to /tmp/tmp.6DDiLFbZd0/experiment-work/libmany.so [0]: normal symbol `probe_3794'
   1934503:	binding file /tmp/tmp.6DDiLFbZd0/experiment-work/lazy [0] to /tmp/tmp.6DDiLFbZd0/experiment-work/libmany.so [0]: normal symbol `probe_3795'
   1934503:	binding file /tmp/tmp.6DDiLFbZd0/experiment-work/lazy [0] to /tmp/tmp.6DDiLFbZd0/experiment-work/libmany.so [0]: normal symbol `probe_3796'
   1934503:	binding file /tmp/tmp.6DDiLFbZd0/experiment-work/lazy [0] to /tmp/tmp.6DDiLFbZd0/experiment-work/libmany.so [0]: normal symbol `probe_3797'
   1934503:	binding file /tmp/tmp.6DDiLFbZd0/experiment-work/lazy [0] to /tmp/tmp.6DDiLFbZd0/experiment-work/libmany.so [0]: normal symbol `probe_3798'
   1934503:	binding file /tmp/tmp.6DDiLFbZd0/experiment-work/lazy [0] to /tmp/tmp.6DDiLFbZd0/experiment-work/libmany.so [0]: normal symbol `probe_3799'
   1934503:	binding file /tmp/tmp.6DDiLFbZd0/experiment-work/lazy [0] to /tmp/tmp.6DDiLFbZd0/experiment-work/libmany.so [0]: normal symbol `probe_3800'
   1934503:	binding file /tmp/tmp.6DDiLFbZd0/experiment-work/lazy [0] to /tmp/tmp.6DDiLFbZd0/experiment-work/libmany.so [0]: normal symbol `probe_3801'
   1934503:	binding file /tmp/tmp.6DDiLFbZd0/experiment-work/lazy [0] to /tmp/tmp.6DDiLFbZd0/experiment-work/libmany.so [0]: normal symbol `probe_3802'
   1934503:	binding file /tmp/tmp.6DDiLFbZd0/experiment-work/lazy [0] to /tmp/tmp.6DDiLFbZd0/experiment-work/libmany.so [0]: normal symbol `probe_3803'
   1934503:	binding file /tmp/tmp.6DDiLFbZd0/experiment-work/lazy [0] to /tmp/tmp.6DDiLFbZd0/experiment-work/libmany.so [0]: normal symbol `probe_3804'
   1934503:	binding file /tmp/tmp.6DDiLFbZd0/experiment-work/lazy [0] to /tmp/tmp.6DDiLFbZd0/experiment-work/libmany.so [0]: normal symbol `probe_3805'
   1934503:	binding file /tmp/tmp.6DDiLFbZd0/experiment-work/lazy [0] to /tmp/tmp.6DDiLFbZd0/experiment-work/libmany.so [0]: normal symbol `probe_3806'
   1934503:	binding file /tmp/tmp.6DDiLFbZd0/experiment-work/lazy [0] to /tmp/tmp.6DDiLFbZd0/experiment-work/libmany.so [0]: normal symbol `probe_3807'
   1934503:	binding file /tmp/tmp.6DDiLFbZd0/experiment-work/lazy [0] to /tmp/tmp.6DDiLFbZd0/experiment-work/libmany.so [0]: normal symbol `probe_3808'
   1934503:	binding file /tmp/tmp.6DDiLFbZd0/experiment-work/lazy [0] to /tmp/tmp.6DDiLFbZd0/experiment-work/libmany.so [0]: normal symbol `probe_3809'
   1934503:	binding file /tmp/tmp.6DDiLFbZd0/experiment-work/lazy [0] to /tmp/tmp.6DDiLFbZd0/experiment-work/libmany.so [0]: normal symbol `probe_3810'
   1934503:	binding file /tmp/tmp.6DDiLFbZd0/experiment-work/lazy [0] to /tmp/tmp.6DDiLFbZd0/experiment-work/libmany.so [0]: normal symbol `probe_3811'
   1934503:	binding file /tmp/tmp.6DDiLFbZd0/experiment-work/lazy [0] to /tmp/tmp.6DDiLFbZd0/experiment-work/libmany.so [0]: normal symbol `probe_3812'
   1934503:	binding file /tmp/tmp.6DDiLFbZd0/experiment-work/lazy [0] to /tmp/tmp.6DDiLFbZd0/experiment-work/libmany.so [0]: normal symbol `probe_3813'
   1934503:	binding file /tmp/tmp.6DDiLFbZd0/experiment-work/lazy [0] to /tmp/tmp.6DDiLFbZd0/experiment-work/libmany.so [0]: normal symbol `probe_3814'
   1934503:	binding file /tmp/tmp.6DDiLFbZd0/experiment-work/lazy [0] to /tmp/tmp.6DDiLFbZd0/experiment-work/libmany.so [0]: normal symbol `probe_3815'
   1934503:	binding file /tmp/tmp.6DDiLFbZd0/experiment-work/lazy [0] to /tmp/tmp.6DDiLFbZd0/experiment-work/libmany.so [0]: normal symbol `probe_3816'
   1934503:	binding file /tmp/tmp.6DDiLFbZd0/experiment-work/lazy [0] to /tmp/tmp.6DDiLFbZd0/experiment-work/libmany.so [0]: normal symbol `probe_3817'
   1934503:	binding file /tmp/tmp.6DDiLFbZd0/experiment-work/lazy [0] to /tmp/tmp.6DDiLFbZd0/experiment-work/libmany.so [0]: normal symbol `probe_3818'
   1934503:	binding file /tmp/tmp.6DDiLFbZd0/experiment-work/lazy [0] to /tmp/tmp.6DDiLFbZd0/experiment-work/libmany.so [0]: normal symbol `probe_3819'
   1934503:	binding file /tmp/tmp.6DDiLFbZd0/experiment-work/lazy [0] to /tmp/tmp.6DDiLFbZd0/experiment-work/libmany.so [0]: normal symbol `probe_3820'
   1934503:	binding file /tmp/tmp.6DDiLFbZd0/experiment-work/lazy [0] to /tmp/tmp.6DDiLFbZd0/experiment-work/libmany.so [0]: normal symbol `probe_3821'
   1934503:	binding file /tmp/tmp.6DDiLFbZd0/experiment-work/lazy [0] to /tmp/tmp.6DDiLFbZd0/experiment-work/libmany.so [0]: normal symbol `probe_3822'
   1934503:	binding file /tmp/tmp.6DDiLFbZd0/experiment-work/lazy [0] to /tmp/tmp.6DDiLFbZd0/experiment-work/libmany.so [0]: normal symbol `probe_3823'
   1934503:	binding file /tmp/tmp.6DDiLFbZd0/experiment-work/lazy [0] to /tmp/tmp.6DDiLFbZd0/experiment-work/libmany.so [0]: normal symbol `probe_3824'
   1934503:	binding file /tmp/tmp.6DDiLFbZd0/experiment-work/lazy [0] to /tmp/tmp.6DDiLFbZd0/experiment-work/libmany.so [0]: normal symbol `probe_3825'
   1934503:	binding file /tmp/tmp.6DDiLFbZd0/experiment-work/lazy [0] to /tmp/tmp.6DDiLFbZd0/experiment-work/libmany.so [0]: normal symbol `probe_3826'
   1934503:	binding file /tmp/tmp.6DDiLFbZd0/experiment-work/lazy [0] to /tmp/tmp.6DDiLFbZd0/experiment-work/libmany.so [0]: normal symbol `probe_3827'
   1934503:	binding file /tmp/tmp.6DDiLFbZd0/experiment-work/lazy [0] to /tmp/tmp.6DDiLFbZd0/experiment-work/libmany.so [0]: normal symbol `probe_3828'
   1934503:	binding file /tmp/tmp.6DDiLFbZd0/experiment-work/lazy [0] to /tmp/tmp.6DDiLFbZd0/experiment-work/libmany.so [0]: normal symbol `probe_3829'
   1934503:	binding file /tmp/tmp.6DDiLFbZd0/experiment-work/lazy [0] to /tmp/tmp.6DDiLFbZd0/experiment-work/libmany.so [0]: normal symbol `probe_3830'
   1934503:	binding file /tmp/tmp.6DDiLFbZd0/experiment-work/lazy [0] to /tmp/tmp.6DDiLFbZd0/experiment-work/libmany.so [0]: normal symbol `probe_3831'
   1934503:	binding file /tmp/tmp.6DDiLFbZd0/experiment-work/lazy [0] to /tmp/tmp.6DDiLFbZd0/experiment-work/libmany.so [0]: normal symbol `probe_3832'
   1934503:	binding file /tmp/tmp.6DDiLFbZd0/experiment-work/lazy [0] to /tmp/tmp.6DDiLFbZd0/experiment-work/libmany.so [0]: normal symbol `probe_3833'
   1934503:	binding file /tmp/tmp.6DDiLFbZd0/experiment-work/lazy [0] to /tmp/tmp.6DDiLFbZd0/experiment-work/libmany.so [0]: normal symbol `probe_3834'
   1934503:	binding file /tmp/tmp.6DDiLFbZd0/experiment-work/lazy [0] to /tmp/tmp.6DDiLFbZd0/experiment-work/libmany.so [0]: normal symbol `probe_3835'
   1934503:	binding file /tmp/tmp.6DDiLFbZd0/experiment-work/lazy [0] to /tmp/tmp.6DDiLFbZd0/experiment-work/libmany.so [0]: normal symbol `probe_3836'
   1934503:	binding file /tmp/tmp.6DDiLFbZd0/experiment-work/lazy [0] to /tmp/tmp.6DDiLFbZd0/experiment-work/libmany.so [0]: normal symbol `probe_3837'
   1934503:	binding file /tmp/tmp.6DDiLFbZd0/experiment-work/lazy [0] to /tmp/tmp.6DDiLFbZd0/experiment-work/libmany.so [0]: normal symbol `probe_3838'
   1934503:	binding file /tmp/tmp.6DDiLFbZd0/experiment-work/lazy [0] to /tmp/tmp.6DDiLFbZd0/experiment-work/libmany.so [0]: normal symbol `probe_3839'
   1934503:	binding file /tmp/tmp.6DDiLFbZd0/experiment-work/lazy [0] to /tmp/tmp.6DDiLFbZd0/experiment-work/libmany.so [0]: normal symbol `probe_3840'
   1934503:	binding file /tmp/tmp.6DDiLFbZd0/experiment-work/lazy [0] to /tmp/tmp.6DDiLFbZd0/experiment-work/libmany.so [0]: normal symbol `probe_3841'
   1934503:	binding file /tmp/tmp.6DDiLFbZd0/experiment-work/lazy [0] to /tmp/tmp.6DDiLFbZd0/experiment-work/libmany.so [0]: normal symbol `probe_3842'
   1934503:	binding file /tmp/tmp.6DDiLFbZd0/experiment-work/lazy [0] to /tmp/tmp.6DDiLFbZd0/experiment-work/libmany.so [0]: normal symbol `probe_3843'
   1934503:	binding file /tmp/tmp.6DDiLFbZd0/experiment-work/lazy [0] to /tmp/tmp.6DDiLFbZd0/experiment-work/libmany.so [0]: normal symbol `probe_3844'
   1934503:	binding file /tmp/tmp.6DDiLFbZd0/experiment-work/lazy [0] to /tmp/tmp.6DDiLFbZd0/experiment-work/libmany.so [0]: normal symbol `probe_3845'
   1934503:	binding file /tmp/tmp.6DDiLFbZd0/experiment-work/lazy [0] to /tmp/tmp.6DDiLFbZd0/experiment-work/libmany.so [0]: normal symbol `probe_3846'
   1934503:	binding file /tmp/tmp.6DDiLFbZd0/experiment-work/lazy [0] to /tmp/tmp.6DDiLFbZd0/experiment-work/libmany.so [0]: normal symbol `probe_3847'
   1934503:	binding file /tmp/tmp.6DDiLFbZd0/experiment-work/lazy [0] to /tmp/tmp.6DDiLFbZd0/experiment-work/libmany.so [0]: normal symbol `probe_3848'
   1934503:	binding file /tmp/tmp.6DDiLFbZd0/experiment-work/lazy [0] to /tmp/tmp.6DDiLFbZd0/experiment-work/libmany.so [0]: normal symbol `probe_3849'
   1934503:	binding file /tmp/tmp.6DDiLFbZd0/experiment-work/lazy [0] to /tmp/tmp.6DDiLFbZd0/experiment-work/libmany.so [0]: normal symbol `probe_3850'
   1934503:	binding file /tmp/tmp.6DDiLFbZd0/experiment-work/lazy [0] to /tmp/tmp.6DDiLFbZd0/experiment-work/libmany.so [0]: normal symbol `probe_3851'
   1934503:	binding file /tmp/tmp.6DDiLFbZd0/experiment-work/lazy [0] to /tmp/tmp.6DDiLFbZd0/experiment-work/libmany.so [0]: normal symbol `probe_3852'
   1934503:	binding file /tmp/tmp.6DDiLFbZd0/experiment-work/lazy [0] to /tmp/tmp.6DDiLFbZd0/experiment-work/libmany.so [0]: normal symbol `probe_3853'
   1934503:	binding file /tmp/tmp.6DDiLFbZd0/experiment-work/lazy [0] to /tmp/tmp.6DDiLFbZd0/experiment-work/libmany.so [0]: normal symbol `probe_3854'
   1934503:	binding file /tmp/tmp.6DDiLFbZd0/experiment-work/lazy [0] to /tmp/tmp.6DDiLFbZd0/experiment-work/libmany.so [0]: normal symbol `probe_3855'
   1934503:	binding file /tmp/tmp.6DDiLFbZd0/experiment-work/lazy [0] to /tmp/tmp.6DDiLFbZd0/experiment-work/libmany.so [0]: normal symbol `probe_3856'
   1934503:	binding file /tmp/tmp.6DDiLFbZd0/experiment-work/lazy [0] to /tmp/tmp.6DDiLFbZd0/experiment-work/libmany.so [0]: normal symbol `probe_3857'
   1934503:	binding file /tmp/tmp.6DDiLFbZd0/experiment-work/lazy [0] to /tmp/tmp.6DDiLFbZd0/experiment-work/libmany.so [0]: normal symbol `probe_3858'
   1934503:	binding file /tmp/tmp.6DDiLFbZd0/experiment-work/lazy [0] to /tmp/tmp.6DDiLFbZd0/experiment-work/libmany.so [0]: normal symbol `probe_3859'
   1934503:	binding file /tmp/tmp.6DDiLFbZd0/experiment-work/lazy [0] to /tmp/tmp.6DDiLFbZd0/experiment-work/libmany.so [0]: normal symbol `probe_3860'
   1934503:	binding file /tmp/tmp.6DDiLFbZd0/experiment-work/lazy [0] to /tmp/tmp.6DDiLFbZd0/experiment-work/libmany.so [0]: normal symbol `probe_3861'
   1934503:	binding file /tmp/tmp.6DDiLFbZd0/experiment-work/lazy [0] to /tmp/tmp.6DDiLFbZd0/experiment-work/libmany.so [0]: normal symbol `probe_3862'
   1934503:	binding file /tmp/tmp.6DDiLFbZd0/experiment-work/lazy [0] to /tmp/tmp.6DDiLFbZd0/experiment-work/libmany.so [0]: normal symbol `probe_3863'
   1934503:	binding file /tmp/tmp.6DDiLFbZd0/experiment-work/lazy [0] to /tmp/tmp.6DDiLFbZd0/experiment-work/libmany.so [0]: normal symbol `probe_3864'
   1934503:	binding file /tmp/tmp.6DDiLFbZd0/experiment-work/lazy [0] to /tmp/tmp.6DDiLFbZd0/experiment-work/libmany.so [0]: normal symbol `probe_3865'
   1934503:	binding file /tmp/tmp.6DDiLFbZd0/experiment-work/lazy [0] to /tmp/tmp.6DDiLFbZd0/experiment-work/libmany.so [0]: normal symbol `probe_3866'
   1934503:	binding file /tmp/tmp.6DDiLFbZd0/experiment-work/lazy [0] to /tmp/tmp.6DDiLFbZd0/experiment-work/libmany.so [0]: normal symbol `probe_3867'
   1934503:	binding file /tmp/tmp.6DDiLFbZd0/experiment-work/lazy [0] to /tmp/tmp.6DDiLFbZd0/experiment-work/libmany.so [0]: normal symbol `probe_3868'
   1934503:	binding file /tmp/tmp.6DDiLFbZd0/experiment-work/lazy [0] to /tmp/tmp.6DDiLFbZd0/experiment-work/libmany.so [0]: normal symbol `probe_3869'
   1934503:	binding file /tmp/tmp.6DDiLFbZd0/experiment-work/lazy [0] to /tmp/tmp.6DDiLFbZd0/experiment-work/libmany.so [0]: normal symbol `probe_3870'
   1934503:	binding file /tmp/tmp.6DDiLFbZd0/experiment-work/lazy [0] to /tmp/tmp.6DDiLFbZd0/experiment-work/libmany.so [0]: normal symbol `probe_3871'
   1934503:	binding file /tmp/tmp.6DDiLFbZd0/experiment-work/lazy [0] to /tmp/tmp.6DDiLFbZd0/experiment-work/libmany.so [0]: normal symbol `probe_3872'
   1934503:	binding file /tmp/tmp.6DDiLFbZd0/experiment-work/lazy [0] to /tmp/tmp.6DDiLFbZd0/experiment-work/libmany.so [0]: normal symbol `probe_3873'
   1934503:	binding file /tmp/tmp.6DDiLFbZd0/experiment-work/lazy [0] to /tmp/tmp.6DDiLFbZd0/experiment-work/libmany.so [0]: normal symbol `probe_3874'
   1934503:	binding file /tmp/tmp.6DDiLFbZd0/experiment-work/lazy [0] to /tmp/tmp.6DDiLFbZd0/experiment-work/libmany.so [0]: normal symbol `probe_3875'
   1934503:	binding file /tmp/tmp.6DDiLFbZd0/experiment-work/lazy [0] to /tmp/tmp.6DDiLFbZd0/experiment-work/libmany.so [0]: normal symbol `probe_3876'
   1934503:	binding file /tmp/tmp.6DDiLFbZd0/experiment-work/lazy [0] to /tmp/tmp.6DDiLFbZd0/experiment-work/libmany.so [0]: normal symbol `probe_3877'
   1934503:	binding file /tmp/tmp.6DDiLFbZd0/experiment-work/lazy [0] to /tmp/tmp.6DDiLFbZd0/experiment-work/libmany.so [0]: normal symbol `probe_3878'
   1934503:	binding file /tmp/tmp.6DDiLFbZd0/experiment-work/lazy [0] to /tmp/tmp.6DDiLFbZd0/experiment-work/libmany.so [0]: normal symbol `probe_3879'
   1934503:	binding file /tmp/tmp.6DDiLFbZd0/experiment-work/lazy [0] to /tmp/tmp.6DDiLFbZd0/experiment-work/libmany.so [0]: normal symbol `probe_3880'
   1934503:	binding file /tmp/tmp.6DDiLFbZd0/experiment-work/lazy [0] to /tmp/tmp.6DDiLFbZd0/experiment-work/libmany.so [0]: normal symbol `probe_3881'
   1934503:	binding file /tmp/tmp.6DDiLFbZd0/experiment-work/lazy [0] to /tmp/tmp.6DDiLFbZd0/experiment-work/libmany.so [0]: normal symbol `probe_3882'
   1934503:	binding file /tmp/tmp.6DDiLFbZd0/experiment-work/lazy [0] to /tmp/tmp.6DDiLFbZd0/experiment-work/libmany.so [0]: normal symbol `probe_3883'
   1934503:	binding file /tmp/tmp.6DDiLFbZd0/experiment-work/lazy [0] to /tmp/tmp.6DDiLFbZd0/experiment-work/libmany.so [0]: normal symbol `probe_3884'
   1934503:	binding file /tmp/tmp.6DDiLFbZd0/experiment-work/lazy [0] to /tmp/tmp.6DDiLFbZd0/experiment-work/libmany.so [0]: normal symbol `probe_3885'
   1934503:	binding file /tmp/tmp.6DDiLFbZd0/experiment-work/lazy [0] to /tmp/tmp.6DDiLFbZd0/experiment-work/libmany.so [0]: normal symbol `probe_3886'
   1934503:	binding file /tmp/tmp.6DDiLFbZd0/experiment-work/lazy [0] to /tmp/tmp.6DDiLFbZd0/experiment-work/libmany.so [0]: normal symbol `probe_3887'
   1934503:	binding file /tmp/tmp.6DDiLFbZd0/experiment-work/lazy [0] to /tmp/tmp.6DDiLFbZd0/experiment-work/libmany.so [0]: normal symbol `probe_3888'
   1934503:	binding file /tmp/tmp.6DDiLFbZd0/experiment-work/lazy [0] to /tmp/tmp.6DDiLFbZd0/experiment-work/libmany.so [0]: normal symbol `probe_3889'
   1934503:	binding file /tmp/tmp.6DDiLFbZd0/experiment-work/lazy [0] to /tmp/tmp.6DDiLFbZd0/experiment-work/libmany.so [0]: normal symbol `probe_3890'
   1934503:	binding file /tmp/tmp.6DDiLFbZd0/experiment-work/lazy [0] to /tmp/tmp.6DDiLFbZd0/experiment-work/libmany.so [0]: normal symbol `probe_3891'
   1934503:	binding file /tmp/tmp.6DDiLFbZd0/experiment-work/lazy [0] to /tmp/tmp.6DDiLFbZd0/experiment-work/libmany.so [0]: normal symbol `probe_3892'
   1934503:	binding file /tmp/tmp.6DDiLFbZd0/experiment-work/lazy [0] to /tmp/tmp.6DDiLFbZd0/experiment-work/libmany.so [0]: normal symbol `probe_3893'
   1934503:	binding file /tmp/tmp.6DDiLFbZd0/experiment-work/lazy [0] to /tmp/tmp.6DDiLFbZd0/experiment-work/libmany.so [0]: normal symbol `probe_3894'
   1934503:	binding file /tmp/tmp.6DDiLFbZd0/experiment-work/lazy [0] to /tmp/tmp.6DDiLFbZd0/experiment-work/libmany.so [0]: normal symbol `probe_3895'
   1934503:	binding file /tmp/tmp.6DDiLFbZd0/experiment-work/lazy [0] to /tmp/tmp.6DDiLFbZd0/experiment-work/libmany.so [0]: normal symbol `probe_3896'
   1934503:	binding file /tmp/tmp.6DDiLFbZd0/experiment-work/lazy [0] to /tmp/tmp.6DDiLFbZd0/experiment-work/libmany.so [0]: normal symbol `probe_3897'
   1934503:	binding file /tmp/tmp.6DDiLFbZd0/experiment-work/lazy [0] to /tmp/tmp.6DDiLFbZd0/experiment-work/libmany.so [0]: normal symbol `probe_3898'
   1934503:	binding file /tmp/tmp.6DDiLFbZd0/experiment-work/lazy [0] to /tmp/tmp.6DDiLFbZd0/experiment-work/libmany.so [0]: normal symbol `probe_3899'
   1934503:	binding file /tmp/tmp.6DDiLFbZd0/experiment-work/lazy [0] to /tmp/tmp.6DDiLFbZd0/experiment-work/libmany.so [0]: normal symbol `probe_3900'
   1934503:	binding file /tmp/tmp.6DDiLFbZd0/experiment-work/lazy [0] to /tmp/tmp.6DDiLFbZd0/experiment-work/libmany.so [0]: normal symbol `probe_3901'
   1934503:	binding file /tmp/tmp.6DDiLFbZd0/experiment-work/lazy [0] to /tmp/tmp.6DDiLFbZd0/experiment-work/libmany.so [0]: normal symbol `probe_3902'
   1934503:	binding file /tmp/tmp.6DDiLFbZd0/experiment-work/lazy [0] to /tmp/tmp.6DDiLFbZd0/experiment-work/libmany.so [0]: normal symbol `probe_3903'
   1934503:	binding file /tmp/tmp.6DDiLFbZd0/experiment-work/lazy [0] to /tmp/tmp.6DDiLFbZd0/experiment-work/libmany.so [0]: normal symbol `probe_3904'
   1934503:	binding file /tmp/tmp.6DDiLFbZd0/experiment-work/lazy [0] to /tmp/tmp.6DDiLFbZd0/experiment-work/libmany.so [0]: normal symbol `probe_3905'
   1934503:	binding file /tmp/tmp.6DDiLFbZd0/experiment-work/lazy [0] to /tmp/tmp.6DDiLFbZd0/experiment-work/libmany.so [0]: normal symbol `probe_3906'
   1934503:	binding file /tmp/tmp.6DDiLFbZd0/experiment-work/lazy [0] to /tmp/tmp.6DDiLFbZd0/experiment-work/libmany.so [0]: normal symbol `probe_3907'
   1934503:	binding file /tmp/tmp.6DDiLFbZd0/experiment-work/lazy [0] to /tmp/tmp.6DDiLFbZd0/experiment-work/libmany.so [0]: normal symbol `probe_3908'
   1934503:	binding file /tmp/tmp.6DDiLFbZd0/experiment-work/lazy [0] to /tmp/tmp.6DDiLFbZd0/experiment-work/libmany.so [0]: normal symbol `probe_3909'
   1934503:	binding file /tmp/tmp.6DDiLFbZd0/experiment-work/lazy [0] to /tmp/tmp.6DDiLFbZd0/experiment-work/libmany.so [0]: normal symbol `probe_3910'
   1934503:	binding file /tmp/tmp.6DDiLFbZd0/experiment-work/lazy [0] to /tmp/tmp.6DDiLFbZd0/experiment-work/libmany.so [0]: normal symbol `probe_3911'
   1934503:	binding file /tmp/tmp.6DDiLFbZd0/experiment-work/lazy [0] to /tmp/tmp.6DDiLFbZd0/experiment-work/libmany.so [0]: normal symbol `probe_3912'
   1934503:	binding file /tmp/tmp.6DDiLFbZd0/experiment-work/lazy [0] to /tmp/tmp.6DDiLFbZd0/experiment-work/libmany.so [0]: normal symbol `probe_3913'
   1934503:	binding file /tmp/tmp.6DDiLFbZd0/experiment-work/lazy [0] to /tmp/tmp.6DDiLFbZd0/experiment-work/libmany.so [0]: normal symbol `probe_3914'
   1934503:	binding file /tmp/tmp.6DDiLFbZd0/experiment-work/lazy [0] to /tmp/tmp.6DDiLFbZd0/experiment-work/libmany.so [0]: normal symbol `probe_3915'
   1934503:	binding file /tmp/tmp.6DDiLFbZd0/experiment-work/lazy [0] to /tmp/tmp.6DDiLFbZd0/experiment-work/libmany.so [0]: normal symbol `probe_3916'
   1934503:	binding file /tmp/tmp.6DDiLFbZd0/experiment-work/lazy [0] to /tmp/tmp.6DDiLFbZd0/experiment-work/libmany.so [0]: normal symbol `probe_3917'
   1934503:	binding file /tmp/tmp.6DDiLFbZd0/experiment-work/lazy [0] to /tmp/tmp.6DDiLFbZd0/experiment-work/libmany.so [0]: normal symbol `probe_3918'
   1934503:	binding file /tmp/tmp.6DDiLFbZd0/experiment-work/lazy [0] to /tmp/tmp.6DDiLFbZd0/experiment-work/libmany.so [0]: normal symbol `probe_3919'
   1934503:	binding file /tmp/tmp.6DDiLFbZd0/experiment-work/lazy [0] to /tmp/tmp.6DDiLFbZd0/experiment-work/libmany.so [0]: normal symbol `probe_3920'
   1934503:	binding file /tmp/tmp.6DDiLFbZd0/experiment-work/lazy [0] to /tmp/tmp.6DDiLFbZd0/experiment-work/libmany.so [0]: normal symbol `probe_3921'
   1934503:	binding file /tmp/tmp.6DDiLFbZd0/experiment-work/lazy [0] to /tmp/tmp.6DDiLFbZd0/experiment-work/libmany.so [0]: normal symbol `probe_3922'
   1934503:	binding file /tmp/tmp.6DDiLFbZd0/experiment-work/lazy [0] to /tmp/tmp.6DDiLFbZd0/experiment-work/libmany.so [0]: normal symbol `probe_3923'
   1934503:	binding file /tmp/tmp.6DDiLFbZd0/experiment-work/lazy [0] to /tmp/tmp.6DDiLFbZd0/experiment-work/libmany.so [0]: normal symbol `probe_3924'
   1934503:	binding file /tmp/tmp.6DDiLFbZd0/experiment-work/lazy [0] to /tmp/tmp.6DDiLFbZd0/experiment-work/libmany.so [0]: normal symbol `probe_3925'
   1934503:	binding file /tmp/tmp.6DDiLFbZd0/experiment-work/lazy [0] to /tmp/tmp.6DDiLFbZd0/experiment-work/libmany.so [0]: normal symbol `probe_3926'
   1934503:	binding file /tmp/tmp.6DDiLFbZd0/experiment-work/lazy [0] to /tmp/tmp.6DDiLFbZd0/experiment-work/libmany.so [0]: normal symbol `probe_3927'
   1934503:	binding file /tmp/tmp.6DDiLFbZd0/experiment-work/lazy [0] to /tmp/tmp.6DDiLFbZd0/experiment-work/libmany.so [0]: normal symbol `probe_3928'
   1934503:	binding file /tmp/tmp.6DDiLFbZd0/experiment-work/lazy [0] to /tmp/tmp.6DDiLFbZd0/experiment-work/libmany.so [0]: normal symbol `probe_3929'
   1934503:	binding file /tmp/tmp.6DDiLFbZd0/experiment-work/lazy [0] to /tmp/tmp.6DDiLFbZd0/experiment-work/libmany.so [0]: normal symbol `probe_3930'
   1934503:	binding file /tmp/tmp.6DDiLFbZd0/experiment-work/lazy [0] to /tmp/tmp.6DDiLFbZd0/experiment-work/libmany.so [0]: normal symbol `probe_3931'
   1934503:	binding file /tmp/tmp.6DDiLFbZd0/experiment-work/lazy [0] to /tmp/tmp.6DDiLFbZd0/experiment-work/libmany.so [0]: normal symbol `probe_3932'
   1934503:	binding file /tmp/tmp.6DDiLFbZd0/experiment-work/lazy [0] to /tmp/tmp.6DDiLFbZd0/experiment-work/libmany.so [0]: normal symbol `probe_3933'
   1934503:	binding file /tmp/tmp.6DDiLFbZd0/experiment-work/lazy [0] to /tmp/tmp.6DDiLFbZd0/experiment-work/libmany.so [0]: normal symbol `probe_3934'
   1934503:	binding file /tmp/tmp.6DDiLFbZd0/experiment-work/lazy [0] to /tmp/tmp.6DDiLFbZd0/experiment-work/libmany.so [0]: normal symbol `probe_3935'
   1934503:	binding file /tmp/tmp.6DDiLFbZd0/experiment-work/lazy [0] to /tmp/tmp.6DDiLFbZd0/experiment-work/libmany.so [0]: normal symbol `probe_3936'
   1934503:	binding file /tmp/tmp.6DDiLFbZd0/experiment-work/lazy [0] to /tmp/tmp.6DDiLFbZd0/experiment-work/libmany.so [0]: normal symbol `probe_3937'
   1934503:	binding file /tmp/tmp.6DDiLFbZd0/experiment-work/lazy [0] to /tmp/tmp.6DDiLFbZd0/experiment-work/libmany.so [0]: normal symbol `probe_3938'
   1934503:	binding file /tmp/tmp.6DDiLFbZd0/experiment-work/lazy [0] to /tmp/tmp.6DDiLFbZd0/experiment-work/libmany.so [0]: normal symbol `probe_3939'
   1934503:	binding file /tmp/tmp.6DDiLFbZd0/experiment-work/lazy [0] to /tmp/tmp.6DDiLFbZd0/experiment-work/libmany.so [0]: normal symbol `probe_3940'
   1934503:	binding file /tmp/tmp.6DDiLFbZd0/experiment-work/lazy [0] to /tmp/tmp.6DDiLFbZd0/experiment-work/libmany.so [0]: normal symbol `probe_3941'
   1934503:	binding file /tmp/tmp.6DDiLFbZd0/experiment-work/lazy [0] to /tmp/tmp.6DDiLFbZd0/experiment-work/libmany.so [0]: normal symbol `probe_3942'
   1934503:	binding file /tmp/tmp.6DDiLFbZd0/experiment-work/lazy [0] to /tmp/tmp.6DDiLFbZd0/experiment-work/libmany.so [0]: normal symbol `probe_3943'
   1934503:	binding file /tmp/tmp.6DDiLFbZd0/experiment-work/lazy [0] to /tmp/tmp.6DDiLFbZd0/experiment-work/libmany.so [0]: normal symbol `probe_3944'
   1934503:	binding file /tmp/tmp.6DDiLFbZd0/experiment-work/lazy [0] to /tmp/tmp.6DDiLFbZd0/experiment-work/libmany.so [0]: normal symbol `probe_3945'
   1934503:	binding file /tmp/tmp.6DDiLFbZd0/experiment-work/lazy [0] to /tmp/tmp.6DDiLFbZd0/experiment-work/libmany.so [0]: normal symbol `probe_3946'
   1934503:	binding file /tmp/tmp.6DDiLFbZd0/experiment-work/lazy [0] to /tmp/tmp.6DDiLFbZd0/experiment-work/libmany.so [0]: normal symbol `probe_3947'
   1934503:	binding file /tmp/tmp.6DDiLFbZd0/experiment-work/lazy [0] to /tmp/tmp.6DDiLFbZd0/experiment-work/libmany.so [0]: normal symbol `probe_3948'
   1934503:	binding file /tmp/tmp.6DDiLFbZd0/experiment-work/lazy [0] to /tmp/tmp.6DDiLFbZd0/experiment-work/libmany.so [0]: normal symbol `probe_3949'
   1934503:	binding file /tmp/tmp.6DDiLFbZd0/experiment-work/lazy [0] to /tmp/tmp.6DDiLFbZd0/experiment-work/libmany.so [0]: normal symbol `probe_3950'
   1934503:	binding file /tmp/tmp.6DDiLFbZd0/experiment-work/lazy [0] to /tmp/tmp.6DDiLFbZd0/experiment-work/libmany.so [0]: normal symbol `probe_3951'
   1934503:	binding file /tmp/tmp.6DDiLFbZd0/experiment-work/lazy [0] to /tmp/tmp.6DDiLFbZd0/experiment-work/libmany.so [0]: normal symbol `probe_3952'
   1934503:	binding file /tmp/tmp.6DDiLFbZd0/experiment-work/lazy [0] to /tmp/tmp.6DDiLFbZd0/experiment-work/libmany.so [0]: normal symbol `probe_3953'
   1934503:	binding file /tmp/tmp.6DDiLFbZd0/experiment-work/lazy [0] to /tmp/tmp.6DDiLFbZd0/experiment-work/libmany.so [0]: normal symbol `probe_3954'
   1934503:	binding file /tmp/tmp.6DDiLFbZd0/experiment-work/lazy [0] to /tmp/tmp.6DDiLFbZd0/experiment-work/libmany.so [0]: normal symbol `probe_3955'
   1934503:	binding file /tmp/tmp.6DDiLFbZd0/experiment-work/lazy [0] to /tmp/tmp.6DDiLFbZd0/experiment-work/libmany.so [0]: normal symbol `probe_3956'
   1934503:	binding file /tmp/tmp.6DDiLFbZd0/experiment-work/lazy [0] to /tmp/tmp.6DDiLFbZd0/experiment-work/libmany.so [0]: normal symbol `probe_3957'
   1934503:	binding file /tmp/tmp.6DDiLFbZd0/experiment-work/lazy [0] to /tmp/tmp.6DDiLFbZd0/experiment-work/libmany.so [0]: normal symbol `probe_3958'
   1934503:	binding file /tmp/tmp.6DDiLFbZd0/experiment-work/lazy [0] to /tmp/tmp.6DDiLFbZd0/experiment-work/libmany.so [0]: normal symbol `probe_3959'
   1934503:	binding file /tmp/tmp.6DDiLFbZd0/experiment-work/lazy [0] to /tmp/tmp.6DDiLFbZd0/experiment-work/libmany.so [0]: normal symbol `probe_3960'
   1934503:	binding file /tmp/tmp.6DDiLFbZd0/experiment-work/lazy [0] to /tmp/tmp.6DDiLFbZd0/experiment-work/libmany.so [0]: normal symbol `probe_3961'
   1934503:	binding file /tmp/tmp.6DDiLFbZd0/experiment-work/lazy [0] to /tmp/tmp.6DDiLFbZd0/experiment-work/libmany.so [0]: normal symbol `probe_3962'
   1934503:	binding file /tmp/tmp.6DDiLFbZd0/experiment-work/lazy [0] to /tmp/tmp.6DDiLFbZd0/experiment-work/libmany.so [0]: normal symbol `probe_3963'
   1934503:	binding file /tmp/tmp.6DDiLFbZd0/experiment-work/lazy [0] to /tmp/tmp.6DDiLFbZd0/experiment-work/libmany.so [0]: normal symbol `probe_3964'
   1934503:	binding file /tmp/tmp.6DDiLFbZd0/experiment-work/lazy [0] to /tmp/tmp.6DDiLFbZd0/experiment-work/libmany.so [0]: normal symbol `probe_3965'
   1934503:	binding file /tmp/tmp.6DDiLFbZd0/experiment-work/lazy [0] to /tmp/tmp.6DDiLFbZd0/experiment-work/libmany.so [0]: normal symbol `probe_3966'
   1934503:	binding file /tmp/tmp.6DDiLFbZd0/experiment-work/lazy [0] to /tmp/tmp.6DDiLFbZd0/experiment-work/libmany.so [0]: normal symbol `probe_3967'
   1934503:	binding file /tmp/tmp.6DDiLFbZd0/experiment-work/lazy [0] to /tmp/tmp.6DDiLFbZd0/experiment-work/libmany.so [0]: normal symbol `probe_3968'
   1934503:	binding file /tmp/tmp.6DDiLFbZd0/experiment-work/lazy [0] to /tmp/tmp.6DDiLFbZd0/experiment-work/libmany.so [0]: normal symbol `probe_3969'
   1934503:	binding file /tmp/tmp.6DDiLFbZd0/experiment-work/lazy [0] to /tmp/tmp.6DDiLFbZd0/experiment-work/libmany.so [0]: normal symbol `probe_3970'
   1934503:	binding file /tmp/tmp.6DDiLFbZd0/experiment-work/lazy [0] to /tmp/tmp.6DDiLFbZd0/experiment-work/libmany.so [0]: normal symbol `probe_3971'
   1934503:	binding file /tmp/tmp.6DDiLFbZd0/experiment-work/lazy [0] to /tmp/tmp.6DDiLFbZd0/experiment-work/libmany.so [0]: normal symbol `probe_3972'
   1934503:	binding file /tmp/tmp.6DDiLFbZd0/experiment-work/lazy [0] to /tmp/tmp.6DDiLFbZd0/experiment-work/libmany.so [0]: normal symbol `probe_3973'
   1934503:	binding file /tmp/tmp.6DDiLFbZd0/experiment-work/lazy [0] to /tmp/tmp.6DDiLFbZd0/experiment-work/libmany.so [0]: normal symbol `probe_3974'
   1934503:	binding file /tmp/tmp.6DDiLFbZd0/experiment-work/lazy [0] to /tmp/tmp.6DDiLFbZd0/experiment-work/libmany.so [0]: normal symbol `probe_3975'
   1934503:	binding file /tmp/tmp.6DDiLFbZd0/experiment-work/lazy [0] to /tmp/tmp.6DDiLFbZd0/experiment-work/libmany.so [0]: normal symbol `probe_3976'
   1934503:	binding file /tmp/tmp.6DDiLFbZd0/experiment-work/lazy [0] to /tmp/tmp.6DDiLFbZd0/experiment-work/libmany.so [0]: normal symbol `probe_3977'
   1934503:	binding file /tmp/tmp.6DDiLFbZd0/experiment-work/lazy [0] to /tmp/tmp.6DDiLFbZd0/experiment-work/libmany.so [0]: normal symbol `probe_3978'
   1934503:	binding file /tmp/tmp.6DDiLFbZd0/experiment-work/lazy [0] to /tmp/tmp.6DDiLFbZd0/experiment-work/libmany.so [0]: normal symbol `probe_3979'
   1934503:	binding file /tmp/tmp.6DDiLFbZd0/experiment-work/lazy [0] to /tmp/tmp.6DDiLFbZd0/experiment-work/libmany.so [0]: normal symbol `probe_3980'
   1934503:	binding file /tmp/tmp.6DDiLFbZd0/experiment-work/lazy [0] to /tmp/tmp.6DDiLFbZd0/experiment-work/libmany.so [0]: normal symbol `probe_3981'
   1934503:	binding file /tmp/tmp.6DDiLFbZd0/experiment-work/lazy [0] to /tmp/tmp.6DDiLFbZd0/experiment-work/libmany.so [0]: normal symbol `probe_3982'
   1934503:	binding file /tmp/tmp.6DDiLFbZd0/experiment-work/lazy [0] to /tmp/tmp.6DDiLFbZd0/experiment-work/libmany.so [0]: normal symbol `probe_3983'
   1934503:	binding file /tmp/tmp.6DDiLFbZd0/experiment-work/lazy [0] to /tmp/tmp.6DDiLFbZd0/experiment-work/libmany.so [0]: normal symbol `probe_3984'
   1934503:	binding file /tmp/tmp.6DDiLFbZd0/experiment-work/lazy [0] to /tmp/tmp.6DDiLFbZd0/experiment-work/libmany.so [0]: normal symbol `probe_3985'
   1934503:	binding file /tmp/tmp.6DDiLFbZd0/experiment-work/lazy [0] to /tmp/tmp.6DDiLFbZd0/experiment-work/libmany.so [0]: normal symbol `probe_3986'
   1934503:	binding file /tmp/tmp.6DDiLFbZd0/experiment-work/lazy [0] to /tmp/tmp.6DDiLFbZd0/experiment-work/libmany.so [0]: normal symbol `probe_3987'
   1934503:	binding file /tmp/tmp.6DDiLFbZd0/experiment-work/lazy [0] to /tmp/tmp.6DDiLFbZd0/experiment-work/libmany.so [0]: normal symbol `probe_3988'
   1934503:	binding file /tmp/tmp.6DDiLFbZd0/experiment-work/lazy [0] to /tmp/tmp.6DDiLFbZd0/experiment-work/libmany.so [0]: normal symbol `probe_3989'
   1934503:	binding file /tmp/tmp.6DDiLFbZd0/experiment-work/lazy [0] to /tmp/tmp.6DDiLFbZd0/experiment-work/libmany.so [0]: normal symbol `probe_3990'
   1934503:	binding file /tmp/tmp.6DDiLFbZd0/experiment-work/lazy [0] to /tmp/tmp.6DDiLFbZd0/experiment-work/libmany.so [0]: normal symbol `probe_3991'
   1934503:	binding file /tmp/tmp.6DDiLFbZd0/experiment-work/lazy [0] to /tmp/tmp.6DDiLFbZd0/experiment-work/libmany.so [0]: normal symbol `probe_3992'
   1934503:	binding file /tmp/tmp.6DDiLFbZd0/experiment-work/lazy [0] to /tmp/tmp.6DDiLFbZd0/experiment-work/libmany.so [0]: normal symbol `probe_3993'
   1934503:	binding file /tmp/tmp.6DDiLFbZd0/experiment-work/lazy [0] to /tmp/tmp.6DDiLFbZd0/experiment-work/libmany.so [0]: normal symbol `probe_3994'
   1934503:	binding file /tmp/tmp.6DDiLFbZd0/experiment-work/lazy [0] to /tmp/tmp.6DDiLFbZd0/experiment-work/libmany.so [0]: normal symbol `probe_3995'
   1934503:	binding file /tmp/tmp.6DDiLFbZd0/experiment-work/lazy [0] to /tmp/tmp.6DDiLFbZd0/experiment-work/libmany.so [0]: normal symbol `probe_3996'
   1934503:	binding file /tmp/tmp.6DDiLFbZd0/experiment-work/lazy [0] to /tmp/tmp.6DDiLFbZd0/experiment-work/libmany.so [0]: normal symbol `probe_3997'
   1934503:	binding file /tmp/tmp.6DDiLFbZd0/experiment-work/lazy [0] to /tmp/tmp.6DDiLFbZd0/experiment-work/libmany.so [0]: normal symbol `probe_3998'
   1934503:	binding file /tmp/tmp.6DDiLFbZd0/experiment-work/lazy [0] to /tmp/tmp.6DDiLFbZd0/experiment-work/libmany.so [0]: normal symbol `probe_3999'
   1934503:	binding file /tmp/tmp.6DDiLFbZd0/experiment-work/lazy [0] to /tmp/tmp.6DDiLFbZd0/experiment-work/libmany.so [0]: normal symbol `probe_4000'
   1934503:	binding file /tmp/tmp.6DDiLFbZd0/experiment-work/lazy [0] to /tmp/tmp.6DDiLFbZd0/experiment-work/libmany.so [0]: normal symbol `probe_4001'
   1934503:	binding file /tmp/tmp.6DDiLFbZd0/experiment-work/lazy [0] to /tmp/tmp.6DDiLFbZd0/experiment-work/libmany.so [0]: normal symbol `probe_4002'
   1934503:	binding file /tmp/tmp.6DDiLFbZd0/experiment-work/lazy [0] to /tmp/tmp.6DDiLFbZd0/experiment-work/libmany.so [0]: normal symbol `probe_4003'
   1934503:	binding file /tmp/tmp.6DDiLFbZd0/experiment-work/lazy [0] to /tmp/tmp.6DDiLFbZd0/experiment-work/libmany.so [0]: normal symbol `probe_4004'
   1934503:	binding file /tmp/tmp.6DDiLFbZd0/experiment-work/lazy [0] to /tmp/tmp.6DDiLFbZd0/experiment-work/libmany.so [0]: normal symbol `probe_4005'
   1934503:	binding file /tmp/tmp.6DDiLFbZd0/experiment-work/lazy [0] to /tmp/tmp.6DDiLFbZd0/experiment-work/libmany.so [0]: normal symbol `probe_4006'
   1934503:	binding file /tmp/tmp.6DDiLFbZd0/experiment-work/lazy [0] to /tmp/tmp.6DDiLFbZd0/experiment-work/libmany.so [0]: normal symbol `probe_4007'
   1934503:	binding file /tmp/tmp.6DDiLFbZd0/experiment-work/lazy [0] to /tmp/tmp.6DDiLFbZd0/experiment-work/libmany.so [0]: normal symbol `probe_4008'
   1934503:	binding file /tmp/tmp.6DDiLFbZd0/experiment-work/lazy [0] to /tmp/tmp.6DDiLFbZd0/experiment-work/libmany.so [0]: normal symbol `probe_4009'
   1934503:	binding file /tmp/tmp.6DDiLFbZd0/experiment-work/lazy [0] to /tmp/tmp.6DDiLFbZd0/experiment-work/libmany.so [0]: normal symbol `probe_4010'
   1934503:	binding file /tmp/tmp.6DDiLFbZd0/experiment-work/lazy [0] to /tmp/tmp.6DDiLFbZd0/experiment-work/libmany.so [0]: normal symbol `probe_4011'
   1934503:	binding file /tmp/tmp.6DDiLFbZd0/experiment-work/lazy [0] to /tmp/tmp.6DDiLFbZd0/experiment-work/libmany.so [0]: normal symbol `probe_4012'
   1934503:	binding file /tmp/tmp.6DDiLFbZd0/experiment-work/lazy [0] to /tmp/tmp.6DDiLFbZd0/experiment-work/libmany.so [0]: normal symbol `probe_4013'
   1934503:	binding file /tmp/tmp.6DDiLFbZd0/experiment-work/lazy [0] to /tmp/tmp.6DDiLFbZd0/experiment-work/libmany.so [0]: normal symbol `probe_4014'
   1934503:	binding file /tmp/tmp.6DDiLFbZd0/experiment-work/lazy [0] to /tmp/tmp.6DDiLFbZd0/experiment-work/libmany.so [0]: normal symbol `probe_4015'
   1934503:	binding file /tmp/tmp.6DDiLFbZd0/experiment-work/lazy [0] to /tmp/tmp.6DDiLFbZd0/experiment-work/libmany.so [0]: normal symbol `probe_4016'
   1934503:	binding file /tmp/tmp.6DDiLFbZd0/experiment-work/lazy [0] to /tmp/tmp.6DDiLFbZd0/experiment-work/libmany.so [0]: normal symbol `probe_4017'
   1934503:	binding file /tmp/tmp.6DDiLFbZd0/experiment-work/lazy [0] to /tmp/tmp.6DDiLFbZd0/experiment-work/libmany.so [0]: normal symbol `probe_4018'
   1934503:	binding file /tmp/tmp.6DDiLFbZd0/experiment-work/lazy [0] to /tmp/tmp.6DDiLFbZd0/experiment-work/libmany.so [0]: normal symbol `probe_4019'
   1934503:	binding file /tmp/tmp.6DDiLFbZd0/experiment-work/lazy [0] to /tmp/tmp.6DDiLFbZd0/experiment-work/libmany.so [0]: normal symbol `probe_4020'
   1934503:	binding file /tmp/tmp.6DDiLFbZd0/experiment-work/lazy [0] to /tmp/tmp.6DDiLFbZd0/experiment-work/libmany.so [0]: normal symbol `probe_4021'
   1934503:	binding file /tmp/tmp.6DDiLFbZd0/experiment-work/lazy [0] to /tmp/tmp.6DDiLFbZd0/experiment-work/libmany.so [0]: normal symbol `probe_4022'
   1934503:	binding file /tmp/tmp.6DDiLFbZd0/experiment-work/lazy [0] to /tmp/tmp.6DDiLFbZd0/experiment-work/libmany.so [0]: normal symbol `probe_4023'
   1934503:	binding file /tmp/tmp.6DDiLFbZd0/experiment-work/lazy [0] to /tmp/tmp.6DDiLFbZd0/experiment-work/libmany.so [0]: normal symbol `probe_4024'
   1934503:	binding file /tmp/tmp.6DDiLFbZd0/experiment-work/lazy [0] to /tmp/tmp.6DDiLFbZd0/experiment-work/libmany.so [0]: normal symbol `probe_4025'
   1934503:	binding file /tmp/tmp.6DDiLFbZd0/experiment-work/lazy [0] to /tmp/tmp.6DDiLFbZd0/experiment-work/libmany.so [0]: normal symbol `probe_4026'
   1934503:	binding file /tmp/tmp.6DDiLFbZd0/experiment-work/lazy [0] to /tmp/tmp.6DDiLFbZd0/experiment-work/libmany.so [0]: normal symbol `probe_4027'
   1934503:	binding file /tmp/tmp.6DDiLFbZd0/experiment-work/lazy [0] to /tmp/tmp.6DDiLFbZd0/experiment-work/libmany.so [0]: normal symbol `probe_4028'
   1934503:	binding file /tmp/tmp.6DDiLFbZd0/experiment-work/lazy [0] to /tmp/tmp.6DDiLFbZd0/experiment-work/libmany.so [0]: normal symbol `probe_4029'
   1934503:	binding file /tmp/tmp.6DDiLFbZd0/experiment-work/lazy [0] to /tmp/tmp.6DDiLFbZd0/experiment-work/libmany.so [0]: normal symbol `probe_4030'
   1934503:	binding file /tmp/tmp.6DDiLFbZd0/experiment-work/lazy [0] to /tmp/tmp.6DDiLFbZd0/experiment-work/libmany.so [0]: normal symbol `probe_4031'
   1934503:	binding file /tmp/tmp.6DDiLFbZd0/experiment-work/lazy [0] to /tmp/tmp.6DDiLFbZd0/experiment-work/libmany.so [0]: normal symbol `probe_4032'
   1934503:	binding file /tmp/tmp.6DDiLFbZd0/experiment-work/lazy [0] to /tmp/tmp.6DDiLFbZd0/experiment-work/libmany.so [0]: normal symbol `probe_4033'
   1934503:	binding file /tmp/tmp.6DDiLFbZd0/experiment-work/lazy [0] to /tmp/tmp.6DDiLFbZd0/experiment-work/libmany.so [0]: normal symbol `probe_4034'
   1934503:	binding file /tmp/tmp.6DDiLFbZd0/experiment-work/lazy [0] to /tmp/tmp.6DDiLFbZd0/experiment-work/libmany.so [0]: normal symbol `probe_4035'
   1934503:	binding file /tmp/tmp.6DDiLFbZd0/experiment-work/lazy [0] to /tmp/tmp.6DDiLFbZd0/experiment-work/libmany.so [0]: normal symbol `probe_4036'
   1934503:	binding file /tmp/tmp.6DDiLFbZd0/experiment-work/lazy [0] to /tmp/tmp.6DDiLFbZd0/experiment-work/libmany.so [0]: normal symbol `probe_4037'
   1934503:	binding file /tmp/tmp.6DDiLFbZd0/experiment-work/lazy [0] to /tmp/tmp.6DDiLFbZd0/experiment-work/libmany.so [0]: normal symbol `probe_4038'
   1934503:	binding file /tmp/tmp.6DDiLFbZd0/experiment-work/lazy [0] to /tmp/tmp.6DDiLFbZd0/experiment-work/libmany.so [0]: normal symbol `probe_4039'
   1934503:	binding file /tmp/tmp.6DDiLFbZd0/experiment-work/lazy [0] to /tmp/tmp.6DDiLFbZd0/experiment-work/libmany.so [0]: normal symbol `probe_4040'
   1934503:	binding file /tmp/tmp.6DDiLFbZd0/experiment-work/lazy [0] to /tmp/tmp.6DDiLFbZd0/experiment-work/libmany.so [0]: normal symbol `probe_4041'
   1934503:	binding file /tmp/tmp.6DDiLFbZd0/experiment-work/lazy [0] to /tmp/tmp.6DDiLFbZd0/experiment-work/libmany.so [0]: normal symbol `probe_4042'
   1934503:	binding file /tmp/tmp.6DDiLFbZd0/experiment-work/lazy [0] to /tmp/tmp.6DDiLFbZd0/experiment-work/libmany.so [0]: normal symbol `probe_4043'
   1934503:	binding file /tmp/tmp.6DDiLFbZd0/experiment-work/lazy [0] to /tmp/tmp.6DDiLFbZd0/experiment-work/libmany.so [0]: normal symbol `probe_4044'
   1934503:	binding file /tmp/tmp.6DDiLFbZd0/experiment-work/lazy [0] to /tmp/tmp.6DDiLFbZd0/experiment-work/libmany.so [0]: normal symbol `probe_4045'
   1934503:	binding file /tmp/tmp.6DDiLFbZd0/experiment-work/lazy [0] to /tmp/tmp.6DDiLFbZd0/experiment-work/libmany.so [0]: normal symbol `probe_4046'
   1934503:	binding file /tmp/tmp.6DDiLFbZd0/experiment-work/lazy [0] to /tmp/tmp.6DDiLFbZd0/experiment-work/libmany.so [0]: normal symbol `probe_4047'
   1934503:	binding file /tmp/tmp.6DDiLFbZd0/experiment-work/lazy [0] to /tmp/tmp.6DDiLFbZd0/experiment-work/libmany.so [0]: normal symbol `probe_4048'
   1934503:	binding file /tmp/tmp.6DDiLFbZd0/experiment-work/lazy [0] to /tmp/tmp.6DDiLFbZd0/experiment-work/libmany.so [0]: normal symbol `probe_4049'
   1934503:	binding file /tmp/tmp.6DDiLFbZd0/experiment-work/lazy [0] to /tmp/tmp.6DDiLFbZd0/experiment-work/libmany.so [0]: normal symbol `probe_4050'
   1934503:	binding file /tmp/tmp.6DDiLFbZd0/experiment-work/lazy [0] to /tmp/tmp.6DDiLFbZd0/experiment-work/libmany.so [0]: normal symbol `probe_4051'
   1934503:	binding file /tmp/tmp.6DDiLFbZd0/experiment-work/lazy [0] to /tmp/tmp.6DDiLFbZd0/experiment-work/libmany.so [0]: normal symbol `probe_4052'
   1934503:	binding file /tmp/tmp.6DDiLFbZd0/experiment-work/lazy [0] to /tmp/tmp.6DDiLFbZd0/experiment-work/libmany.so [0]: normal symbol `probe_4053'
   1934503:	binding file /tmp/tmp.6DDiLFbZd0/experiment-work/lazy [0] to /tmp/tmp.6DDiLFbZd0/experiment-work/libmany.so [0]: normal symbol `probe_4054'
   1934503:	binding file /tmp/tmp.6DDiLFbZd0/experiment-work/lazy [0] to /tmp/tmp.6DDiLFbZd0/experiment-work/libmany.so [0]: normal symbol `probe_4055'
   1934503:	binding file /tmp/tmp.6DDiLFbZd0/experiment-work/lazy [0] to /tmp/tmp.6DDiLFbZd0/experiment-work/libmany.so [0]: normal symbol `probe_4056'
   1934503:	binding file /tmp/tmp.6DDiLFbZd0/experiment-work/lazy [0] to /tmp/tmp.6DDiLFbZd0/experiment-work/libmany.so [0]: normal symbol `probe_4057'
   1934503:	binding file /tmp/tmp.6DDiLFbZd0/experiment-work/lazy [0] to /tmp/tmp.6DDiLFbZd0/experiment-work/libmany.so [0]: normal symbol `probe_4058'
   1934503:	binding file /tmp/tmp.6DDiLFbZd0/experiment-work/lazy [0] to /tmp/tmp.6DDiLFbZd0/experiment-work/libmany.so [0]: normal symbol `probe_4059'
   1934503:	binding file /tmp/tmp.6DDiLFbZd0/experiment-work/lazy [0] to /tmp/tmp.6DDiLFbZd0/experiment-work/libmany.so [0]: normal symbol `probe_4060'
   1934503:	binding file /tmp/tmp.6DDiLFbZd0/experiment-work/lazy [0] to /tmp/tmp.6DDiLFbZd0/experiment-work/libmany.so [0]: normal symbol `probe_4061'
   1934503:	binding file /tmp/tmp.6DDiLFbZd0/experiment-work/lazy [0] to /tmp/tmp.6DDiLFbZd0/experiment-work/libmany.so [0]: normal symbol `probe_4062'
   1934503:	binding file /tmp/tmp.6DDiLFbZd0/experiment-work/lazy [0] to /tmp/tmp.6DDiLFbZd0/experiment-work/libmany.so [0]: normal symbol `probe_4063'
   1934503:	binding file /tmp/tmp.6DDiLFbZd0/experiment-work/lazy [0] to /tmp/tmp.6DDiLFbZd0/experiment-work/libmany.so [0]: normal symbol `probe_4064'
   1934503:	binding file /tmp/tmp.6DDiLFbZd0/experiment-work/lazy [0] to /tmp/tmp.6DDiLFbZd0/experiment-work/libmany.so [0]: normal symbol `probe_4065'
   1934503:	binding file /tmp/tmp.6DDiLFbZd0/experiment-work/lazy [0] to /tmp/tmp.6DDiLFbZd0/experiment-work/libmany.so [0]: normal symbol `probe_4066'
   1934503:	binding file /tmp/tmp.6DDiLFbZd0/experiment-work/lazy [0] to /tmp/tmp.6DDiLFbZd0/experiment-work/libmany.so [0]: normal symbol `probe_4067'
   1934503:	binding file /tmp/tmp.6DDiLFbZd0/experiment-work/lazy [0] to /tmp/tmp.6DDiLFbZd0/experiment-work/libmany.so [0]: normal symbol `probe_4068'
   1934503:	binding file /tmp/tmp.6DDiLFbZd0/experiment-work/lazy [0] to /tmp/tmp.6DDiLFbZd0/experiment-work/libmany.so [0]: normal symbol `probe_4069'
   1934503:	binding file /tmp/tmp.6DDiLFbZd0/experiment-work/lazy [0] to /tmp/tmp.6DDiLFbZd0/experiment-work/libmany.so [0]: normal symbol `probe_4070'
   1934503:	binding file /tmp/tmp.6DDiLFbZd0/experiment-work/lazy [0] to /tmp/tmp.6DDiLFbZd0/experiment-work/libmany.so [0]: normal symbol `probe_4071'
   1934503:	binding file /tmp/tmp.6DDiLFbZd0/experiment-work/lazy [0] to /tmp/tmp.6DDiLFbZd0/experiment-work/libmany.so [0]: normal symbol `probe_4072'
   1934503:	binding file /tmp/tmp.6DDiLFbZd0/experiment-work/lazy [0] to /tmp/tmp.6DDiLFbZd0/experiment-work/libmany.so [0]: normal symbol `probe_4073'
   1934503:	binding file /tmp/tmp.6DDiLFbZd0/experiment-work/lazy [0] to /tmp/tmp.6DDiLFbZd0/experiment-work/libmany.so [0]: normal symbol `probe_4074'
   1934503:	binding file /tmp/tmp.6DDiLFbZd0/experiment-work/lazy [0] to /tmp/tmp.6DDiLFbZd0/experiment-work/libmany.so [0]: normal symbol `probe_4075'
   1934503:	binding file /tmp/tmp.6DDiLFbZd0/experiment-work/lazy [0] to /tmp/tmp.6DDiLFbZd0/experiment-work/libmany.so [0]: normal symbol `probe_4076'
   1934503:	binding file /tmp/tmp.6DDiLFbZd0/experiment-work/lazy [0] to /tmp/tmp.6DDiLFbZd0/experiment-work/libmany.so [0]: normal symbol `probe_4077'
   1934503:	binding file /tmp/tmp.6DDiLFbZd0/experiment-work/lazy [0] to /tmp/tmp.6DDiLFbZd0/experiment-work/libmany.so [0]: normal symbol `probe_4078'
   1934503:	binding file /tmp/tmp.6DDiLFbZd0/experiment-work/lazy [0] to /tmp/tmp.6DDiLFbZd0/experiment-work/libmany.so [0]: normal symbol `probe_4079'
   1934503:	binding file /tmp/tmp.6DDiLFbZd0/experiment-work/lazy [0] to /tmp/tmp.6DDiLFbZd0/experiment-work/libmany.so [0]: normal symbol `probe_4080'
   1934503:	binding file /tmp/tmp.6DDiLFbZd0/experiment-work/lazy [0] to /tmp/tmp.6DDiLFbZd0/experiment-work/libmany.so [0]: normal symbol `probe_4081'
   1934503:	binding file /tmp/tmp.6DDiLFbZd0/experiment-work/lazy [0] to /tmp/tmp.6DDiLFbZd0/experiment-work/libmany.so [0]: normal symbol `probe_4082'
   1934503:	binding file /tmp/tmp.6DDiLFbZd0/experiment-work/lazy [0] to /tmp/tmp.6DDiLFbZd0/experiment-work/libmany.so [0]: normal symbol `probe_4083'
   1934503:	binding file /tmp/tmp.6DDiLFbZd0/experiment-work/lazy [0] to /tmp/tmp.6DDiLFbZd0/experiment-work/libmany.so [0]: normal symbol `probe_4084'
   1934503:	binding file /tmp/tmp.6DDiLFbZd0/experiment-work/lazy [0] to /tmp/tmp.6DDiLFbZd0/experiment-work/libmany.so [0]: normal symbol `probe_4085'
   1934503:	binding file /tmp/tmp.6DDiLFbZd0/experiment-work/lazy [0] to /tmp/tmp.6DDiLFbZd0/experiment-work/libmany.so [0]: normal symbol `probe_4086'
   1934503:	binding file /tmp/tmp.6DDiLFbZd0/experiment-work/lazy [0] to /tmp/tmp.6DDiLFbZd0/experiment-work/libmany.so [0]: normal symbol `probe_4087'
   1934503:	binding file /tmp/tmp.6DDiLFbZd0/experiment-work/lazy [0] to /tmp/tmp.6DDiLFbZd0/experiment-work/libmany.so [0]: normal symbol `probe_4088'
   1934503:	binding file /tmp/tmp.6DDiLFbZd0/experiment-work/lazy [0] to /tmp/tmp.6DDiLFbZd0/experiment-work/libmany.so [0]: normal symbol `probe_4089'
   1934503:	binding file /tmp/tmp.6DDiLFbZd0/experiment-work/lazy [0] to /tmp/tmp.6DDiLFbZd0/experiment-work/libmany.so [0]: normal symbol `probe_4090'
   1934503:	binding file /tmp/tmp.6DDiLFbZd0/experiment-work/lazy [0] to /tmp/tmp.6DDiLFbZd0/experiment-work/libmany.so [0]: normal symbol `probe_4091'
   1934503:	binding file /tmp/tmp.6DDiLFbZd0/experiment-work/lazy [0] to /tmp/tmp.6DDiLFbZd0/experiment-work/libmany.so [0]: normal symbol `probe_4092'
   1934503:	binding file /tmp/tmp.6DDiLFbZd0/experiment-work/lazy [0] to /tmp/tmp.6DDiLFbZd0/experiment-work/libmany.so [0]: normal symbol `probe_4093'
   1934503:	binding file /tmp/tmp.6DDiLFbZd0/experiment-work/lazy [0] to /tmp/tmp.6DDiLFbZd0/experiment-work/libmany.so [0]: normal symbol `probe_4094'
   1934503:	binding file /tmp/tmp.6DDiLFbZd0/experiment-work/lazy [0] to /tmp/tmp.6DDiLFbZd0/experiment-work/libmany.so [0]: normal symbol `probe_4095'
   1934503:	binding file /tmp/tmp.6DDiLFbZd0/experiment-work/lazy [0] to /lib64/libc.so.6 [0]: normal symbol `printf' [GLIBC_2.2.5]
   1934503:	
   1934503:	calling fini: /tmp/tmp.6DDiLFbZd0/experiment-work/lazy [0]
   1934503:	
   1934503:	binding file /tmp/tmp.6DDiLFbZd0/experiment-work/lazy [0] to /lib64/libc.so.6 [0]: normal symbol `__cxa_finalize' [GLIBC_2.2.5]
   1934503:	
   1934503:	calling fini: /tmp/tmp.6DDiLFbZd0/experiment-work/libmany.so [0]
   1934503:	
   1934503:	binding file /tmp/tmp.6DDiLFbZd0/experiment-work/libmany.so [0] to /lib64/libc.so.6 [0]: normal symbol `__cxa_finalize' [GLIBC_2.2.5]
   1934503:	
   1934503:	runtime linker statistics:
   1934503:	           final number of relocations: 4208
   1934503:	final number of relocations from cache: 3
